input,stage,seconds,base_input,repeat,skipped,prediction_windows,seconds_per_prediction_window,skip_reason,milliseconds
setup,reference_scaler_reconstruction,0.6171784750185907,,,,,,,617.1784750185907
setup,clip_model_load,6.961099372943863,,,,,,,6961.099372943863
setup,fairness_checkpoint_load,0.3169037268962711,,,,,,,316.9037268962711
setup,setup_total,8.095544531010091,,,,,,,8095.544531010091
group01_experiment01_subject_08_repeat1,raw_csv_load,0.2866992230992764,group01_experiment01_subject_08,1.0,False,291.0,0.0009852206979356578,,286.6992230992764
group01_experiment01_subject_08_repeat1,image_path_resolution,3.0408495960291475,group01_experiment01_subject_08,1.0,False,291.0,0.010449654969172328,,3040.8495960291475
group01_experiment01_subject_08_repeat1,temporal_sensor_image_alignment,1.086391295073554,group01_experiment01_subject_08,1.0,False,291.0,0.003733303419496749,,1086.391295073554
group01_experiment01_subject_08_repeat1,aggregated_parquet_write,0.028966149082407355,group01_experiment01_subject_08,1.0,False,291.0,9.954003121102184e-05,,28.966149082407355
group01_experiment01_subject_08_repeat1,aggregated_parquet_read_and_preprocessing,0.020035729045048356,group01_experiment01_subject_08,1.0,False,291.0,6.885130256030363e-05,,20.035729045048356
group01_experiment01_subject_08_repeat1,clip_vitl14_embeddings,12.205734807997942,group01_experiment01_subject_08,1.0,False,291.0,0.041944105869408735,,12205.734807997942
group01_experiment01_subject_08_repeat1,clip_feature_store_write_and_read,0.020455023040995002,group01_experiment01_subject_08,1.0,False,291.0,7.029217539860826e-05,,20.455023040995002
group01_experiment01_subject_08_repeat1,temporal_window_construction,0.2689430599566549,group01_experiment01_subject_08,1.0,False,291.0,0.0009242029551775083,,268.9430599566549
group01_experiment01_subject_08_repeat1,fairness_model_prediction,0.4547964730300009,group01_experiment01_subject_08,1.0,False,291.0,0.0015628744777663262,,454.7964730300009
group01_experiment01_subject_08_repeat1,end_to_end_unknown_data,17.415468070888892,group01_experiment01_subject_08,1.0,False,291.0,0.05984696931576939,,17415.46807088889
group01_experiment01_subject_08_repeat1,cold_start_plus_end_to_end,25.511012601898983,group01_experiment01_subject_08,1.0,False,291.0,0.08766670997216146,,25511.012601898983
group01_experiment01_subject_10_repeat1,raw_csv_load,0.2808750718832016,group01_experiment01_subject_10,1.0,False,291.0,0.0009652064325883216,,280.8750718832016
group01_experiment01_subject_10_repeat1,image_path_resolution,3.113558293087408,group01_experiment01_subject_10,1.0,False,291.0,0.010699513034664631,,3113.558293087408
group01_experiment01_subject_10_repeat1,temporal_sensor_image_alignment,1.0188874339219183,group01_experiment01_subject_10,1.0,False,291.0,0.003501331388047829,,1018.8874339219183
group01_experiment01_subject_10_repeat1,aggregated_parquet_write,0.01821644091978669,group01_experiment01_subject_10,1.0,False,291.0,6.259945333260031e-05,,18.21644091978669
group01_experiment01_subject_10_repeat1,aggregated_parquet_read_and_preprocessing,0.017930464120581746,group01_experiment01_subject_10,1.0,False,291.0,6.161671519100256e-05,,17.930464120581746
group01_experiment01_subject_10_repeat1,clip_vitl14_embeddings,9.810603502904996,group01_experiment01_subject_10,1.0,False,291.0,0.03371341409932988,,9810.603502904996
group01_experiment01_subject_10_repeat1,clip_feature_store_write_and_read,0.01821993407793343,group01_experiment01_subject_10,1.0,False,291.0,6.261145731248602e-05,,18.21993407793343
group01_experiment01_subject_10_repeat1,temporal_window_construction,0.2550097780767828,group01_experiment01_subject_10,1.0,False,291.0,0.0008763222614322434,,255.00977807678282
group01_experiment01_subject_10_repeat1,fairness_model_prediction,0.2963109388947487,group01_experiment01_subject_10,1.0,False,291.0,0.0010182506491228478,,296.3109388947487
group01_experiment01_subject_10_repeat1,end_to_end_unknown_data,14.830910252174363,group01_experiment01_subject_10,1.0,False,291.0,0.05096532732705966,,14830.910252174363
group01_experiment01_subject_10_repeat1,cold_start_plus_end_to_end,22.926454783184454,group01_experiment01_subject_10,1.0,False,291.0,0.07878506798345174,,22926.454783184454
group01_experiment01_subject_15_repeat1,raw_csv_load,0.2996401300188154,group01_experiment01_subject_15,1.0,False,291.0,0.0010296911684495374,,299.6401300188154
group01_experiment01_subject_15_repeat1,image_path_resolution,4.093557798070833,group01_experiment01_subject_15,1.0,False,291.0,0.014067208928078464,,4093.557798070833
group01_experiment01_subject_15_repeat1,temporal_sensor_image_alignment,1.142726403195411,group01_experiment01_subject_15,1.0,False,291.0,0.0039268948563416185,,1142.726403195411
group01_experiment01_subject_15_repeat1,aggregated_parquet_write,0.019056669902056456,group01_experiment01_subject_15,1.0,False,291.0,6.548683815139676e-05,,19.056669902056456
group01_experiment01_subject_15_repeat1,aggregated_parquet_read_and_preprocessing,0.018173362826928496,group01_experiment01_subject_15,1.0,False,291.0,6.245141864923881e-05,,18.173362826928496
group01_experiment01_subject_15_repeat1,clip_vitl14_embeddings,13.330653151962906,group01_experiment01_subject_15,1.0,False,291.0,0.04580980464592064,,13330.653151962906
group01_experiment01_subject_15_repeat1,clip_feature_store_write_and_read,0.019447513157501817,group01_experiment01_subject_15,1.0,False,291.0,6.682994212199937e-05,,19.447513157501817
group01_experiment01_subject_15_repeat1,temporal_window_construction,0.25822640396654606,group01_experiment01_subject_15,1.0,False,291.0,0.0008873759586479246,,258.22640396654606
group01_experiment01_subject_15_repeat1,fairness_model_prediction,0.29693398298695683,group01_experiment01_subject_15,1.0,False,291.0,0.0010203916941132537,,296.93398298695683
group01_experiment01_subject_15_repeat1,end_to_end_unknown_data,19.479763170005754,group01_experiment01_subject_15,1.0,False,291.0,0.06694076690723627,,19479.763170005754
group01_experiment01_subject_15_repeat1,cold_start_plus_end_to_end,27.575307701015845,group01_experiment01_subject_15,1.0,False,291.0,0.09476050756362833,,27575.307701015845
group01_experiment01_subject_18_repeat1,raw_csv_load,0.30021609901450574,group01_experiment01_subject_18,1.0,False,291.0,0.001031670443348817,,300.21609901450574
group01_experiment01_subject_18_repeat1,image_path_resolution,3.859331749146804,group01_experiment01_subject_18,1.0,False,291.0,0.013262308416312043,,3859.331749146804
group01_experiment01_subject_18_repeat1,temporal_sensor_image_alignment,1.122506643179804,group01_experiment01_subject_18,1.0,False,291.0,0.00385741114494778,,1122.506643179804
group01_experiment01_subject_18_repeat1,aggregated_parquet_write,0.019391747191548347,group01_experiment01_subject_18,1.0,False,291.0,6.663830650016614e-05,,19.391747191548347
group01_experiment01_subject_18_repeat1,aggregated_parquet_read_and_preprocessing,0.018685056129470468,group01_experiment01_subject_18,1.0,False,291.0,6.420981487790538e-05,,18.685056129470468
group01_experiment01_subject_18_repeat1,clip_vitl14_embeddings,12.223436218919232,group01_experiment01_subject_18,1.0,False,291.0,0.04200493546020355,,12223.436218919232
group01_experiment01_subject_18_repeat1,clip_feature_store_write_and_read,0.019177654990926385,group01_experiment01_subject_18,1.0,False,291.0,6.59025944705374e-05,,19.177654990926385
group01_experiment01_subject_18_repeat1,temporal_window_construction,0.2523307651281357,group01_experiment01_subject_18,1.0,False,291.0,0.0008671160313681638,,252.33076512813568
group01_experiment01_subject_18_repeat1,fairness_model_prediction,0.3033971069380641,group01_experiment01_subject_18,1.0,False,291.0,0.001042601742055203,,303.3971069380641
group01_experiment01_subject_18_repeat1,end_to_end_unknown_data,18.119730561971664,group01_experiment01_subject_18,1.0,False,291.0,0.06226711533323596,,18119.730561971664
group01_experiment01_subject_18_repeat1,cold_start_plus_end_to_end,26.215275092981756,group01_experiment01_subject_18,1.0,False,291.0,0.09008685598962803,,26215.275092981756
group01_experiment02_subject_08_repeat1,raw_csv_load,0.2782504621427506,group01_experiment02_subject_08,1.0,False,291.0,0.0009561871551297273,,278.2504621427506
group01_experiment02_subject_08_repeat1,image_path_resolution,4.198226505191997,group01_experiment02_subject_08,1.0,False,291.0,0.01442689520684535,,4198.226505191997
group01_experiment02_subject_08_repeat1,temporal_sensor_image_alignment,1.1025221720337868,group01_experiment02_subject_08,1.0,False,291.0,0.0037887359863704013,,1102.5221720337868
group01_experiment02_subject_08_repeat1,aggregated_parquet_write,0.01821475406177342,group01_experiment02_subject_08,1.0,False,291.0,6.25936565696681e-05,,18.21475406177342
group01_experiment02_subject_08_repeat1,aggregated_parquet_read_and_preprocessing,0.018526247004047036,group01_experiment02_subject_08,1.0,False,291.0,6.366407905170803e-05,,18.526247004047036
group01_experiment02_subject_08_repeat1,clip_vitl14_embeddings,12.368386407149956,group01_experiment02_subject_08,1.0,False,291.0,0.04250304607268026,,12368.386407149956
group01_experiment02_subject_08_repeat1,clip_feature_store_write_and_read,0.018741283798590302,group01_experiment02_subject_08,1.0,False,291.0,6.440303710855774e-05,,18.741283798590302
group01_experiment02_subject_08_repeat1,temporal_window_construction,0.25054872687906027,group01_experiment02_subject_08,1.0,False,291.0,0.000860992188587836,,250.54872687906027
group01_experiment02_subject_08_repeat1,fairness_model_prediction,0.3036028041969985,group01_experiment02_subject_08,1.0,False,291.0,0.0010433086054879672,,303.6028041969985
group01_experiment02_subject_08_repeat1,end_to_end_unknown_data,18.558574083959684,group01_experiment02_subject_08,1.0,False,291.0,0.06377516867340098,,18558.574083959684
group01_experiment02_subject_08_repeat1,cold_start_plus_end_to_end,26.654118614969775,group01_experiment02_subject_08,1.0,False,291.0,0.09159490932979304,,26654.118614969775
group01_experiment02_subject_10_repeat1,raw_csv_load,0.2825066610239446,group01_experiment02_subject_10,1.0,False,291.0,0.0009708132681235211,,282.5066610239446
group01_experiment02_subject_10_repeat1,image_path_resolution,3.5867407869081944,group01_experiment02_subject_10,1.0,False,291.0,0.01232556971446115,,3586.7407869081944
group01_experiment02_subject_10_repeat1,temporal_sensor_image_alignment,1.0553691838867962,group01_experiment02_subject_10,1.0,False,291.0,0.0036266982264151074,,1055.3691838867962
group01_experiment02_subject_10_repeat1,aggregated_parquet_write,0.01903864205814898,group01_experiment02_subject_10,1.0,False,291.0,6.542488679776282e-05,,19.03864205814898
group01_experiment02_subject_10_repeat1,aggregated_parquet_read_and_preprocessing,0.018605103017762303,group01_experiment02_subject_10,1.0,False,291.0,6.393506191670895e-05,,18.605103017762303
group01_experiment02_subject_10_repeat1,clip_vitl14_embeddings,13.077390358084813,group01_experiment02_subject_10,1.0,False,291.0,0.044939485766614475,,13077.390358084813
group01_experiment02_subject_10_repeat1,clip_feature_store_write_and_read,0.024450634140521288,group01_experiment02_subject_10,1.0,False,291.0,8.402279773375013e-05,,24.450634140521288
group01_experiment02_subject_10_repeat1,temporal_window_construction,0.2553466400131583,group01_experiment02_subject_10,1.0,False,291.0,0.0008774798625881729,,255.34664001315832
group01_experiment02_subject_10_repeat1,fairness_model_prediction,0.2935853828676045,group01_experiment02_subject_10,1.0,False,291.0,0.001008884477208263,,293.5853828676045
group01_experiment02_subject_10_repeat1,end_to_end_unknown_data,18.614354021847248,group01_experiment02_subject_10,1.0,False,291.0,0.06396685230875343,,18614.354021847248
group01_experiment02_subject_10_repeat1,cold_start_plus_end_to_end,26.70989855285734,group01_experiment02_subject_10,1.0,False,291.0,0.09178659296514549,,26709.89855285734
group01_experiment02_subject_15_repeat1,raw_csv_load,0.2955998280085623,group01_experiment02_subject_15,1.0,False,291.0,0.0010158069691015886,,295.5998280085623
group01_experiment02_subject_15_repeat1,image_path_resolution,3.3902722438797355,group01_experiment02_subject_15,1.0,False,291.0,0.011650420082060946,,3390.2722438797355
group01_experiment02_subject_15_repeat1,temporal_sensor_image_alignment,1.1353045811410993,group01_experiment02_subject_15,1.0,False,291.0,0.003901390313199654,,1135.3045811410993
group01_experiment02_subject_15_repeat1,aggregated_parquet_write,0.023042575921863317,group01_experiment02_subject_15,1.0,False,291.0,7.91841096971248e-05,,23.042575921863317
group01_experiment02_subject_15_repeat1,aggregated_parquet_read_and_preprocessing,0.024424372939392924,group01_experiment02_subject_15,1.0,False,291.0,8.393255305633308e-05,,24.424372939392924
group01_experiment02_subject_15_repeat1,clip_vitl14_embeddings,12.853738920995966,group01_experiment02_subject_15,1.0,False,291.0,0.0441709241271339,,12853.738920995966
group01_experiment02_subject_15_repeat1,clip_feature_store_write_and_read,0.02029348397627473,group01_experiment02_subject_15,1.0,False,291.0,6.973705833771385e-05,,20.29348397627473
group01_experiment02_subject_15_repeat1,temporal_window_construction,0.24934538290835917,group01_experiment02_subject_15,1.0,False,291.0,0.0008568569859393786,,249.34538290835917
group01_experiment02_subject_15_repeat1,fairness_model_prediction,0.2957648248411715,group01_experiment02_subject_15,1.0,False,291.0,0.0010163739685263625,,295.7648248411715
group01_experiment02_subject_15_repeat1,end_to_end_unknown_data,18.28916806494817,group01_experiment02_subject_15,1.0,False,291.0,0.06284937479363632,,18289.16806494817
group01_experiment02_subject_15_repeat1,cold_start_plus_end_to_end,26.384712595958263,group01_experiment02_subject_15,1.0,False,291.0,0.0906691154500284,,26384.712595958263
group01_experiment02_subject_18_repeat1,raw_csv_load,0.3131384009029716,group01_experiment02_subject_18,1.0,False,291.0,0.0010760769790480124,,313.1384009029716
group01_experiment02_subject_18_repeat1,image_path_resolution,3.740313374903053,group01_experiment02_subject_18,1.0,False,291.0,0.012853310566677158,,3740.313374903053
group01_experiment02_subject_18_repeat1,temporal_sensor_image_alignment,1.0945789068937302,group01_experiment02_subject_18,1.0,False,291.0,0.003761439542590138,,1094.5789068937302
group01_experiment02_subject_18_repeat1,aggregated_parquet_write,0.018697461113333702,group01_experiment02_subject_18,1.0,False,291.0,6.425244368843196e-05,,18.697461113333702
group01_experiment02_subject_18_repeat1,aggregated_parquet_read_and_preprocessing,0.021302626933902502,group01_experiment02_subject_18,1.0,False,291.0,7.320490355292956e-05,,21.302626933902502
group01_experiment02_subject_18_repeat1,clip_vitl14_embeddings,13.350883502978832,group01_experiment02_subject_18,1.0,False,291.0,0.04587932475250458,,13350.883502978832
group01_experiment02_subject_18_repeat1,clip_feature_store_write_and_read,0.01910620811395347,group01_experiment02_subject_18,1.0,False,291.0,6.565707255654114e-05,,19.10620811395347
group01_experiment02_subject_18_repeat1,temporal_window_construction,0.2496822641696781,group01_experiment02_subject_18,1.0,False,291.0,0.0008580146535040484,,249.6822641696781
group01_experiment02_subject_18_repeat1,fairness_model_prediction,0.2961475078482181,group01_experiment02_subject_18,1.0,False,291.0,0.0010176890304062476,,296.1475078482181
group01_experiment02_subject_18_repeat1,end_to_end_unknown_data,19.10515347099863,group01_experiment02_subject_18,1.0,False,291.0,0.06565344835394718,,19105.15347099863
group01_experiment02_subject_18_repeat1,cold_start_plus_end_to_end,27.20069800200872,group01_experiment02_subject_18,1.0,False,291.0,0.09347318901033924,,27200.69800200872
group01_experiment03_subject_08_repeat1,raw_csv_load,0.2905381580349058,group01_experiment03_subject_08,1.0,False,290.0,0.001001855717361744,,290.5381580349058
group01_experiment03_subject_08_repeat1,image_path_resolution,3.769262365065515,group01_experiment03_subject_08,1.0,False,290.0,0.012997456431260396,,3769.262365065515
group01_experiment03_subject_08_repeat1,temporal_sensor_image_alignment,1.1946450171526521,group01_experiment03_subject_08,1.0,False,290.0,0.004119465576388455,,1194.6450171526521
group01_experiment03_subject_08_repeat1,aggregated_parquet_write,0.01965976203791797,group01_experiment03_subject_08,1.0,False,290.0,6.779228288937232e-05,,19.65976203791797
group01_experiment03_subject_08_repeat1,aggregated_parquet_read_and_preprocessing,0.02513691713102162,group01_experiment03_subject_08,1.0,False,290.0,8.667902458972972e-05,,25.13691713102162
group01_experiment03_subject_08_repeat1,clip_vitl14_embeddings,12.78700297488831,group01_experiment03_subject_08,1.0,False,290.0,0.044093113706511415,,12787.00297488831
group01_experiment03_subject_08_repeat1,clip_feature_store_write_and_read,0.020851586014032364,group01_experiment03_subject_08,1.0,False,290.0,7.190202073804263e-05,,20.851586014032364
group01_experiment03_subject_08_repeat1,temporal_window_construction,0.2506038818974048,group01_experiment03_subject_08,1.0,False,290.0,0.0008641513168876027,,250.6038818974048
group01_experiment03_subject_08_repeat1,fairness_model_prediction,0.29432074283249676,group01_experiment03_subject_08,1.0,False,290.0,0.001014899113215506,,294.32074283249676
group01_experiment03_subject_08_repeat1,end_to_end_unknown_data,18.654279654147103,group01_experiment03_subject_08,1.0,False,290.0,0.06432510225567967,,18654.279654147103
group01_experiment03_subject_08_repeat1,cold_start_plus_end_to_end,26.749824185157195,group01_experiment03_subject_08,1.0,False,290.0,0.09224077305226619,,26749.824185157195
group01_experiment03_subject_10_repeat1,raw_csv_load,0.30952037521637976,group01_experiment03_subject_10,1.0,False,291.0,0.0010636439010872157,,309.52037521637976
group01_experiment03_subject_10_repeat1,image_path_resolution,3.3998606659006327,group01_experiment03_subject_10,1.0,False,291.0,0.011683369985912828,,3399.8606659006327
group01_experiment03_subject_10_repeat1,temporal_sensor_image_alignment,1.2418278770055622,group01_experiment03_subject_10,1.0,False,291.0,0.004267449749160008,,1241.8278770055622
group01_experiment03_subject_10_repeat1,aggregated_parquet_write,0.01985354395583272,group01_experiment03_subject_10,1.0,False,291.0,6.822523696162447e-05,,19.85354395583272
group01_experiment03_subject_10_repeat1,aggregated_parquet_read_and_preprocessing,0.02058973303064704,group01_experiment03_subject_10,1.0,False,291.0,7.075509632524755e-05,,20.58973303064704
group01_experiment03_subject_10_repeat1,clip_vitl14_embeddings,12.81055546598509,group01_experiment03_subject_10,1.0,False,291.0,0.044022527374519206,,12810.55546598509
group01_experiment03_subject_10_repeat1,clip_feature_store_write_and_read,0.020913385087624192,group01_experiment03_subject_10,1.0,False,291.0,7.186730270661235e-05,,20.913385087624192
group01_experiment03_subject_10_repeat1,temporal_window_construction,0.2526103351265192,group01_experiment03_subject_10,1.0,False,291.0,0.0008680767530120935,,252.6103351265192
group01_experiment03_subject_10_repeat1,fairness_model_prediction,0.29002206679433584,group01_experiment03_subject_10,1.0,False,291.0,0.000996639404791532,,290.02206679433584
group01_experiment03_subject_10_repeat1,end_to_end_unknown_data,18.367056331131607,group01_experiment03_subject_10,1.0,False,291.0,0.06311703206574436,,18367.056331131607
group01_experiment03_subject_10_repeat1,cold_start_plus_end_to_end,26.4626008621417,group01_experiment03_subject_10,1.0,False,291.0,0.09093677272213642,,26462.6008621417
group01_experiment03_subject_15_repeat1,raw_csv_load,0.3091744389384985,group01_experiment03_subject_15,1.0,False,290.0,0.0010661187549603397,,309.1744389384985
group01_experiment03_subject_15_repeat1,image_path_resolution,3.8185460621025413,group01_experiment03_subject_15,1.0,False,290.0,0.013167400214146694,,3818.5460621025413
group01_experiment03_subject_15_repeat1,temporal_sensor_image_alignment,1.230988997966051,group01_experiment03_subject_15,1.0,False,290.0,0.004244789648158797,,1230.988997966051
group01_experiment03_subject_15_repeat1,aggregated_parquet_write,0.020535799907520413,group01_experiment03_subject_15,1.0,False,290.0,7.081310312938074e-05,,20.535799907520413
group01_experiment03_subject_15_repeat1,aggregated_parquet_read_and_preprocessing,0.01933141308836639,group01_experiment03_subject_15,1.0,False,290.0,6.66600451322979e-05,,19.33141308836639
group01_experiment03_subject_15_repeat1,clip_vitl14_embeddings,12.650190851883963,group01_experiment03_subject_15,1.0,False,290.0,0.04362134776511711,,12650.190851883963
group01_experiment03_subject_15_repeat1,clip_feature_store_write_and_read,0.020686659961938858,group01_experiment03_subject_15,1.0,False,290.0,7.133331021358227e-05,,20.686659961938858
group01_experiment03_subject_15_repeat1,temporal_window_construction,0.2556488250847906,group01_experiment03_subject_15,1.0,False,290.0,0.0008815476727061744,,255.6488250847906
group01_experiment03_subject_15_repeat1,fairness_model_prediction,0.29740302194841206,group01_experiment03_subject_15,1.0,False,290.0,0.001025527661891076,,297.40302194841206
group01_experiment03_subject_15_repeat1,end_to_end_unknown_data,18.623766467906535,group01_experiment03_subject_15,1.0,False,290.0,0.0642198843720915,,18623.766467906535
group01_experiment03_subject_15_repeat1,cold_start_plus_end_to_end,26.719310998916626,group01_experiment03_subject_15,1.0,False,290.0,0.09213555516867802,,26719.310998916626
group01_experiment03_subject_18_repeat1,raw_csv_load,0.3042692479211837,group01_experiment03_subject_18,1.0,False,290.0,0.0010492043031764956,,304.2692479211837
group01_experiment03_subject_18_repeat1,image_path_resolution,3.613401436014101,group01_experiment03_subject_18,1.0,False,290.0,0.012460004951772762,,3613.401436014101
group01_experiment03_subject_18_repeat1,temporal_sensor_image_alignment,1.2208019588142633,group01_experiment03_subject_18,1.0,False,290.0,0.004209661926945735,,1220.8019588142633
group01_experiment03_subject_18_repeat1,aggregated_parquet_write,0.021442888071760535,group01_experiment03_subject_18,1.0,False,290.0,7.394099335089839e-05,,21.442888071760535
group01_experiment03_subject_18_repeat1,aggregated_parquet_read_and_preprocessing,0.020966871874406934,group01_experiment03_subject_18,1.0,False,290.0,7.229955818761011e-05,,20.966871874406934
group01_experiment03_subject_18_repeat1,clip_vitl14_embeddings,12.459724660031497,group01_experiment03_subject_18,1.0,False,290.0,0.04296456779321206,,12459.724660031497
group01_experiment03_subject_18_repeat1,clip_feature_store_write_and_read,0.020620266906917095,group01_experiment03_subject_18,1.0,False,290.0,7.110436864454171e-05,,20.620266906917095
group01_experiment03_subject_18_repeat1,temporal_window_construction,0.2531126709654927,group01_experiment03_subject_18,1.0,False,290.0,0.0008728023136741128,,253.11267096549273
group01_experiment03_subject_18_repeat1,fairness_model_prediction,0.29719642316922545,group01_experiment03_subject_18,1.0,False,290.0,0.001024815252307674,,297.19642316922545
group01_experiment03_subject_18_repeat1,end_to_end_unknown_data,18.212997613009065,group01_experiment03_subject_18,1.0,False,290.0,0.06280344004485884,,18212.997613009065
group01_experiment03_subject_18_repeat1,cold_start_plus_end_to_end,26.308542144019157,group01_experiment03_subject_18,1.0,False,290.0,0.09071911084144536,,26308.542144019157
group01_experiment04_subject_08_repeat1,raw_csv_load,0.2426363828126341,group01_experiment04_subject_08,1.0,False,234.0,0.0010369076188574107,,242.6363828126341
group01_experiment04_subject_08_repeat1,image_path_resolution,1.6950677421409637,group01_experiment04_subject_08,1.0,False,234.0,0.007243879239918648,,1695.0677421409637
group01_experiment04_subject_08_repeat1,temporal_sensor_image_alignment,0.9946615069638938,group01_experiment04_subject_08,1.0,False,234.0,0.0042506902007004,,994.6615069638938
group01_experiment04_subject_08_repeat1,aggregated_parquet_write,0.019812777172774076,group01_experiment04_subject_08,1.0,False,234.0,8.466998791783793e-05,,19.812777172774076
group01_experiment04_subject_08_repeat1,aggregated_parquet_read_and_preprocessing,0.02095519402064383,group01_experiment04_subject_08,1.0,False,234.0,8.95521111993326e-05,,20.95519402064383
group01_experiment04_subject_08_repeat1,clip_vitl14_embeddings,7.9219433951657265,group01_experiment04_subject_08,1.0,False,234.0,0.033854458953699686,,7921.9433951657265
group01_experiment04_subject_08_repeat1,clip_feature_store_write_and_read,0.0187294939532876,group01_experiment04_subject_08,1.0,False,234.0,8.004057244994701e-05,,18.7294939532876
group01_experiment04_subject_08_repeat1,temporal_window_construction,0.20976896793581545,group01_experiment04_subject_08,1.0,False,234.0,0.0008964485809222882,,209.76896793581545
group01_experiment04_subject_08_repeat1,fairness_model_prediction,0.2378244719002396,group01_experiment04_subject_08,1.0,False,234.0,0.0010163438970095709,,237.8244719002396
group01_experiment04_subject_08_repeat1,end_to_end_unknown_data,11.363452062010765,group01_experiment04_subject_08,1.0,False,234.0,0.04856176094876395,,11363.452062010765
group01_experiment04_subject_08_repeat1,cold_start_plus_end_to_end,19.458996593020856,group01_experiment04_subject_08,1.0,False,234.0,0.08315810509837973,,19458.996593020856
group01_experiment04_subject_10_repeat1,raw_csv_load,0.28601942490786314,group01_experiment04_subject_10,1.0,False,291.0,0.0009828846216765057,,286.01942490786314
group01_experiment04_subject_10_repeat1,image_path_resolution,1.7490174451377243,group01_experiment04_subject_10,1.0,False,291.0,0.006010369227277403,,1749.0174451377243
group01_experiment04_subject_10_repeat1,temporal_sensor_image_alignment,1.2575617069378495,group01_experiment04_subject_10,1.0,False,291.0,0.004321517893257215,,1257.5617069378495
group01_experiment04_subject_10_repeat1,aggregated_parquet_write,0.02037904318422079,group01_experiment04_subject_10,1.0,False,291.0,7.003107623443571e-05,,20.37904318422079
group01_experiment04_subject_10_repeat1,aggregated_parquet_read_and_preprocessing,0.019668042892590165,group01_experiment04_subject_10,1.0,False,291.0,6.758777626319644e-05,,19.668042892590165
group01_experiment04_subject_10_repeat1,clip_vitl14_embeddings,10.789764109998941,group01_experiment04_subject_10,1.0,False,291.0,0.037078227182126944,,10789.764109998941
group01_experiment04_subject_10_repeat1,clip_feature_store_write_and_read,0.02299230289645493,group01_experiment04_subject_10,1.0,False,291.0,7.901135015963893e-05,,22.99230289645493
group01_experiment04_subject_10_repeat1,temporal_window_construction,0.2575459028594196,group01_experiment04_subject_10,1.0,False,291.0,0.0008850374668708577,,257.5459028594196
group01_experiment04_subject_10_repeat1,fairness_model_prediction,0.29671230586245656,group01_experiment04_subject_10,1.0,False,291.0,0.0010196299170531153,,296.71230586245656
group01_experiment04_subject_10_repeat1,end_to_end_unknown_data,14.700946382945403,group01_experiment04_subject_10,1.0,False,291.0,0.05051871609259589,,14700.946382945403
group01_experiment04_subject_10_repeat1,cold_start_plus_end_to_end,22.796490913955495,group01_experiment04_subject_10,1.0,False,291.0,0.07833845674898796,,22796.490913955495
group01_experiment04_subject_15_repeat1,raw_csv_load,0.3194639931898564,group01_experiment04_subject_15,1.0,False,290.0,0.0011015999765167461,,319.4639931898564
group01_experiment04_subject_15_repeat1,image_path_resolution,1.630690247984603,group01_experiment04_subject_15,1.0,False,290.0,0.005623069820636562,,1630.690247984603
group01_experiment04_subject_15_repeat1,temporal_sensor_image_alignment,1.2529685639310628,group01_experiment04_subject_15,1.0,False,290.0,0.0043205812549347,,1252.9685639310628
group01_experiment04_subject_15_repeat1,aggregated_parquet_write,0.022372666047886014,group01_experiment04_subject_15,1.0,False,290.0,7.714712430305522e-05,,22.372666047886014
group01_experiment04_subject_15_repeat1,aggregated_parquet_read_and_preprocessing,0.020411484176293015,group01_experiment04_subject_15,1.0,False,290.0,7.038442819411384e-05,,20.411484176293015
group01_experiment04_subject_15_repeat1,clip_vitl14_embeddings,10.795505807967857,group01_experiment04_subject_15,1.0,False,290.0,0.037225882096440885,,10795.505807967857
group01_experiment04_subject_15_repeat1,clip_feature_store_write_and_read,0.020003225887194276,group01_experiment04_subject_15,1.0,False,290.0,6.897664099032509e-05,,20.003225887194276
group01_experiment04_subject_15_repeat1,temporal_window_construction,0.24896072992123663,group01_experiment04_subject_15,1.0,False,290.0,0.0008584852755904711,,248.96072992123663
group01_experiment04_subject_15_repeat1,fairness_model_prediction,0.2895592621061951,group01_experiment04_subject_15,1.0,False,290.0,0.0009984802141592933,,289.5592621061951
group01_experiment04_subject_15_repeat1,end_to_end_unknown_data,14.601224201032892,group01_experiment04_subject_15,1.0,False,290.0,0.050349048969078936,,14601.224201032892
group01_experiment04_subject_15_repeat1,cold_start_plus_end_to_end,22.696768732042983,group01_experiment04_subject_15,1.0,False,290.0,0.07826471976566546,,22696.768732042983
group01_experiment04_subject_18_repeat1,raw_csv_load,0.24628584110178053,group01_experiment04_subject_18,1.0,False,230.0,0.00107080800479035,,246.28584110178053
group01_experiment04_subject_18_repeat1,image_path_resolution,1.6506010799203068,group01_experiment04_subject_18,1.0,False,230.0,0.007176526434436116,,1650.6010799203068
group01_experiment04_subject_18_repeat1,temporal_sensor_image_alignment,1.0032639671117067,group01_experiment04_subject_18,1.0,False,230.0,0.004362017248311768,,1003.2639671117067
group01_experiment04_subject_18_repeat1,aggregated_parquet_write,0.01962142693810165,group01_experiment04_subject_18,1.0,False,230.0,8.531055190478978e-05,,19.62142693810165
group01_experiment04_subject_18_repeat1,aggregated_parquet_read_and_preprocessing,0.019361214945092797,group01_experiment04_subject_18,1.0,False,230.0,8.417919541344695e-05,,19.361214945092797
group01_experiment04_subject_18_repeat1,clip_vitl14_embeddings,7.946360770147294,group01_experiment04_subject_18,1.0,False,230.0,0.03454939465281432,,7946.360770147294
group01_experiment04_subject_18_repeat1,clip_feature_store_write_and_read,0.018968979129567742,group01_experiment04_subject_18,1.0,False,230.0,8.247382230246845e-05,,18.968979129567742
group01_experiment04_subject_18_repeat1,temporal_window_construction,0.20530139189213514,group01_experiment04_subject_18,1.0,False,230.0,0.0008926147473571093,,205.30139189213514
group01_experiment04_subject_18_repeat1,fairness_model_prediction,0.23831870988942683,group01_experiment04_subject_18,1.0,False,230.0,0.001036168303867073,,238.31870988942683
group01_experiment04_subject_18_repeat1,end_to_end_unknown_data,11.349358290899545,group01_experiment04_subject_18,1.0,False,230.0,0.049345036047389323,,11349.358290899545
group01_experiment04_subject_18_repeat1,cold_start_plus_end_to_end,19.444902821909636,group01_experiment04_subject_18,1.0,False,230.0,0.0845430557474332,,19444.902821909636
group01_experiment06_subject_08_repeat1,raw_csv_load,0.3027744321152568,group01_experiment06_subject_08,1.0,False,291.0,0.0010404619660318102,,302.7744321152568
group01_experiment06_subject_08_repeat1,image_path_resolution,3.299322642851621,group01_experiment06_subject_08,1.0,False,291.0,0.011337878497771894,,3299.322642851621
group01_experiment06_subject_08_repeat1,temporal_sensor_image_alignment,1.0761557009536773,group01_experiment06_subject_08,1.0,False,291.0,0.0036981295565418465,,1076.1557009536773
group01_experiment06_subject_08_repeat1,aggregated_parquet_write,0.018484368920326233,group01_experiment06_subject_08,1.0,False,291.0,6.352016811108671e-05,,18.484368920326233
group01_experiment06_subject_08_repeat1,aggregated_parquet_read_and_preprocessing,0.018212486058473587,group01_experiment06_subject_08,1.0,False,291.0,6.258586274389549e-05,,18.212486058473587
group01_experiment06_subject_08_repeat1,clip_vitl14_embeddings,11.685339491814375,group01_experiment06_subject_08,1.0,False,291.0,0.040155805813795103,,11685.339491814375
group01_experiment06_subject_08_repeat1,clip_feature_store_write_and_read,0.019742067903280258,group01_experiment06_subject_08,1.0,False,291.0,6.784215774323112e-05,,19.742067903280258
group01_experiment06_subject_08_repeat1,temporal_window_construction,0.2488851889502257,group01_experiment06_subject_08,1.0,False,291.0,0.0008552755634028375,,248.8851889502257
group01_experiment06_subject_08_repeat1,fairness_model_prediction,0.28885665885172784,group01_experiment06_subject_08,1.0,False,291.0,0.000992634566500783,,288.85665885172784
group01_experiment06_subject_08_repeat1,end_to_end_unknown_data,16.95926744514145,group01_experiment06_subject_08,1.0,False,291.0,0.058279269570932817,,16959.26744514145
group01_experiment06_subject_08_repeat1,cold_start_plus_end_to_end,25.05481197615154,group01_experiment06_subject_08,1.0,False,291.0,0.08609901022732488,,25054.81197615154
group01_experiment06_subject_10_repeat1,raw_csv_load,0.29287218186073005,group01_experiment06_subject_10,1.0,False,291.0,0.001006433614641684,,292.87218186073005
group01_experiment06_subject_10_repeat1,image_path_resolution,2.8403889529872686,group01_experiment06_subject_10,1.0,False,291.0,0.009760786780024977,,2840.3889529872686
group01_experiment06_subject_10_repeat1,temporal_sensor_image_alignment,1.0380761460401118,group01_experiment06_subject_10,1.0,False,291.0,0.0035672719795192846,,1038.0761460401118
group01_experiment06_subject_10_repeat1,aggregated_parquet_write,0.01838657702319324,group01_experiment06_subject_10,1.0,False,291.0,6.318411348176371e-05,,18.38657702319324
group01_experiment06_subject_10_repeat1,aggregated_parquet_read_and_preprocessing,0.018807920161634684,group01_experiment06_subject_10,1.0,False,291.0,6.463202804685458e-05,,18.807920161634684
group01_experiment06_subject_10_repeat1,clip_vitl14_embeddings,10.23039226513356,group01_experiment06_subject_10,1.0,False,291.0,0.035155987165407424,,10230.39226513356
group01_experiment06_subject_10_repeat1,clip_feature_store_write_and_read,0.019548289943486452,group01_experiment06_subject_10,1.0,False,291.0,6.717625410132801e-05,,19.548289943486452
group01_experiment06_subject_10_repeat1,temporal_window_construction,0.251728005008772,group01_experiment06_subject_10,1.0,False,291.0,0.0008650446907517939,,251.72800500877202
group01_experiment06_subject_10_repeat1,fairness_model_prediction,0.29543333780020475,group01_experiment06_subject_10,1.0,False,291.0,0.0010152348378013908,,295.43333780020475
group01_experiment06_subject_10_repeat1,end_to_end_unknown_data,15.00688625802286,group01_experiment06_subject_10,1.0,False,291.0,0.05157005586949436,,15006.88625802286
group01_experiment06_subject_10_repeat1,cold_start_plus_end_to_end,23.10243078903295,group01_experiment06_subject_10,1.0,False,291.0,0.07938979652588643,,23102.43078903295
group01_experiment06_subject_15_repeat1,raw_csv_load,0.29618644108995795,group01_experiment06_subject_15,1.0,False,291.0,0.0010178228216149757,,296.18644108995795
group01_experiment06_subject_15_repeat1,image_path_resolution,2.768009601160884,group01_experiment06_subject_15,1.0,False,291.0,0.009512060485088947,,2768.009601160884
group01_experiment06_subject_15_repeat1,temporal_sensor_image_alignment,1.0707273359876126,group01_experiment06_subject_15,1.0,False,291.0,0.0036794753814007306,,1070.7273359876126
group01_experiment06_subject_15_repeat1,aggregated_parquet_write,0.018434680998325348,group01_experiment06_subject_15,1.0,False,291.0,6.334941923823143e-05,,18.434680998325348
group01_experiment06_subject_15_repeat1,aggregated_parquet_read_and_preprocessing,0.018424895824864507,group01_experiment06_subject_15,1.0,False,291.0,6.33157932125928e-05,,18.424895824864507
group01_experiment06_subject_15_repeat1,clip_vitl14_embeddings,12.734428271185607,group01_experiment06_subject_15,1.0,False,291.0,0.043760921894108615,,12734.428271185607
group01_experiment06_subject_15_repeat1,clip_feature_store_write_and_read,0.019411712884902954,group01_experiment06_subject_15,1.0,False,291.0,6.67069171302507e-05,,19.411712884902954
group01_experiment06_subject_15_repeat1,temporal_window_construction,0.25339377182535827,group01_experiment06_subject_15,1.0,False,291.0,0.0008707689753448738,,253.39377182535827
group01_experiment06_subject_15_repeat1,fairness_model_prediction,0.2934142800513655,group01_experiment06_subject_15,1.0,False,291.0,0.0010082964950218745,,293.4142800513655
group01_experiment06_subject_15_repeat1,end_to_end_unknown_data,17.473669294966385,group01_experiment06_subject_15,1.0,False,291.0,0.060046973522221256,,17473.669294966385
group01_experiment06_subject_15_repeat1,cold_start_plus_end_to_end,25.569213825976476,group01_experiment06_subject_15,1.0,False,291.0,0.08786671417861332,,25569.213825976476
group01_experiment06_subject_18_repeat1,raw_csv_load,0.31472802185453475,group01_experiment06_subject_18,1.0,False,291.0,0.0010815395940018376,,314.72802185453475
group01_experiment06_subject_18_repeat1,image_path_resolution,9.018077467102557,group01_experiment06_subject_18,1.0,False,291.0,0.03098995693162391,,9018.077467102557
group01_experiment06_subject_18_repeat1,temporal_sensor_image_alignment,1.060193827841431,group01_experiment06_subject_18,1.0,False,291.0,0.003643277758905261,,1060.193827841431
group01_experiment06_subject_18_repeat1,aggregated_parquet_write,0.019396452931687236,group01_experiment06_subject_18,1.0,False,291.0,6.665447742847847e-05,,19.396452931687236
group01_experiment06_subject_18_repeat1,aggregated_parquet_read_and_preprocessing,0.020037355134263635,group01_experiment06_subject_18,1.0,False,291.0,6.885689049575132e-05,,20.037355134263635
group01_experiment06_subject_18_repeat1,clip_vitl14_embeddings,11.291505394037813,group01_experiment06_subject_18,1.0,False,291.0,0.0388024240344942,,11291.505394037813
group01_experiment06_subject_18_repeat1,clip_feature_store_write_and_read,0.02140961610712111,group01_experiment06_subject_18,1.0,False,291.0,7.357256394199695e-05,,21.40961610712111
group01_experiment06_subject_18_repeat1,temporal_window_construction,0.25742101902142167,group01_experiment06_subject_18,1.0,False,291.0,0.0008846083127883906,,257.42101902142167
group01_experiment06_subject_18_repeat1,fairness_model_prediction,0.29810709692537785,group01_experiment06_subject_18,1.0,False,291.0,0.001024423013489271,,298.10709692537785
group01_experiment06_subject_18_repeat1,end_to_end_unknown_data,22.30214620800689,group01_experiment06_subject_18,1.0,False,291.0,0.07663967769074533,,22302.14620800689
group01_experiment06_subject_18_repeat1,cold_start_plus_end_to_end,30.39769073901698,group01_experiment06_subject_18,1.0,False,291.0,0.10445941834713739,,30397.69073901698
group01_experiment07_subject_08_repeat1,raw_csv_load,0.28613378619775176,group01_experiment07_subject_08,1.0,False,291.0,0.0009832776157998342,,286.13378619775176
group01_experiment07_subject_08_repeat1,image_path_resolution,2.633108766982332,group01_experiment07_subject_08,1.0,False,291.0,0.009048483735334473,,2633.108766982332
group01_experiment07_subject_08_repeat1,temporal_sensor_image_alignment,1.0917920540086925,group01_experiment07_subject_08,1.0,False,291.0,0.003751862728552208,,1091.7920540086925
group01_experiment07_subject_08_repeat1,aggregated_parquet_write,0.019382473081350327,group01_experiment07_subject_08,1.0,False,291.0,6.660643670567122e-05,,19.382473081350327
group01_experiment07_subject_08_repeat1,aggregated_parquet_read_and_preprocessing,0.01937041012570262,group01_experiment07_subject_08,1.0,False,291.0,6.656498324983718e-05,,19.37041012570262
group01_experiment07_subject_08_repeat1,clip_vitl14_embeddings,11.76757394708693,group01_experiment07_subject_08,1.0,False,291.0,0.0404383984435977,,11767.57394708693
group01_experiment07_subject_08_repeat1,clip_feature_store_write_and_read,0.019653222057968378,group01_experiment07_subject_08,1.0,False,291.0,6.753684556002879e-05,,19.653222057968378
group01_experiment07_subject_08_repeat1,temporal_window_construction,0.4029839208815247,group01_experiment07_subject_08,1.0,False,291.0,0.0013848244703832462,,402.9839208815247
group01_experiment07_subject_08_repeat1,fairness_model_prediction,0.2926663071848452,group01_experiment07_subject_08,1.0,False,291.0,0.0010057261415286776,,292.6663071848452
group01_experiment07_subject_08_repeat1,end_to_end_unknown_data,16.534383674850687,group01_experiment07_subject_08,1.0,False,291.0,0.05681918788608484,,16534.383674850687
group01_experiment07_subject_08_repeat1,cold_start_plus_end_to_end,24.62992820586078,group01_experiment07_subject_08,1.0,False,291.0,0.0846389285424769,,24629.92820586078
group01_experiment07_subject_10_repeat1,raw_csv_load,0.36338458210229874,group01_experiment07_subject_10,1.0,False,291.0,0.0012487442683927791,,363.38458210229874
group01_experiment07_subject_10_repeat1,image_path_resolution,3.042587016010657,group01_experiment07_subject_10,1.0,False,291.0,0.010455625484572705,,3042.587016010657
group01_experiment07_subject_10_repeat1,temporal_sensor_image_alignment,1.0794949340634048,group01_experiment07_subject_10,1.0,False,291.0,0.0037096045844103257,,1079.4949340634048
group01_experiment07_subject_10_repeat1,aggregated_parquet_write,0.02193530509248376,group01_experiment07_subject_10,1.0,False,291.0,7.537905530063148e-05,,21.93530509248376
group01_experiment07_subject_10_repeat1,aggregated_parquet_read_and_preprocessing,0.023737564915791154,group01_experiment07_subject_10,1.0,False,291.0,8.157238802677373e-05,,23.737564915791154
group01_experiment07_subject_10_repeat1,clip_vitl14_embeddings,10.975522054824978,group01_experiment07_subject_10,1.0,False,291.0,0.037716570635137385,,10975.522054824978
group01_experiment07_subject_10_repeat1,clip_feature_store_write_and_read,0.01947659393772483,group01_experiment07_subject_10,1.0,False,291.0,6.692987607465577e-05,,19.47659393772483
group01_experiment07_subject_10_repeat1,temporal_window_construction,0.2579137389548123,group01_experiment07_subject_10,1.0,False,291.0,0.000886301508435781,,257.9137389548123
group01_experiment07_subject_10_repeat1,fairness_model_prediction,0.2941386478487402,group01_experiment07_subject_10,1.0,False,291.0,0.0010107857314389699,,294.1386478487402
group01_experiment07_subject_10_repeat1,end_to_end_unknown_data,16.07951017888263,group01_experiment07_subject_10,1.0,False,291.0,0.05525604872468257,,16079.510178882629
group01_experiment07_subject_10_repeat1,cold_start_plus_end_to_end,24.17505470989272,group01_experiment07_subject_10,1.0,False,291.0,0.08307578938107464,,24175.05470989272
group01_experiment07_subject_18_repeat1,raw_csv_load,0.2998398470226675,group01_experiment07_subject_18,1.0,False,291.0,0.0010303774811775517,,299.8398470226675
group01_experiment07_subject_18_repeat1,image_path_resolution,3.8013065971899778,group01_experiment07_subject_18,1.0,False,291.0,0.013062909268694082,,3801.3065971899778
group01_experiment07_subject_18_repeat1,temporal_sensor_image_alignment,1.0867958958260715,group01_experiment07_subject_18,1.0,False,291.0,0.003734693800089593,,1086.7958958260715
group01_experiment07_subject_18_repeat1,aggregated_parquet_write,0.019196315901353955,group01_experiment07_subject_18,1.0,False,291.0,6.596672131049469e-05,,19.196315901353955
group01_experiment07_subject_18_repeat1,aggregated_parquet_read_and_preprocessing,0.018926840974017978,group01_experiment07_subject_18,1.0,False,291.0,6.504069063236418e-05,,18.926840974017978
group01_experiment07_subject_18_repeat1,clip_vitl14_embeddings,12.284280884079635,group01_experiment07_subject_18,1.0,False,291.0,0.04221402365663105,,12284.280884079635
group01_experiment07_subject_18_repeat1,clip_feature_store_write_and_read,0.01929732388816774,group01_experiment07_subject_18,1.0,False,291.0,6.631382779439085e-05,,19.29732388816774
group01_experiment07_subject_18_repeat1,temporal_window_construction,0.2563691989053041,group01_experiment07_subject_18,1.0,False,291.0,0.000880993810671148,,256.3691989053041
group01_experiment07_subject_18_repeat1,fairness_model_prediction,0.2957797390408814,group01_experiment07_subject_18,1.0,False,291.0,0.0010164252200717573,,295.7797390408814
group01_experiment07_subject_18_repeat1,end_to_end_unknown_data,18.08304202207364,group01_experiment07_subject_18,1.0,False,291.0,0.062141037876541724,,18083.04202207364
group01_experiment07_subject_18_repeat1,cold_start_plus_end_to_end,26.178586553083733,group01_experiment07_subject_18,1.0,False,291.0,0.08996077853293379,,26178.586553083733
group01_experiment08_subject_18_repeat1,raw_csv_load,0.35313790012151003,group01_experiment08_subject_18,1.0,False,291.0,0.0012135323028230585,,353.13790012151003
group01_experiment08_subject_18_repeat1,image_path_resolution,1.7325063270982355,group01_experiment08_subject_18,1.0,False,291.0,0.005953629990028301,,1732.5063270982355
group01_experiment08_subject_18_repeat1,temporal_sensor_image_alignment,1.0807626710738987,group01_experiment08_subject_18,1.0,False,291.0,0.0037139610689824695,,1080.7626710738987
group01_experiment08_subject_18_repeat1,aggregated_parquet_write,0.01866190996952355,group01_experiment08_subject_18,1.0,False,291.0,6.413027480935928e-05,,18.66190996952355
group01_experiment08_subject_18_repeat1,aggregated_parquet_read_and_preprocessing,0.01878321706317365,group01_experiment08_subject_18,1.0,False,291.0,6.454713767413626e-05,,18.78321706317365
group01_experiment08_subject_18_repeat1,clip_vitl14_embeddings,10.349655893165618,group01_experiment08_subject_18,1.0,False,291.0,0.0355658278115657,,10349.655893165618
group01_experiment08_subject_18_repeat1,clip_feature_store_write_and_read,0.022647607140243053,group01_experiment08_subject_18,1.0,False,291.0,7.782682866062904e-05,,22.647607140243053
group01_experiment08_subject_18_repeat1,temporal_window_construction,0.25219287001527846,group01_experiment08_subject_18,1.0,False,291.0,0.000866642165000957,,252.19287001527846
group01_experiment08_subject_18_repeat1,fairness_model_prediction,0.2989437060896307,group01_experiment08_subject_18,1.0,False,291.0,0.001027297959070896,,298.9437060896307
group01_experiment08_subject_18_repeat1,end_to_end_unknown_data,14.129415370058268,group01_experiment08_subject_18,1.0,False,291.0,0.04855469199332738,,14129.415370058268
group01_experiment08_subject_18_repeat1,cold_start_plus_end_to_end,22.22495990106836,group01_experiment08_subject_18,1.0,False,291.0,0.07637443264971945,,22224.95990106836
group02_experiment01_subject_07_repeat1,raw_csv_load,0.29335333593189716,group02_experiment01_subject_07,1.0,False,290.0,0.0010115632273513695,,293.35333593189716
group02_experiment01_subject_07_repeat1,image_path_resolution,1.5500523939263076,group02_experiment01_subject_07,1.0,False,290.0,0.005345008254918302,,1550.0523939263076
group02_experiment01_subject_07_repeat1,temporal_sensor_image_alignment,1.1089553441852331,group02_experiment01_subject_07,1.0,False,290.0,0.003823983945466321,,1108.9553441852331
group02_experiment01_subject_07_repeat1,aggregated_parquet_write,0.01843644306063652,group02_experiment01_subject_07,1.0,False,290.0,6.35739415884018e-05,,18.43644306063652
group02_experiment01_subject_07_repeat1,aggregated_parquet_read_and_preprocessing,0.018551002955064178,group02_experiment01_subject_07,1.0,False,290.0,6.396897570711785e-05,,18.551002955064178
group02_experiment01_subject_07_repeat1,clip_vitl14_embeddings,11.262868450954556,group02_experiment01_subject_07,1.0,False,290.0,0.038837477417084675,,11262.868450954556
group02_experiment01_subject_07_repeat1,clip_feature_store_write_and_read,0.019088099943473935,group02_experiment01_subject_07,1.0,False,290.0,6.582103428784115e-05,,19.088099943473935
group02_experiment01_subject_07_repeat1,temporal_window_construction,0.2557771580759436,group02_experiment01_subject_07,1.0,False,290.0,0.0008819902002618745,,255.7771580759436
group02_experiment01_subject_07_repeat1,fairness_model_prediction,0.3021254118066281,group02_experiment01_subject_07,1.0,False,290.0,0.0010418117648504418,,302.1254118066281
group02_experiment01_subject_07_repeat1,end_to_end_unknown_data,14.83114398503676,group02_experiment01_subject_07,1.0,False,290.0,0.05114187581047159,,14831.14398503676
group02_experiment01_subject_07_repeat1,cold_start_plus_end_to_end,22.926688516046852,group02_experiment01_subject_07,1.0,False,290.0,0.0790575466070581,,22926.688516046852
group02_experiment01_subject_16_repeat1,raw_csv_load,0.3114196080714464,group02_experiment01_subject_16,1.0,False,290.0,0.0010738607174877463,,311.4196080714464
group02_experiment01_subject_16_repeat1,image_path_resolution,1.4884222690016031,group02_experiment01_subject_16,1.0,False,290.0,0.0051324905827641485,,1488.4222690016031
group02_experiment01_subject_16_repeat1,temporal_sensor_image_alignment,1.1329882799182087,group02_experiment01_subject_16,1.0,False,290.0,0.003906856137648996,,1132.9882799182087
group02_experiment01_subject_16_repeat1,aggregated_parquet_write,0.019106663996353745,group02_experiment01_subject_16,1.0,False,290.0,6.588504826328878e-05,,19.106663996353745
group02_experiment01_subject_16_repeat1,aggregated_parquet_read_and_preprocessing,0.01868292805738747,group02_experiment01_subject_16,1.0,False,290.0,6.442388985306025e-05,,18.68292805738747
group02_experiment01_subject_16_repeat1,clip_vitl14_embeddings,11.045553697040305,group02_experiment01_subject_16,1.0,False,290.0,0.038088116196690704,,11045.553697040305
group02_experiment01_subject_16_repeat1,clip_feature_store_write_and_read,0.020655679050832987,group02_experiment01_subject_16,1.0,False,290.0,7.1226479485631e-05,,20.655679050832987
group02_experiment01_subject_16_repeat1,temporal_window_construction,0.255750898970291,group02_experiment01_subject_16,1.0,False,290.0,0.0008818996516216931,,255.75089897029102
group02_experiment01_subject_16_repeat1,fairness_model_prediction,0.29649921087548137,group02_experiment01_subject_16,1.0,False,290.0,0.0010224110719844184,,296.49921087548137
group02_experiment01_subject_16_repeat1,end_to_end_unknown_data,14.590342995012179,group02_experiment01_subject_16,1.0,False,290.0,0.050311527569007516,,14590.342995012179
group02_experiment01_subject_16_repeat1,cold_start_plus_end_to_end,22.68588752602227,group02_experiment01_subject_16,1.0,False,290.0,0.07822719836559404,,22685.88752602227
group02_experiment01_subject_20_repeat1,raw_csv_load,0.2990178579930216,group02_experiment01_subject_20,1.0,False,291.0,0.0010275527766083216,,299.0178579930216
group02_experiment01_subject_20_repeat1,image_path_resolution,1.4392688390798867,group02_experiment01_subject_20,1.0,False,291.0,0.004945941027765933,,1439.2688390798867
group02_experiment01_subject_20_repeat1,temporal_sensor_image_alignment,1.09090814483352,group02_experiment01_subject_20,1.0,False,291.0,0.003748825239977732,,1090.90814483352
group02_experiment01_subject_20_repeat1,aggregated_parquet_write,0.01915734796784818,group02_experiment01_subject_20,1.0,False,291.0,6.583281088607622e-05,,19.15734796784818
group02_experiment01_subject_20_repeat1,aggregated_parquet_read_and_preprocessing,0.019088031025603414,group02_experiment01_subject_20,1.0,False,291.0,6.559460833540692e-05,,19.088031025603414
group02_experiment01_subject_20_repeat1,clip_vitl14_embeddings,10.122169120935723,group02_experiment01_subject_20,1.0,False,291.0,0.0347840863262396,,10122.169120935723
group02_experiment01_subject_20_repeat1,clip_feature_store_write_and_read,0.01969507383182645,group02_experiment01_subject_20,1.0,False,291.0,6.768066608875069e-05,,19.69507383182645
group02_experiment01_subject_20_repeat1,temporal_window_construction,0.2542982790619135,group02_experiment01_subject_20,1.0,False,291.0,0.0008738772476354416,,254.2982790619135
group02_experiment01_subject_20_repeat1,fairness_model_prediction,0.28880874696187675,group02_experiment01_subject_20,1.0,False,291.0,0.0009924699208311916,,288.80874696187675
group02_experiment01_subject_20_repeat1,end_to_end_unknown_data,13.553634197916836,group02_experiment01_subject_20,1.0,False,291.0,0.046576062535796686,,13553.634197916836
group02_experiment01_subject_20_repeat1,cold_start_plus_end_to_end,21.649178728926927,group02_experiment01_subject_20,1.0,False,291.0,0.07439580319218875,,21649.178728926927
group02_experiment02_subject_07_repeat1,raw_csv_load,0.31085100094787776,group02_experiment02_subject_07,1.0,False,291.0,0.0010682164981026727,,310.85100094787776
group02_experiment02_subject_07_repeat1,image_path_resolution,2.6161482031457126,group02_experiment02_subject_07,1.0,False,291.0,0.00899020001081001,,2616.1482031457126
group02_experiment02_subject_07_repeat1,temporal_sensor_image_alignment,1.1048781389836222,group02_experiment02_subject_07,1.0,False,291.0,0.003796832092727224,,1104.8781389836222
group02_experiment02_subject_07_repeat1,aggregated_parquet_write,0.01920904195867479,group02_experiment02_subject_07,1.0,False,291.0,6.601045346623639e-05,,19.20904195867479
group02_experiment02_subject_07_repeat1,aggregated_parquet_read_and_preprocessing,0.018618331057950854,group02_experiment02_subject_07,1.0,False,291.0,6.398051909948747e-05,,18.618331057950854
group02_experiment02_subject_07_repeat1,clip_vitl14_embeddings,12.708064794074744,group02_experiment02_subject_07,1.0,False,291.0,0.04367032575283417,,12708.064794074744
group02_experiment02_subject_07_repeat1,clip_feature_store_write_and_read,0.021421711891889572,group02_experiment02_subject_07,1.0,False,291.0,7.361413021267894e-05,,21.421711891889572
group02_experiment02_subject_07_repeat1,temporal_window_construction,0.25629292405210435,group02_experiment02_subject_07,1.0,False,291.0,0.0008807316977735545,,256.29292405210435
group02_experiment02_subject_07_repeat1,fairness_model_prediction,0.29564277012832463,group02_experiment02_subject_07,1.0,False,291.0,0.0010159545365234523,,295.6427701283246
group02_experiment02_subject_07_repeat1,end_to_end_unknown_data,17.35307014384307,group02_experiment02_subject_07,1.0,False,291.0,0.05963254344963254,,17353.07014384307
group02_experiment02_subject_07_repeat1,cold_start_plus_end_to_end,25.44861467485316,group02_experiment02_subject_07,1.0,False,291.0,0.08745228410602461,,25448.61467485316
group02_experiment02_subject_16_repeat1,raw_csv_load,0.29074414004571736,group02_experiment02_subject_16,1.0,False,289.0,0.001006035086663382,,290.74414004571736
group02_experiment02_subject_16_repeat1,image_path_resolution,2.885196130955592,group02_experiment02_subject_16,1.0,False,289.0,0.009983377615763293,,2885.196130955592
group02_experiment02_subject_16_repeat1,temporal_sensor_image_alignment,1.1390742289368063,group02_experiment02_subject_16,1.0,False,289.0,0.003941433318120437,,1139.0742289368063
group02_experiment02_subject_16_repeat1,aggregated_parquet_write,0.0192371541634202,group02_experiment02_subject_16,1.0,False,289.0,6.656454727827059e-05,,19.2371541634202
group02_experiment02_subject_16_repeat1,aggregated_parquet_read_and_preprocessing,0.01882511400617659,group02_experiment02_subject_16,1.0,False,289.0,6.513880278953838e-05,,18.82511400617659
group02_experiment02_subject_16_repeat1,clip_vitl14_embeddings,12.789452665951103,group02_experiment02_subject_16,1.0,False,289.0,0.04425416147387925,,12789.452665951103
group02_experiment02_subject_16_repeat1,clip_feature_store_write_and_read,0.019993940135464072,group02_experiment02_subject_16,1.0,False,289.0,6.918318385973727e-05,,19.993940135464072
group02_experiment02_subject_16_repeat1,temporal_window_construction,0.25493915705010295,group02_experiment02_subject_16,1.0,False,289.0,0.0008821424119380725,,254.93915705010295
group02_experiment02_subject_16_repeat1,fairness_model_prediction,0.3030274109914899,group02_experiment02_subject_16,1.0,False,289.0,0.0010485377542958127,,303.0274109914899
group02_experiment02_subject_16_repeat1,end_to_end_unknown_data,17.72181322798133,group02_experiment02_subject_16,1.0,False,289.0,0.06132115303799768,,17721.81322798133
group02_experiment02_subject_16_repeat1,cold_start_plus_end_to_end,25.81735775899142,group02_experiment02_subject_16,1.0,False,289.0,0.08933341785118139,,25817.35775899142
group02_experiment02_subject_20_repeat1,raw_csv_load,0.2891372430603951,group02_experiment02_subject_20,1.0,False,290.0,0.000997024976070328,,289.1372430603951
group02_experiment02_subject_20_repeat1,image_path_resolution,2.4549410520121455,group02_experiment02_subject_20,1.0,False,290.0,0.008465313972455674,,2454.9410520121455
group02_experiment02_subject_20_repeat1,temporal_sensor_image_alignment,1.139700534986332,group02_experiment02_subject_20,1.0,False,290.0,0.0039300018447804555,,1139.700534986332
group02_experiment02_subject_20_repeat1,aggregated_parquet_write,0.01997801591642201,group02_experiment02_subject_20,1.0,False,290.0,6.888971005662761e-05,,19.97801591642201
group02_experiment02_subject_20_repeat1,aggregated_parquet_read_and_preprocessing,0.01978694600984454,group02_experiment02_subject_20,1.0,False,290.0,6.823084830980877e-05,,19.78694600984454
group02_experiment02_subject_20_repeat1,clip_vitl14_embeddings,12.36280740890652,group02_experiment02_subject_20,1.0,False,290.0,0.042630370375539725,,12362.80740890652
group02_experiment02_subject_20_repeat1,clip_feature_store_write_and_read,0.01923457020893693,group02_experiment02_subject_20,1.0,False,290.0,6.632610416874804e-05,,19.23457020893693
group02_experiment02_subject_20_repeat1,temporal_window_construction,0.2522894449066371,group02_experiment02_subject_20,1.0,False,290.0,0.0008699636031263348,,252.28944490663707
group02_experiment02_subject_20_repeat1,fairness_model_prediction,0.29195834998972714,group02_experiment02_subject_20,1.0,False,290.0,0.0010067529309990592,,291.95834998972714
group02_experiment02_subject_20_repeat1,end_to_end_unknown_data,16.851077439030632,group02_experiment02_subject_20,1.0,False,290.0,0.058107163582864246,,16851.077439030632
group02_experiment02_subject_20_repeat1,cold_start_plus_end_to_end,24.946621970040724,group02_experiment02_subject_20,1.0,False,290.0,0.08602283437945077,,24946.621970040724
group02_experiment03_subject_07_repeat1,raw_csv_load,0.2883766258601099,group02_experiment03_subject_07,1.0,False,291.0,0.000990984968591443,,288.3766258601099
group02_experiment03_subject_07_repeat1,image_path_resolution,2.252076046075672,group02_experiment03_subject_07,1.0,False,291.0,0.007739092941840797,,2252.076046075672
group02_experiment03_subject_07_repeat1,temporal_sensor_image_alignment,1.0736822839826345,group02_experiment03_subject_07,1.0,False,291.0,0.0036896298418647236,,1073.6822839826345
group02_experiment03_subject_07_repeat1,aggregated_parquet_write,0.01869267295114696,group02_experiment03_subject_07,1.0,False,291.0,6.423598952284178e-05,,18.69267295114696
group02_experiment03_subject_07_repeat1,aggregated_parquet_read_and_preprocessing,0.018810810055583715,group02_experiment03_subject_07,1.0,False,291.0,6.464195895389593e-05,,18.810810055583715
group02_experiment03_subject_07_repeat1,clip_vitl14_embeddings,12.94944097707048,group02_experiment03_subject_07,1.0,False,291.0,0.04449979717206351,,12949.44097707048
group02_experiment03_subject_07_repeat1,clip_feature_store_write_and_read,0.01870991406030953,group02_experiment03_subject_07,1.0,False,291.0,6.42952373206513e-05,,18.70991406030953
group02_experiment03_subject_07_repeat1,temporal_window_construction,0.2541200949344784,group02_experiment03_subject_07,1.0,False,291.0,0.0008732649310463175,,254.1200949344784
group02_experiment03_subject_07_repeat1,fairness_model_prediction,0.29196066805161536,group02_experiment03_subject_07,1.0,False,291.0,0.0010033012647821834,,291.96066805161536
group02_experiment03_subject_07_repeat1,end_to_end_unknown_data,17.1675576150883,group02_experiment03_subject_07,1.0,False,291.0,0.0589950433508189,,17167.5576150883
group02_experiment03_subject_07_repeat1,cold_start_plus_end_to_end,25.26310214609839,group02_experiment03_subject_07,1.0,False,291.0,0.08681478400721096,,25263.10214609839
group02_experiment03_subject_10_repeat1,raw_csv_load,0.32652250304818153,group02_experiment03_subject_10,1.0,False,291.0,0.0011220704572102458,,326.52250304818153
group02_experiment03_subject_10_repeat1,image_path_resolution,2.3525886212009937,group02_experiment03_subject_10,1.0,False,291.0,0.008084496980072143,,2352.5886212009937
group02_experiment03_subject_10_repeat1,temporal_sensor_image_alignment,1.105938115855679,group02_experiment03_subject_10,1.0,False,291.0,0.0038004746249336047,,1105.938115855679
group02_experiment03_subject_10_repeat1,aggregated_parquet_write,0.01891386811621487,group02_experiment03_subject_10,1.0,False,291.0,6.499611036499955e-05,,18.91386811621487
group02_experiment03_subject_10_repeat1,aggregated_parquet_read_and_preprocessing,0.026222697226330638,group02_experiment03_subject_10,1.0,False,291.0,9.011236160251079e-05,,26.222697226330638
group02_experiment03_subject_10_repeat1,clip_vitl14_embeddings,13.291115015977994,group02_experiment03_subject_10,1.0,False,291.0,0.045673934762810973,,13291.115015977994
group02_experiment03_subject_10_repeat1,clip_feature_store_write_and_read,0.02158853504806757,group02_experiment03_subject_10,1.0,False,291.0,7.418740566346244e-05,,21.58853504806757
group02_experiment03_subject_10_repeat1,temporal_window_construction,0.25594345293939114,group02_experiment03_subject_10,1.0,False,291.0,0.0008795307661147462,,255.94345293939114
group02_experiment03_subject_10_repeat1,fairness_model_prediction,0.2956002838909626,group02_experiment03_subject_10,1.0,False,291.0,0.0010158085357077752,,295.6002838909626
group02_experiment03_subject_10_repeat1,end_to_end_unknown_data,17.695687354775146,group02_experiment03_subject_10,1.0,False,291.0,0.06080992218135789,,17695.687354775146
group02_experiment03_subject_10_repeat1,cold_start_plus_end_to_end,25.791231885785237,group02_experiment03_subject_10,1.0,False,291.0,0.08862966283774995,,25791.231885785237
group02_experiment03_subject_16_repeat1,raw_csv_load,0.2990111378021538,group02_experiment03_subject_16,1.0,False,290.0,0.0010310728889729442,,299.0111378021538
group02_experiment03_subject_16_repeat1,image_path_resolution,1.7581782678607851,group02_experiment03_subject_16,1.0,False,290.0,0.00606268368227857,,1758.1782678607851
group02_experiment03_subject_16_repeat1,temporal_sensor_image_alignment,1.1026334480848163,group02_experiment03_subject_16,1.0,False,290.0,0.0038021843037407458,,1102.6334480848163
group02_experiment03_subject_16_repeat1,aggregated_parquet_write,0.01889144885353744,group02_experiment03_subject_16,1.0,False,290.0,6.514292708116358e-05,,18.89144885353744
group02_experiment03_subject_16_repeat1,aggregated_parquet_read_and_preprocessing,0.018618345027789474,group02_experiment03_subject_16,1.0,False,290.0,6.420118975099819e-05,,18.618345027789474
group02_experiment03_subject_16_repeat1,clip_vitl14_embeddings,12.369905279949307,group02_experiment03_subject_16,1.0,False,290.0,0.04265484579292864,,12369.905279949307
group02_experiment03_subject_16_repeat1,clip_feature_store_write_and_read,0.020413059974089265,group02_experiment03_subject_16,1.0,False,290.0,7.038986197961816e-05,,20.413059974089265
group02_experiment03_subject_16_repeat1,temporal_window_construction,0.25229080696590245,group02_experiment03_subject_16,1.0,False,290.0,0.0008699682998824222,,252.29080696590245
group02_experiment03_subject_16_repeat1,fairness_model_prediction,0.292586277006194,group02_experiment03_subject_16,1.0,False,290.0,0.0010089181965730828,,292.586277006194
group02_experiment03_subject_16_repeat1,end_to_end_unknown_data,16.133719824953005,group02_experiment03_subject_16,1.0,False,290.0,0.055633516637768984,,16133.719824953005
group02_experiment03_subject_16_repeat1,cold_start_plus_end_to_end,24.229264355963096,group02_experiment03_subject_16,1.0,False,290.0,0.0835491874343555,,24229.264355963096
group02_experiment03_subject_20_repeat1,raw_csv_load,0.3049165001139045,group02_experiment03_subject_20,1.0,True,,,No rows remain after DIPSER sensor cleaning.,304.9165001139045
group02_experiment03_subject_20_repeat1,image_path_resolution,2.1719663981348276,group02_experiment03_subject_20,1.0,True,,,No rows remain after DIPSER sensor cleaning.,2171.9663981348276
group02_experiment03_subject_20_repeat1,temporal_sensor_image_alignment,1.0651116790249944,group02_experiment03_subject_20,1.0,True,,,No rows remain after DIPSER sensor cleaning.,1065.1116790249944
group02_experiment03_subject_20_repeat1,aggregated_parquet_write,0.018399212043732405,group02_experiment03_subject_20,1.0,True,,,No rows remain after DIPSER sensor cleaning.,18.399212043732405
group02_experiment03_subject_20_repeat1,aggregated_parquet_read_and_preprocessing,0.016622330993413925,group02_experiment03_subject_20,1.0,True,,,No rows remain after DIPSER sensor cleaning.,16.622330993413925
group02_experiment04_subject_07_repeat1,raw_csv_load,0.28652477893047035,group02_experiment04_subject_07,1.0,False,289.0,0.0009914352212127002,,286.52477893047035
group02_experiment04_subject_07_repeat1,image_path_resolution,2.4857523560058326,group02_experiment04_subject_07,1.0,False,289.0,0.008601219224933676,,2485.7523560058326
group02_experiment04_subject_07_repeat1,temporal_sensor_image_alignment,1.109296141890809,group02_experiment04_subject_07,1.0,False,289.0,0.0038383949546394775,,1109.296141890809
group02_experiment04_subject_07_repeat1,aggregated_parquet_write,0.020149577176198363,group02_experiment04_subject_07,1.0,False,289.0,6.97217203328663e-05,,20.149577176198363
group02_experiment04_subject_07_repeat1,aggregated_parquet_read_and_preprocessing,0.020935931941494346,group02_experiment04_subject_07,1.0,False,289.0,7.24426710778351e-05,,20.935931941494346
group02_experiment04_subject_07_repeat1,clip_vitl14_embeddings,12.976447891909629,group02_experiment04_subject_07,1.0,False,289.0,0.04490120377823401,,12976.44789190963
group02_experiment04_subject_07_repeat1,clip_feature_store_write_and_read,0.02357621886767447,group02_experiment04_subject_07,1.0,False,289.0,8.15786119988736e-05,,23.57621886767447
group02_experiment04_subject_07_repeat1,temporal_window_construction,0.24948490411043167,group02_experiment04_subject_07,1.0,False,289.0,0.0008632695643959573,,249.48490411043167
group02_experiment04_subject_07_repeat1,fairness_model_prediction,0.29151760204695165,group02_experiment04_subject_07,1.0,False,289.0,0.0010087114257679988,,291.51760204695165
group02_experiment04_subject_07_repeat1,end_to_end_unknown_data,17.4654883320909,group02_experiment04_subject_07,1.0,False,289.0,0.06043421568197543,,17465.4883320909
group02_experiment04_subject_07_repeat1,cold_start_plus_end_to_end,25.56103286310099,group02_experiment04_subject_07,1.0,False,289.0,0.08844648049515914,,25561.03286310099
group02_experiment04_subject_10_repeat1,raw_csv_load,0.2906385490205139,group02_experiment04_subject_10,1.0,False,291.0,0.000998757900414137,,290.6385490205139
group02_experiment04_subject_10_repeat1,image_path_resolution,3.131778043927625,group02_experiment04_subject_10,1.0,False,291.0,0.010762123862294243,,3131.778043927625
group02_experiment04_subject_10_repeat1,temporal_sensor_image_alignment,1.0485650079790503,group02_experiment04_subject_10,1.0,False,291.0,0.0036033161786221657,,1048.5650079790503
group02_experiment04_subject_10_repeat1,aggregated_parquet_write,0.01870624301955104,group02_experiment04_subject_10,1.0,False,291.0,6.428262206031285e-05,,18.70624301955104
group02_experiment04_subject_10_repeat1,aggregated_parquet_read_and_preprocessing,0.0192053378559649,group02_experiment04_subject_10,1.0,False,291.0,6.599772459094467e-05,,19.2053378559649
group02_experiment04_subject_10_repeat1,clip_vitl14_embeddings,12.497729904949665,group02_experiment04_subject_10,1.0,False,291.0,0.042947525446562426,,12497.729904949665
group02_experiment04_subject_10_repeat1,clip_feature_store_write_and_read,0.019127432955428958,group02_experiment04_subject_10,1.0,False,291.0,6.573001015611325e-05,,19.127432955428958
group02_experiment04_subject_10_repeat1,temporal_window_construction,0.2510738540440798,group02_experiment04_subject_10,1.0,False,291.0,0.0008627967492923704,,251.07385404407978
group02_experiment04_subject_10_repeat1,fairness_model_prediction,0.29030223889276385,group02_experiment04_subject_10,1.0,False,291.0,0.0009976021955077797,,290.30223889276385
group02_experiment04_subject_10_repeat1,end_to_end_unknown_data,17.56841977406293,group02_experiment04_subject_10,1.0,False,291.0,0.06037257654317159,,17568.41977406293
group02_experiment04_subject_10_repeat1,cold_start_plus_end_to_end,25.663964305073023,group02_experiment04_subject_10,1.0,False,291.0,0.08819231719956365,,25663.964305073023
group02_experiment04_subject_16_repeat1,raw_csv_load,0.3214758459944278,group02_experiment04_subject_16,1.0,False,291.0,0.0011047279931079993,,321.4758459944278
group02_experiment04_subject_16_repeat1,image_path_resolution,2.5289499522186816,group02_experiment04_subject_16,1.0,False,291.0,0.008690549663981724,,2528.9499522186816
group02_experiment04_subject_16_repeat1,temporal_sensor_image_alignment,1.11386210587807,group02_experiment04_subject_16,1.0,False,291.0,0.0038277048311961166,,1113.86210587807
group02_experiment04_subject_16_repeat1,aggregated_parquet_write,0.019022437976673245,group02_experiment04_subject_16,1.0,False,291.0,6.536920266898022e-05,,19.022437976673245
group02_experiment04_subject_16_repeat1,aggregated_parquet_read_and_preprocessing,0.018934594001621008,group02_experiment04_subject_16,1.0,False,291.0,6.506733333890381e-05,,18.934594001621008
group02_experiment04_subject_16_repeat1,clip_vitl14_embeddings,12.198254025774077,group02_experiment04_subject_16,1.0,False,291.0,0.041918398714000264,,12198.254025774077
group02_experiment04_subject_16_repeat1,clip_feature_store_write_and_read,0.020054059103131294,group02_experiment04_subject_16,1.0,False,291.0,6.8914292450623e-05,,20.054059103131294
group02_experiment04_subject_16_repeat1,temporal_window_construction,0.2521948041394353,group02_experiment04_subject_16,1.0,False,291.0,0.0008666488114757227,,252.1948041394353
group02_experiment04_subject_16_repeat1,fairness_model_prediction,0.29694081493653357,group02_experiment04_subject_16,1.0,False,291.0,0.0010204151716032082,,296.94081493653357
group02_experiment04_subject_16_repeat1,end_to_end_unknown_data,16.770912263076752,group02_experiment04_subject_16,1.0,False,291.0,0.05763200090404382,,16770.912263076752
group02_experiment04_subject_16_repeat1,cold_start_plus_end_to_end,24.866456794086844,group02_experiment04_subject_16,1.0,False,291.0,0.08545174156043589,,24866.456794086844
group02_experiment04_subject_20_repeat1,raw_csv_load,0.312997838947922,group02_experiment04_subject_20,1.0,True,,,No rows remain after DIPSER sensor cleaning.,312.997838947922
group02_experiment04_subject_20_repeat1,image_path_resolution,1.7919233099091798,group02_experiment04_subject_20,1.0,True,,,No rows remain after DIPSER sensor cleaning.,1791.9233099091798
group02_experiment04_subject_20_repeat1,temporal_sensor_image_alignment,1.0582997610326856,group02_experiment04_subject_20,1.0,True,,,No rows remain after DIPSER sensor cleaning.,1058.2997610326856
group02_experiment04_subject_20_repeat1,aggregated_parquet_write,0.0189134469255805,group02_experiment04_subject_20,1.0,True,,,No rows remain after DIPSER sensor cleaning.,18.9134469255805
group02_experiment04_subject_20_repeat1,aggregated_parquet_read_and_preprocessing,0.01686251093633473,group02_experiment04_subject_20,1.0,True,,,No rows remain after DIPSER sensor cleaning.,16.86251093633473
group02_experiment05_subject_16_repeat1,raw_csv_load,0.26494697690941393,group02_experiment05_subject_16,1.0,False,291.0,0.0009104707110289138,,264.94697690941393
group02_experiment05_subject_16_repeat1,image_path_resolution,1.9099875479005277,group02_experiment05_subject_16,1.0,False,291.0,0.006563531092441676,,1909.9875479005277
group02_experiment05_subject_16_repeat1,temporal_sensor_image_alignment,1.14883180311881,group02_experiment05_subject_16,1.0,False,291.0,0.0039478756120921304,,1148.83180311881
group02_experiment05_subject_16_repeat1,aggregated_parquet_write,0.018864057958126068,group02_experiment05_subject_16,1.0,False,291.0,6.482494143685934e-05,,18.864057958126068
group02_experiment05_subject_16_repeat1,aggregated_parquet_read_and_preprocessing,0.018449180060997605,group02_experiment05_subject_16,1.0,False,291.0,6.339924419586806e-05,,18.449180060997605
group02_experiment05_subject_16_repeat1,clip_vitl14_embeddings,10.641888672020286,group02_experiment05_subject_16,1.0,False,291.0,0.036570064165018165,,10641.888672020286
group02_experiment05_subject_16_repeat1,clip_feature_store_write_and_read,0.027372176991775632,group02_experiment05_subject_16,1.0,False,291.0,9.406246388926334e-05,,27.372176991775632
group02_experiment05_subject_16_repeat1,temporal_window_construction,0.2607655639294535,group02_experiment05_subject_16,1.0,False,291.0,0.0008961015942592904,,260.7655639294535
group02_experiment05_subject_16_repeat1,fairness_model_prediction,0.2945861059706658,group02_experiment05_subject_16,1.0,False,291.0,0.0010123233882153465,,294.5861059706658
group02_experiment05_subject_16_repeat1,end_to_end_unknown_data,14.58734642714262,group02_experiment05_subject_16,1.0,False,291.0,0.05012833823760351,,14587.34642714262
group02_experiment05_subject_16_repeat1,cold_start_plus_end_to_end,22.68289095815271,group02_experiment05_subject_16,1.0,False,291.0,0.07794807889399558,,22682.89095815271
group02_experiment05_subject_20_repeat1,raw_csv_load,0.29101123521104455,group02_experiment05_subject_20,1.0,True,,,No rows remain after DIPSER sensor cleaning.,291.01123521104455
group02_experiment05_subject_20_repeat1,image_path_resolution,1.695978012867272,group02_experiment05_subject_20,1.0,True,,,No rows remain after DIPSER sensor cleaning.,1695.978012867272
group02_experiment05_subject_20_repeat1,temporal_sensor_image_alignment,1.1216205609962344,group02_experiment05_subject_20,1.0,True,,,No rows remain after DIPSER sensor cleaning.,1121.6205609962344
group02_experiment05_subject_20_repeat1,aggregated_parquet_write,0.019551950972527266,group02_experiment05_subject_20,1.0,True,,,No rows remain after DIPSER sensor cleaning.,19.551950972527266
group02_experiment05_subject_20_repeat1,aggregated_parquet_read_and_preprocessing,0.017364833038300276,group02_experiment05_subject_20,1.0,True,,,No rows remain after DIPSER sensor cleaning.,17.364833038300276
group02_experiment06_subject_10_repeat1,raw_csv_load,0.3112614231649786,group02_experiment06_subject_10,1.0,False,291.0,0.0010696268837284489,,311.2614231649786
group02_experiment06_subject_10_repeat1,image_path_resolution,2.0642823870293796,group02_experiment06_subject_10,1.0,False,291.0,0.007093753907317456,,2064.2823870293796
group02_experiment06_subject_10_repeat1,temporal_sensor_image_alignment,1.0709504878614098,group02_experiment06_subject_10,1.0,False,291.0,0.0036802422263278686,,1070.9504878614098
group02_experiment06_subject_10_repeat1,aggregated_parquet_write,0.01810782216489315,group02_experiment06_subject_10,1.0,False,291.0,6.222619300650567e-05,,18.10782216489315
group02_experiment06_subject_10_repeat1,aggregated_parquet_read_and_preprocessing,0.018197885947301984,group02_experiment06_subject_10,1.0,False,291.0,6.253569054055664e-05,,18.197885947301984
group02_experiment06_subject_10_repeat1,clip_vitl14_embeddings,13.292470849119127,group02_experiment06_subject_10,1.0,False,291.0,0.04567859398322724,,13292.470849119127
group02_experiment06_subject_10_repeat1,clip_feature_store_write_and_read,0.01930668903514743,group02_experiment06_subject_10,1.0,False,291.0,6.63460104300599e-05,,19.30668903514743
group02_experiment06_subject_10_repeat1,temporal_window_construction,0.2633714540861547,group02_experiment06_subject_10,1.0,False,291.0,0.0009050565432513907,,263.3714540861547
group02_experiment06_subject_10_repeat1,fairness_model_prediction,0.2929051269311458,group02_experiment06_subject_10,1.0,False,291.0,0.0010065468279420817,,292.9051269311458
group02_experiment06_subject_10_repeat1,end_to_end_unknown_data,17.352499356959015,group02_experiment06_subject_10,1.0,False,291.0,0.059630581982677025,,17352.499356959015
group02_experiment06_subject_10_repeat1,cold_start_plus_end_to_end,25.448043887969106,group02_experiment06_subject_10,1.0,False,291.0,0.0874503226390691,,25448.043887969106
group02_experiment06_subject_16_repeat1,raw_csv_load,0.28357832599431276,group02_experiment06_subject_16,1.0,False,291.0,0.0009744959656161951,,283.57832599431276
group02_experiment06_subject_16_repeat1,image_path_resolution,1.786090528126806,group02_experiment06_subject_16,1.0,False,291.0,0.006137768137892804,,1786.090528126806
group02_experiment06_subject_16_repeat1,temporal_sensor_image_alignment,1.0832738149911165,group02_experiment06_subject_16,1.0,False,291.0,0.0037225904295227373,,1083.2738149911165
group02_experiment06_subject_16_repeat1,aggregated_parquet_write,0.018325031967833638,group02_experiment06_subject_16,1.0,False,291.0,6.29726184461637e-05,,18.325031967833638
group02_experiment06_subject_16_repeat1,aggregated_parquet_read_and_preprocessing,0.018687298987060785,group02_experiment06_subject_16,1.0,False,291.0,6.421752229230511e-05,,18.687298987060785
group02_experiment06_subject_16_repeat1,clip_vitl14_embeddings,13.388824881985784,group02_experiment06_subject_16,1.0,False,291.0,0.04600970749823293,,13388.824881985784
group02_experiment06_subject_16_repeat1,clip_feature_store_write_and_read,0.019982966128736734,group02_experiment06_subject_16,1.0,False,291.0,6.866998669668981e-05,,19.982966128736734
group02_experiment06_subject_16_repeat1,temporal_window_construction,0.2508739379700273,group02_experiment06_subject_16,1.0,False,291.0,0.0008621097524743207,,250.87393797002733
group02_experiment06_subject_16_repeat1,fairness_model_prediction,0.2889786399900913,group02_experiment06_subject_16,1.0,False,291.0,0.000993053745670417,,288.9786399900913
group02_experiment06_subject_16_repeat1,end_to_end_unknown_data,17.139855918008834,group02_experiment06_subject_16,1.0,False,291.0,0.05889984851549428,,17139.855918008834
group02_experiment06_subject_16_repeat1,cold_start_plus_end_to_end,25.235400449018925,group02_experiment06_subject_16,1.0,False,291.0,0.08671958917188634,,25235.400449018925
group02_experiment06_subject_20_repeat1,raw_csv_load,0.30761566711589694,group02_experiment06_subject_20,1.0,False,291.0,0.0010570985124257627,,307.61566711589694
group02_experiment06_subject_20_repeat1,image_path_resolution,2.856388190994039,group02_experiment06_subject_20,1.0,False,291.0,0.009815766979360959,,2856.388190994039
group02_experiment06_subject_20_repeat1,temporal_sensor_image_alignment,1.130016130162403,group02_experiment06_subject_20,1.0,False,291.0,0.003883216942138842,,1130.016130162403
group02_experiment06_subject_20_repeat1,aggregated_parquet_write,0.019786827033385634,group02_experiment06_subject_20,1.0,False,291.0,6.799596918689222e-05,,19.786827033385634
group02_experiment06_subject_20_repeat1,aggregated_parquet_read_and_preprocessing,0.01935787918046117,group02_experiment06_subject_20,1.0,False,291.0,6.652192158234079e-05,,19.35787918046117
group02_experiment06_subject_20_repeat1,clip_vitl14_embeddings,13.227132365107536,group02_experiment06_subject_20,1.0,False,291.0,0.045454063110335174,,13227.132365107536
group02_experiment06_subject_20_repeat1,clip_feature_store_write_and_read,0.019148461055010557,group02_experiment06_subject_20,1.0,False,291.0,6.580227166670295e-05,,19.148461055010557
group02_experiment06_subject_20_repeat1,temporal_window_construction,0.25650018895976245,group02_experiment06_subject_20,1.0,False,291.0,0.0008814439483153349,,256.50018895976245
group02_experiment06_subject_20_repeat1,fairness_model_prediction,0.29988622898235917,group02_experiment06_subject_20,1.0,False,291.0,0.0010305368693551862,,299.88622898235917
group02_experiment06_subject_20_repeat1,end_to_end_unknown_data,18.13708348898217,group02_experiment06_subject_20,1.0,False,291.0,0.06232674738481846,,18137.08348898217
group02_experiment06_subject_20_repeat1,cold_start_plus_end_to_end,26.232628019992262,group02_experiment06_subject_20,1.0,False,291.0,0.09014648804121052,,26232.628019992262
group02_experiment07_subject_10_repeat1,raw_csv_load,0.2980460620019585,group02_experiment07_subject_10,1.0,False,291.0,0.0010242132714843935,,298.0460620019585
group02_experiment07_subject_10_repeat1,image_path_resolution,1.688867551041767,group02_experiment07_subject_10,1.0,False,291.0,0.005803668560280986,,1688.867551041767
group02_experiment07_subject_10_repeat1,temporal_sensor_image_alignment,1.0974441149737686,group02_experiment07_subject_10,1.0,False,291.0,0.003771285618466559,,1097.4441149737686
group02_experiment07_subject_10_repeat1,aggregated_parquet_write,0.018753479002043605,group02_experiment07_subject_10,1.0,False,291.0,6.444494502420483e-05,,18.753479002043605
group02_experiment07_subject_10_repeat1,aggregated_parquet_read_and_preprocessing,0.01906486297957599,group02_experiment07_subject_10,1.0,False,291.0,6.551499305696217e-05,,19.06486297957599
group02_experiment07_subject_10_repeat1,clip_vitl14_embeddings,9.867302238941193,group02_experiment07_subject_10,1.0,False,291.0,0.0339082551166364,,9867.302238941193
group02_experiment07_subject_10_repeat1,clip_feature_store_write_and_read,0.021623824955895543,group02_experiment07_subject_10,1.0,False,291.0,7.43086768243833e-05,,21.623824955895543
group02_experiment07_subject_10_repeat1,temporal_window_construction,0.2552047569770366,group02_experiment07_subject_10,1.0,False,291.0,0.0008769922920173078,,255.2047569770366
group02_experiment07_subject_10_repeat1,fairness_model_prediction,0.3013234590180218,group02_experiment07_subject_10,1.0,False,291.0,0.001035475804185642,,301.3234590180218
group02_experiment07_subject_10_repeat1,end_to_end_unknown_data,13.569288421887904,group02_experiment07_subject_10,1.0,False,291.0,0.046629857119889706,,13569.288421887904
group02_experiment07_subject_10_repeat1,cold_start_plus_end_to_end,21.664832952897996,group02_experiment07_subject_10,1.0,False,291.0,0.07444959777628177,,21664.832952897996
group02_experiment07_subject_16_repeat1,raw_csv_load,0.3060832340270281,group02_experiment07_subject_16,1.0,False,291.0,0.0010518324193368662,,306.0832340270281
group02_experiment07_subject_16_repeat1,image_path_resolution,1.5562543550040573,group02_experiment07_subject_16,1.0,False,291.0,0.005347953109979578,,1556.2543550040573
group02_experiment07_subject_16_repeat1,temporal_sensor_image_alignment,1.0730105889961123,group02_experiment07_subject_16,1.0,False,291.0,0.0036873216116704893,,1073.0105889961123
group02_experiment07_subject_16_repeat1,aggregated_parquet_write,0.019144776044413447,group02_experiment07_subject_16,1.0,False,291.0,6.57896084000462e-05,,19.144776044413447
group02_experiment07_subject_16_repeat1,aggregated_parquet_read_and_preprocessing,0.0196195337921381,group02_experiment07_subject_16,1.0,False,291.0,6.742107832349862e-05,,19.6195337921381
group02_experiment07_subject_16_repeat1,clip_vitl14_embeddings,10.161021634936333,group02_experiment07_subject_16,1.0,False,291.0,0.034917600120056125,,10161.021634936333
group02_experiment07_subject_16_repeat1,clip_feature_store_write_and_read,0.019490120001137257,group02_experiment07_subject_16,1.0,False,291.0,6.697635739222424e-05,,19.490120001137257
group02_experiment07_subject_16_repeat1,temporal_window_construction,0.2614339138381183,group02_experiment07_subject_16,1.0,False,291.0,0.0008983983293406127,,261.4339138381183
group02_experiment07_subject_16_repeat1,fairness_model_prediction,0.29975808900780976,group02_experiment07_subject_16,1.0,False,291.0,0.0010300965258000336,,299.75808900780976
group02_experiment07_subject_16_repeat1,end_to_end_unknown_data,13.717058040900156,group02_experiment07_subject_16,1.0,False,291.0,0.04713765649793868,,13717.058040900156
group02_experiment07_subject_16_repeat1,cold_start_plus_end_to_end,21.812602571910247,group02_experiment07_subject_16,1.0,False,291.0,0.07495739715433075,,21812.602571910247
group02_experiment07_subject_20_repeat1,raw_csv_load,0.3069098670966923,group02_experiment07_subject_20,1.0,False,291.0,0.0010546730828065029,,306.9098670966923
group02_experiment07_subject_20_repeat1,image_path_resolution,1.3094277270138264,group02_experiment07_subject_20,1.0,False,291.0,0.004499751639222771,,1309.4277270138264
group02_experiment07_subject_20_repeat1,temporal_sensor_image_alignment,1.0465454501099885,group02_experiment07_subject_20,1.0,False,291.0,0.003596376117216455,,1046.5454501099885
group02_experiment07_subject_20_repeat1,aggregated_parquet_write,0.018618310103192925,group02_experiment07_subject_20,1.0,False,291.0,6.398044709001005e-05,,18.618310103192925
group02_experiment07_subject_20_repeat1,aggregated_parquet_read_and_preprocessing,0.01895670802332461,group02_experiment07_subject_20,1.0,False,291.0,6.51433265406344e-05,,18.95670802332461
group02_experiment07_subject_20_repeat1,clip_vitl14_embeddings,9.30225285794586,group02_experiment07_subject_20,1.0,False,291.0,0.031966504666480614,,9302.25285794586
group02_experiment07_subject_20_repeat1,clip_feature_store_write_and_read,0.01885340199805796,group02_experiment07_subject_20,1.0,False,291.0,6.47883230173813e-05,,18.85340199805796
group02_experiment07_subject_20_repeat1,temporal_window_construction,0.24940479290671647,group02_experiment07_subject_20,1.0,False,291.0,0.000857061144009335,,249.40479290671647
group02_experiment07_subject_20_repeat1,fairness_model_prediction,0.29515489283949137,group02_experiment07_subject_20,1.0,False,291.0,0.0010142779822662933,,295.15489283949137
group02_experiment07_subject_20_repeat1,end_to_end_unknown_data,12.567410947056487,group02_experiment07_subject_20,1.0,False,291.0,0.04318697919950683,,12567.410947056487
group02_experiment07_subject_20_repeat1,cold_start_plus_end_to_end,20.66295547806658,group02_experiment07_subject_20,1.0,False,291.0,0.07100671985589889,,20662.95547806658
group02_experiment08_subject_20_repeat1,raw_csv_load,0.29026415408588946,group02_experiment08_subject_20,1.0,False,290.0,0.0010009108761582395,,290.26415408588946
group02_experiment08_subject_20_repeat1,image_path_resolution,2.412855370901525,group02_experiment08_subject_20,1.0,False,290.0,0.00832019093414319,,2412.855370901525
group02_experiment08_subject_20_repeat1,temporal_sensor_image_alignment,1.0701836089137942,group02_experiment08_subject_20,1.0,False,290.0,0.00369028830659929,,1070.1836089137942
group02_experiment08_subject_20_repeat1,aggregated_parquet_write,0.018498193938285112,group02_experiment08_subject_20,1.0,False,290.0,6.378687564925901e-05,,18.498193938285112
group02_experiment08_subject_20_repeat1,aggregated_parquet_read_and_preprocessing,0.018478675046935678,group02_experiment08_subject_20,1.0,False,290.0,6.371956912736441e-05,,18.478675046935678
group02_experiment08_subject_20_repeat1,clip_vitl14_embeddings,13.266924641095102,group02_experiment08_subject_20,1.0,False,290.0,0.04574801600377621,,13266.924641095102
group02_experiment08_subject_20_repeat1,clip_feature_store_write_and_read,0.022922931937500834,group02_experiment08_subject_20,1.0,False,290.0,7.904459288793391e-05,,22.922931937500834
group02_experiment08_subject_20_repeat1,temporal_window_construction,0.252775413217023,group02_experiment08_subject_20,1.0,False,290.0,0.000871639355920769,,252.77541321702302
group02_experiment08_subject_20_repeat1,fairness_model_prediction,0.29072205000557005,group02_experiment08_subject_20,1.0,False,290.0,0.001002489827605414,,290.72205000557005
group02_experiment08_subject_20_repeat1,end_to_end_unknown_data,17.64566378807649,group02_experiment08_subject_20,1.0,False,290.0,0.06084711651060859,,17645.66378807649
group02_experiment08_subject_20_repeat1,cold_start_plus_end_to_end,25.74120831908658,group02_experiment08_subject_20,1.0,False,290.0,0.08876278730719511,,25741.20831908658
group02_experiment09_subject_10_repeat1,raw_csv_load,0.3287838080432266,group02_experiment09_subject_10,1.0,False,291.0,0.001129841264753356,,328.7838080432266
group02_experiment09_subject_10_repeat1,image_path_resolution,1.6721338259521872,group02_experiment09_subject_10,1.0,False,291.0,0.0057461643503511585,,1672.1338259521872
group02_experiment09_subject_10_repeat1,temporal_sensor_image_alignment,1.0521343669388443,group02_experiment09_subject_10,1.0,False,291.0,0.0036155820169719737,,1052.1343669388443
group02_experiment09_subject_10_repeat1,aggregated_parquet_write,0.018061690032482147,group02_experiment09_subject_10,1.0,False,291.0,6.206766334186305e-05,,18.061690032482147
group02_experiment09_subject_10_repeat1,aggregated_parquet_read_and_preprocessing,0.021798148984089494,group02_experiment09_subject_10,1.0,False,291.0,7.490772846766148e-05,,21.798148984089494
group02_experiment09_subject_10_repeat1,clip_vitl14_embeddings,9.486898557981476,group02_experiment09_subject_10,1.0,False,291.0,0.032601025972444936,,9486.898557981476
group02_experiment09_subject_10_repeat1,clip_feature_store_write_and_read,0.019907062873244286,group02_experiment09_subject_10,1.0,False,291.0,6.84091507671625e-05,,19.907062873244286
group02_experiment09_subject_10_repeat1,temporal_window_construction,0.2532577549573034,group02_experiment09_subject_10,1.0,False,291.0,0.0008703015634271595,,253.2577549573034
group02_experiment09_subject_10_repeat1,fairness_model_prediction,0.2910864260047674,group02_experiment09_subject_10,1.0,False,291.0,0.0010002969965799567,,291.0864260047674
group02_experiment09_subject_10_repeat1,end_to_end_unknown_data,13.145817348035052,group02_experiment09_subject_10,1.0,False,291.0,0.045174630061976126,,13145.817348035052
group02_experiment09_subject_10_repeat1,cold_start_plus_end_to_end,21.241361879045144,group02_experiment09_subject_10,1.0,False,291.0,0.07299437071836819,,21241.361879045144
group02_experiment09_subject_16_repeat1,raw_csv_load,0.2990980288013816,group02_experiment09_subject_16,1.0,False,290.0,0.0010313725131082124,,299.0980288013816
group02_experiment09_subject_16_repeat1,image_path_resolution,1.4444811169523746,group02_experiment09_subject_16,1.0,False,290.0,0.004980969368801292,,1444.4811169523746
group02_experiment09_subject_16_repeat1,temporal_sensor_image_alignment,1.106331842020154,group02_experiment09_subject_16,1.0,False,290.0,0.0038149373862763933,,1106.331842020154
group02_experiment09_subject_16_repeat1,aggregated_parquet_write,0.018890511011704803,group02_experiment09_subject_16,1.0,False,290.0,6.513969314380967e-05,,18.890511011704803
group02_experiment09_subject_16_repeat1,aggregated_parquet_read_and_preprocessing,0.018948583863675594,group02_experiment09_subject_16,1.0,False,290.0,6.533994435750205e-05,,18.948583863675594
group02_experiment09_subject_16_repeat1,clip_vitl14_embeddings,10.570365513209254,group02_experiment09_subject_16,1.0,False,290.0,0.0364495362524457,,10570.365513209254
group02_experiment09_subject_16_repeat1,clip_feature_store_write_and_read,0.01945198094472289,group02_experiment09_subject_16,1.0,False,290.0,6.707579636111342e-05,,19.45198094472289
group02_experiment09_subject_16_repeat1,temporal_window_construction,0.2561132579576224,group02_experiment09_subject_16,1.0,False,290.0,0.0008831491653711117,,256.1132579576224
group02_experiment09_subject_16_repeat1,fairness_model_prediction,0.301761430921033,group02_experiment09_subject_16,1.0,False,290.0,0.0010405566583483897,,301.761430921033
group02_experiment09_subject_16_repeat1,end_to_end_unknown_data,14.036714964080602,group02_experiment09_subject_16,1.0,False,290.0,0.04840246539338139,,14036.714964080602
group02_experiment09_subject_16_repeat1,cold_start_plus_end_to_end,22.132259495090693,group02_experiment09_subject_16,1.0,False,290.0,0.07631813618996791,,22132.259495090693
group02_experiment09_subject_20_repeat1,raw_csv_load,0.30560403200797737,group02_experiment09_subject_20,1.0,False,291.0,0.0010501856770033587,,305.60403200797737
group02_experiment09_subject_20_repeat1,image_path_resolution,1.7448367269244045,group02_experiment09_subject_20,1.0,False,291.0,0.0059960024980220085,,1744.8367269244045
group02_experiment09_subject_20_repeat1,temporal_sensor_image_alignment,1.1303969689179212,group02_experiment09_subject_20,1.0,False,291.0,0.0038845256663846087,,1130.3969689179212
group02_experiment09_subject_20_repeat1,aggregated_parquet_write,0.019063070882111788,group02_experiment09_subject_20,1.0,False,291.0,6.550883464643226e-05,,19.063070882111788
group02_experiment09_subject_20_repeat1,aggregated_parquet_read_and_preprocessing,0.0190021600574255,group02_experiment09_subject_20,1.0,False,291.0,6.529951909768213e-05,,19.0021600574255
group02_experiment09_subject_20_repeat1,clip_vitl14_embeddings,10.68841745890677,group02_experiment09_subject_20,1.0,False,291.0,0.03672995690345969,,10688.41745890677
group02_experiment09_subject_20_repeat1,clip_feature_store_write_and_read,0.0271714529953897,group02_experiment09_subject_20,1.0,False,291.0,9.337269070580653e-05,,27.1714529953897
group02_experiment09_subject_20_repeat1,temporal_window_construction,0.2603113120421767,group02_experiment09_subject_20,1.0,False,291.0,0.0008945405912102293,,260.3113120421767
group02_experiment09_subject_20_repeat1,fairness_model_prediction,0.2917780929710716,group02_experiment09_subject_20,1.0,False,291.0,0.0010026738590071188,,291.7780929710716
group02_experiment09_subject_20_repeat1,end_to_end_unknown_data,14.487892596051097,group02_experiment09_subject_20,1.0,False,291.0,0.04978657249502095,,14487.892596051097
group02_experiment09_subject_20_repeat1,cold_start_plus_end_to_end,22.583437127061188,group02_experiment09_subject_20,1.0,False,291.0,0.07760631315141302,,22583.43712706119
group03_experiment01_subject_11_repeat1,raw_csv_load,0.2997400800231844,group03_experiment01_subject_11,1.0,False,290.0,0.001033586482838567,,299.7400800231844
group03_experiment01_subject_11_repeat1,image_path_resolution,1.658829326974228,group03_experiment01_subject_11,1.0,False,290.0,0.005720101127497338,,1658.829326974228
group03_experiment01_subject_11_repeat1,temporal_sensor_image_alignment,1.0650076630990952,group03_experiment01_subject_11,1.0,False,290.0,0.003672440217583087,,1065.0076630990952
group03_experiment01_subject_11_repeat1,aggregated_parquet_write,0.018596288049593568,group03_experiment01_subject_11,1.0,False,290.0,6.412513120549506e-05,,18.596288049593568
group03_experiment01_subject_11_repeat1,aggregated_parquet_read_and_preprocessing,0.018417871091514826,group03_experiment01_subject_11,1.0,False,290.0,6.350990031556836e-05,,18.417871091514826
group03_experiment01_subject_11_repeat1,clip_vitl14_embeddings,10.344012054847553,group03_experiment01_subject_11,1.0,False,290.0,0.03566900708568122,,10344.012054847553
group03_experiment01_subject_11_repeat1,clip_feature_store_write_and_read,0.01902341190725565,group03_experiment01_subject_11,1.0,False,290.0,6.5597972093985e-05,,19.02341190725565
group03_experiment01_subject_11_repeat1,temporal_window_construction,0.25949958292767406,group03_experiment01_subject_11,1.0,False,290.0,0.0008948261480264622,,259.49958292767406
group03_experiment01_subject_11_repeat1,fairness_model_prediction,0.2973464629612863,group03_experiment01_subject_11,1.0,False,290.0,0.0010253326309009872,,297.3464629612863
group03_experiment01_subject_11_repeat1,end_to_end_unknown_data,13.982870524050668,group03_experiment01_subject_11,1.0,False,290.0,0.04821679491051954,,13982.870524050668
group03_experiment01_subject_11_repeat1,cold_start_plus_end_to_end,22.07841505506076,group03_experiment01_subject_11,1.0,False,290.0,0.07613246570710606,,22078.41505506076
group03_experiment02_subject_11_repeat1,raw_csv_load,0.29693498904816806,group03_experiment02_subject_11,1.0,False,291.0,0.0010203951513682752,,296.93498904816806
group03_experiment02_subject_11_repeat1,image_path_resolution,1.3250252730213106,group03_experiment02_subject_11,1.0,False,291.0,0.004553351453681479,,1325.0252730213106
group03_experiment02_subject_11_repeat1,temporal_sensor_image_alignment,1.0834344779141247,group03_experiment02_subject_11,1.0,False,291.0,0.0037231425357873702,,1083.4344779141247
group03_experiment02_subject_11_repeat1,aggregated_parquet_write,0.018665557960048318,group03_experiment02_subject_11,1.0,False,291.0,6.414281085927257e-05,,18.665557960048318
group03_experiment02_subject_11_repeat1,aggregated_parquet_read_and_preprocessing,0.0186635279096663,group03_experiment02_subject_11,1.0,False,291.0,6.41358347411213e-05,,18.6635279096663
group03_experiment02_subject_11_repeat1,clip_vitl14_embeddings,10.178027610993013,group03_experiment02_subject_11,1.0,False,291.0,0.03497603990031963,,10178.027610993013
group03_experiment02_subject_11_repeat1,clip_feature_store_write_and_read,0.019491136074066162,group03_experiment02_subject_11,1.0,False,291.0,6.697984905177375e-05,,19.491136074066162
group03_experiment02_subject_11_repeat1,temporal_window_construction,0.25765273603610694,group03_experiment02_subject_11,1.0,False,291.0,0.0008854045911893709,,257.65273603610694
group03_experiment02_subject_11_repeat1,fairness_model_prediction,0.29996548499912024,group03_experiment02_subject_11,1.0,False,291.0,0.0010308092268011004,,299.96548499912024
group03_experiment02_subject_11_repeat1,end_to_end_unknown_data,13.499467949848622,group03_experiment02_subject_11,1.0,False,291.0,0.04638992422628393,,13499.467949848622
group03_experiment02_subject_11_repeat1,cold_start_plus_end_to_end,21.595012480858713,group03_experiment02_subject_11,1.0,False,291.0,0.074209664882676,,21595.012480858713
group03_experiment03_subject_11_repeat1,raw_csv_load,0.2956425880547613,group03_experiment03_subject_11,1.0,False,290.0,0.001019457200188832,,295.6425880547613
group03_experiment03_subject_11_repeat1,image_path_resolution,1.2719771261326969,group03_experiment03_subject_11,1.0,False,290.0,0.00438612802114723,,1271.9771261326969
group03_experiment03_subject_11_repeat1,temporal_sensor_image_alignment,1.0709765839856118,group03_experiment03_subject_11,1.0,False,290.0,0.003693022703398661,,1070.9765839856118
group03_experiment03_subject_11_repeat1,aggregated_parquet_write,0.018421398010104895,group03_experiment03_subject_11,1.0,False,290.0,6.352206210380998e-05,,18.421398010104895
group03_experiment03_subject_11_repeat1,aggregated_parquet_read_and_preprocessing,0.018985348055139184,group03_experiment03_subject_11,1.0,False,290.0,6.546671743151442e-05,,18.985348055139184
group03_experiment03_subject_11_repeat1,clip_vitl14_embeddings,10.219505283981562,group03_experiment03_subject_11,1.0,False,290.0,0.03523967339303987,,10219.505283981562
group03_experiment03_subject_11_repeat1,clip_feature_store_write_and_read,0.018465600907802582,group03_experiment03_subject_11,1.0,False,290.0,6.367448588897441e-05,,18.465600907802582
group03_experiment03_subject_11_repeat1,temporal_window_construction,0.25309976702556014,group03_experiment03_subject_11,1.0,False,290.0,0.0008727578173295177,,253.09976702556014
group03_experiment03_subject_11_repeat1,fairness_model_prediction,0.29239927791059017,group03_experiment03_subject_11,1.0,False,290.0,0.0010082733721054834,,292.3992779105902
group03_experiment03_subject_11_repeat1,end_to_end_unknown_data,13.461376891005784,group03_experiment03_subject_11,1.0,False,290.0,0.04641854100346822,,13461.376891005784
group03_experiment03_subject_11_repeat1,cold_start_plus_end_to_end,21.556921422015876,group03_experiment03_subject_11,1.0,False,290.0,0.07433421180005474,,21556.921422015876
group03_experiment04_subject_11_repeat1,raw_csv_load,0.30593410111032426,group03_experiment04_subject_11,1.0,False,291.0,0.001051319935087025,,305.93410111032426
group03_experiment04_subject_11_repeat1,image_path_resolution,2.312557253986597,group03_experiment04_subject_11,1.0,False,291.0,0.007946932144283839,,2312.557253986597
group03_experiment04_subject_11_repeat1,temporal_sensor_image_alignment,1.1064277850091457,group03_experiment04_subject_11,1.0,False,291.0,0.003802157336801188,,1106.4277850091457
group03_experiment04_subject_11_repeat1,aggregated_parquet_write,0.018698730040341616,group03_experiment04_subject_11,1.0,False,291.0,6.425680426234233e-05,,18.698730040341616
group03_experiment04_subject_11_repeat1,aggregated_parquet_read_and_preprocessing,0.019184603821486235,group03_experiment04_subject_11,1.0,False,291.0,6.592647361335476e-05,,19.184603821486235
group03_experiment04_subject_11_repeat1,clip_vitl14_embeddings,12.549932488007471,group03_experiment04_subject_11,1.0,False,291.0,0.043126915766348695,,12549.932488007471
group03_experiment04_subject_11_repeat1,clip_feature_store_write_and_read,0.020893175154924393,group03_experiment04_subject_11,1.0,False,291.0,7.17978527660632e-05,,20.893175154924393
group03_experiment04_subject_11_repeat1,temporal_window_construction,0.2610146179795265,group03_experiment04_subject_11,1.0,False,291.0,0.0008969574501014657,,261.0146179795265
group03_experiment04_subject_11_repeat1,fairness_model_prediction,0.2978612098377198,group03_experiment04_subject_11,1.0,False,291.0,0.0010235780406794494,,297.8612098377198
group03_experiment04_subject_11_repeat1,end_to_end_unknown_data,16.8941289819777,group03_experiment04_subject_11,1.0,False,291.0,0.05805542605490619,,16894.1289819777
group03_experiment04_subject_11_repeat1,cold_start_plus_end_to_end,24.989673512987792,group03_experiment04_subject_11,1.0,False,291.0,0.08587516671129826,,24989.673512987792
group03_experiment05_subject_11_repeat1,raw_csv_load,0.3432277829851955,group03_experiment05_subject_11,1.0,False,291.0,0.0011794769174748986,,343.2277829851955
group03_experiment05_subject_11_repeat1,image_path_resolution,1.6631500041112304,group03_experiment05_subject_11,1.0,False,291.0,0.005715292110347871,,1663.1500041112304
group03_experiment05_subject_11_repeat1,temporal_sensor_image_alignment,1.1142173260450363,group03_experiment05_subject_11,1.0,False,291.0,0.0038289255190551074,,1114.2173260450363
group03_experiment05_subject_11_repeat1,aggregated_parquet_write,0.018727553775534034,group03_experiment05_subject_11,1.0,False,291.0,6.435585489874239e-05,,18.727553775534034
group03_experiment05_subject_11_repeat1,aggregated_parquet_read_and_preprocessing,0.01881674607284367,group03_experiment05_subject_11,1.0,False,291.0,6.466235763863805e-05,,18.81674607284367
group03_experiment05_subject_11_repeat1,clip_vitl14_embeddings,10.633360274136066,group03_experiment05_subject_11,1.0,False,291.0,0.03654075695579404,,10633.360274136066
group03_experiment05_subject_11_repeat1,clip_feature_store_write_and_read,0.019361200043931603,group03_experiment05_subject_11,1.0,False,291.0,6.653333348430104e-05,,19.361200043931603
group03_experiment05_subject_11_repeat1,temporal_window_construction,0.2543315899092704,group03_experiment05_subject_11,1.0,False,291.0,0.0008739917179012729,,254.3315899092704
group03_experiment05_subject_11_repeat1,fairness_model_prediction,0.2921035389881581,group03_experiment05_subject_11,1.0,False,291.0,0.001003792230199856,,292.1035389881581
group03_experiment05_subject_11_repeat1,end_to_end_unknown_data,14.359277252107859,group03_experiment05_subject_11,1.0,False,291.0,0.04934459536806824,,14359.277252107859
group03_experiment05_subject_11_repeat1,cold_start_plus_end_to_end,22.45482178311795,group03_experiment05_subject_11,1.0,False,291.0,0.07716433602446031,,22454.82178311795
group03_experiment06_subject_11_repeat1,raw_csv_load,0.2897746420931071,group03_experiment06_subject_11,1.0,False,289.0,0.0010026804224674986,,289.7746420931071
group03_experiment06_subject_11_repeat1,image_path_resolution,1.428927900036797,group03_experiment06_subject_11,1.0,False,289.0,0.004944387197359159,,1428.927900036797
group03_experiment06_subject_11_repeat1,temporal_sensor_image_alignment,1.0863318662159145,group03_experiment06_subject_11,1.0,False,289.0,0.003758933793134652,,1086.3318662159145
group03_experiment06_subject_11_repeat1,aggregated_parquet_write,0.01947189588099718,group03_experiment06_subject_11,1.0,False,289.0,6.737680235639163e-05,,19.47189588099718
group03_experiment06_subject_11_repeat1,aggregated_parquet_read_and_preprocessing,0.020943728042766452,group03_experiment06_subject_11,1.0,False,289.0,7.246964720680433e-05,,20.943728042766452
group03_experiment06_subject_11_repeat1,clip_vitl14_embeddings,10.48885029181838,group03_experiment06_subject_11,1.0,False,289.0,0.03629359962566914,,10488.85029181838
group03_experiment06_subject_11_repeat1,clip_feature_store_write_and_read,0.01968286489136517,group03_experiment06_subject_11,1.0,False,289.0,6.810679893205941e-05,,19.68286489136517
group03_experiment06_subject_11_repeat1,temporal_window_construction,0.2576995880808681,group03_experiment06_subject_11,1.0,False,289.0,0.000891694076404388,,257.6995880808681
group03_experiment06_subject_11_repeat1,fairness_model_prediction,0.30094805895350873,group03_experiment06_subject_11,1.0,False,289.0,0.001041342764545013,,300.94805895350873
group03_experiment06_subject_11_repeat1,end_to_end_unknown_data,13.91442599799484,group03_experiment06_subject_11,1.0,False,289.0,0.04814680276122782,,13914.42599799484
group03_experiment06_subject_11_repeat1,cold_start_plus_end_to_end,22.00997052900493,group03_experiment06_subject_11,1.0,False,289.0,0.07615906757441153,,22009.97052900493
group03_experiment07_subject_11_repeat1,raw_csv_load,0.3178342750761658,group03_experiment07_subject_11,1.0,False,291.0,0.0010922140036981642,,317.8342750761658
group03_experiment07_subject_11_repeat1,image_path_resolution,1.3130332510918379,group03_experiment07_subject_11,1.0,False,291.0,0.00451214175632934,,1313.0332510918379
group03_experiment07_subject_11_repeat1,temporal_sensor_image_alignment,1.0277148650493473,group03_experiment07_subject_11,1.0,False,291.0,0.0035316662029187193,,1027.7148650493473
group03_experiment07_subject_11_repeat1,aggregated_parquet_write,0.018901817966252565,group03_experiment07_subject_11,1.0,False,291.0,6.495470091495727e-05,,18.901817966252565
group03_experiment07_subject_11_repeat1,aggregated_parquet_read_and_preprocessing,0.018354309955611825,group03_experiment07_subject_11,1.0,False,291.0,6.307323008801315e-05,,18.354309955611825
group03_experiment07_subject_11_repeat1,clip_vitl14_embeddings,9.516869313083589,group03_experiment07_subject_11,1.0,False,291.0,0.032704018258019205,,9516.869313083589
group03_experiment07_subject_11_repeat1,clip_feature_store_write_and_read,0.019410402979701757,group03_experiment07_subject_11,1.0,False,291.0,6.670241573780673e-05,,19.410402979701757
group03_experiment07_subject_11_repeat1,temporal_window_construction,0.25236670090816915,group03_experiment07_subject_11,1.0,False,291.0,0.0008672395220211998,,252.36670090816915
group03_experiment07_subject_11_repeat1,fairness_model_prediction,0.29080488509498537,group03_experiment07_subject_11,1.0,False,291.0,0.0009993295020446233,,290.80488509498537
group03_experiment07_subject_11_repeat1,end_to_end_unknown_data,12.776954818982631,group03_experiment07_subject_11,1.0,False,291.0,0.04390706123361729,,12776.954818982631
group03_experiment07_subject_11_repeat1,cold_start_plus_end_to_end,20.872499349992722,group03_experiment07_subject_11,1.0,False,291.0,0.07172680189000935,,20872.499349992722
group03_experiment08_subject_11_repeat1,raw_csv_load,0.31761646806262434,group03_experiment08_subject_11,1.0,False,290.0,0.001095229200215946,,317.61646806262434
group03_experiment08_subject_11_repeat1,image_path_resolution,2.188417428173125,group03_experiment08_subject_11,1.0,False,290.0,0.00754626699370043,,2188.417428173125
group03_experiment08_subject_11_repeat1,temporal_sensor_image_alignment,1.0395609899424016,group03_experiment08_subject_11,1.0,False,290.0,0.0035846930687669022,,1039.5609899424016
group03_experiment08_subject_11_repeat1,aggregated_parquet_write,0.022416102001443505,group03_experiment08_subject_11,1.0,False,290.0,7.729690345325347e-05,,22.416102001443505
group03_experiment08_subject_11_repeat1,aggregated_parquet_read_and_preprocessing,0.023719747085124254,group03_experiment08_subject_11,1.0,False,290.0,8.179223132801466e-05,,23.719747085124254
group03_experiment08_subject_11_repeat1,clip_vitl14_embeddings,12.714824630180374,group03_experiment08_subject_11,1.0,False,290.0,0.04384422286269094,,12714.824630180374
group03_experiment08_subject_11_repeat1,clip_feature_store_write_and_read,0.02041986188851297,group03_experiment08_subject_11,1.0,False,290.0,7.041331685694127e-05,,20.41986188851297
group03_experiment08_subject_11_repeat1,temporal_window_construction,0.25402644486166537,group03_experiment08_subject_11,1.0,False,290.0,0.0008759532581436737,,254.02644486166537
group03_experiment08_subject_11_repeat1,fairness_model_prediction,0.2948739400599152,group03_experiment08_subject_11,1.0,False,290.0,0.0010168066898617765,,294.8739400599152
group03_experiment08_subject_11_repeat1,end_to_end_unknown_data,16.877548973076046,group03_experiment08_subject_11,1.0,False,290.0,0.05819844473474498,,16877.548973076046
group03_experiment08_subject_11_repeat1,cold_start_plus_end_to_end,24.973093504086137,group03_experiment08_subject_11,1.0,False,290.0,0.08611411553133151,,24973.093504086137
group03_experiment09_subject_11_repeat1,raw_csv_load,0.29709284380078316,group03_experiment09_subject_11,1.0,False,291.0,0.0010209376075628288,,297.09284380078316
group03_experiment09_subject_11_repeat1,image_path_resolution,1.4662621181923896,group03_experiment09_subject_11,1.0,False,291.0,0.00503870143708725,,1466.2621181923896
group03_experiment09_subject_11_repeat1,temporal_sensor_image_alignment,1.1006998200900853,group03_experiment09_subject_11,1.0,False,291.0,0.003782473608556994,,1100.6998200900853
group03_experiment09_subject_11_repeat1,aggregated_parquet_write,0.01952903694473207,group03_experiment09_subject_11,1.0,False,291.0,6.7110092593581e-05,,19.52903694473207
group03_experiment09_subject_11_repeat1,aggregated_parquet_read_and_preprocessing,0.01924488809891045,group03_experiment09_subject_11,1.0,False,291.0,6.613363607873008e-05,,19.24488809891045
group03_experiment09_subject_11_repeat1,clip_vitl14_embeddings,10.572828524978831,group03_experiment09_subject_11,1.0,False,291.0,0.03633274407209221,,10572.828524978831
group03_experiment09_subject_11_repeat1,clip_feature_store_write_and_read,0.01912742806598544,group03_experiment09_subject_11,1.0,False,291.0,6.572999335390185e-05,,19.12742806598544
group03_experiment09_subject_11_repeat1,temporal_window_construction,0.2607893410604447,group03_experiment09_subject_11,1.0,False,291.0,0.0008961833026132121,,260.7893410604447
group03_experiment09_subject_11_repeat1,fairness_model_prediction,0.29230949794873595,group03_experiment09_subject_11,1.0,False,291.0,0.0010044999929509826,,292.30949794873595
group03_experiment09_subject_11_repeat1,end_to_end_unknown_data,14.050541843054816,group03_experiment09_subject_11,1.0,False,291.0,0.04828364894520555,,14050.541843054816
group03_experiment09_subject_11_repeat1,cold_start_plus_end_to_end,22.146086374064907,group03_experiment09_subject_11,1.0,False,291.0,0.07610338960159763,,22146.086374064907
group01_experiment01_subject_08_repeat2,raw_csv_load,0.2796012118924409,group01_experiment01_subject_08,2.0,False,291.0,0.000960828906846876,,279.6012118924409
group01_experiment01_subject_08_repeat2,image_path_resolution,0.22115913685411215,group01_experiment01_subject_08,2.0,False,291.0,0.0007599970338629283,,221.15913685411215
group01_experiment01_subject_08_repeat2,temporal_sensor_image_alignment,1.0756177480798215,group01_experiment01_subject_08,2.0,False,291.0,0.0036962809212365,,1075.6177480798215
group01_experiment01_subject_08_repeat2,aggregated_parquet_write,0.018855984089896083,group01_experiment01_subject_08,2.0,False,291.0,6.47971961852099e-05,,18.855984089896083
group01_experiment01_subject_08_repeat2,aggregated_parquet_read_and_preprocessing,0.018585887039080262,group01_experiment01_subject_08,2.0,False,291.0,6.386902762570537e-05,,18.585887039080262
group01_experiment01_subject_08_repeat2,clip_vitl14_embeddings,11.946808662964031,group01_experiment01_subject_08,2.0,False,291.0,0.0410543253022819,,11946.808662964031
group01_experiment01_subject_08_repeat2,clip_feature_store_write_and_read,0.019155343994498253,group01_experiment01_subject_08,2.0,False,291.0,6.582592437971908e-05,,19.155343994498253
group01_experiment01_subject_08_repeat2,temporal_window_construction,0.25394139089621603,group01_experiment01_subject_08,2.0,False,291.0,0.0008726508278220482,,253.94139089621603
group01_experiment01_subject_08_repeat2,fairness_model_prediction,0.2894050311297178,group01_experiment01_subject_08,2.0,False,291.0,0.000994519007318618,,289.4050311297178
group01_experiment01_subject_08_repeat2,end_to_end_unknown_data,14.124431181000546,group01_experiment01_subject_08,2.0,False,291.0,0.048537564195878166,,14124.431181000546
group01_experiment01_subject_08_repeat2,cold_start_plus_end_to_end,22.219975712010637,group01_experiment01_subject_08,2.0,False,291.0,0.07635730485227023,,22219.975712010637
group01_experiment01_subject_10_repeat2,raw_csv_load,0.2976135609205812,group01_experiment01_subject_10,2.0,False,291.0,0.0010227270134727877,,297.6135609205812
group01_experiment01_subject_10_repeat2,image_path_resolution,0.2861513779498637,group01_experiment01_subject_10,2.0,False,291.0,0.0009833380685562326,,286.1513779498637
group01_experiment01_subject_10_repeat2,temporal_sensor_image_alignment,1.0131866598967463,group01_experiment01_subject_10,2.0,False,291.0,0.0034817410993015336,,1013.1866598967463
group01_experiment01_subject_10_repeat2,aggregated_parquet_write,0.01800576806999743,group01_experiment01_subject_10,2.0,False,291.0,6.18754916494757e-05,,18.00576806999743
group01_experiment01_subject_10_repeat2,aggregated_parquet_read_and_preprocessing,0.018062680959701538,group01_experiment01_subject_10,2.0,False,291.0,6.207106859003965e-05,,18.062680959701538
group01_experiment01_subject_10_repeat2,clip_vitl14_embeddings,10.01132434187457,group01_experiment01_subject_10,2.0,False,291.0,0.034403176432558656,,10011.32434187457
group01_experiment01_subject_10_repeat2,clip_feature_store_write_and_read,0.019517123932018876,group01_experiment01_subject_10,2.0,False,291.0,6.706915440556314e-05,,19.517123932018876
group01_experiment01_subject_10_repeat2,temporal_window_construction,0.3847504328005016,group01_experiment01_subject_10,2.0,False,291.0,0.0013221664357405552,,384.7504328005016
group01_experiment01_subject_10_repeat2,fairness_model_prediction,0.29181878292001784,group01_experiment01_subject_10,2.0,False,291.0,0.0010028136870103707,,291.81878292001784
group01_experiment01_subject_10_repeat2,end_to_end_unknown_data,12.341672976966947,group01_experiment01_subject_10,2.0,False,291.0,0.04241124734352903,,12341.672976966947
group01_experiment01_subject_10_repeat2,cold_start_plus_end_to_end,20.43721750797704,group01_experiment01_subject_10,2.0,False,291.0,0.0702309879999211,,20437.21750797704
group01_experiment01_subject_15_repeat2,raw_csv_load,0.28102829004637897,group01_experiment01_subject_15,2.0,False,291.0,0.0009657329554858384,,281.02829004637897
group01_experiment01_subject_15_repeat2,image_path_resolution,0.2287854568567127,group01_experiment01_subject_15,2.0,False,291.0,0.0007862043190952326,,228.7854568567127
group01_experiment01_subject_15_repeat2,temporal_sensor_image_alignment,1.1456627110019326,group01_experiment01_subject_15,2.0,False,291.0,0.0039369852611750265,,1145.6627110019326
group01_experiment01_subject_15_repeat2,aggregated_parquet_write,0.019604245200753212,group01_experiment01_subject_15,2.0,False,291.0,6.736854020877392e-05,,19.604245200753212
group01_experiment01_subject_15_repeat2,aggregated_parquet_read_and_preprocessing,0.019035927020013332,group01_experiment01_subject_15,2.0,False,291.0,6.541555676980526e-05,,19.035927020013332
group01_experiment01_subject_15_repeat2,clip_vitl14_embeddings,13.974474428920075,group01_experiment01_subject_15,2.0,False,291.0,0.04802224889663256,,13974.474428920075
group01_experiment01_subject_15_repeat2,clip_feature_store_write_and_read,0.02014464302919805,group01_experiment01_subject_15,2.0,False,291.0,6.922557741992457e-05,,20.14464302919805
group01_experiment01_subject_15_repeat2,temporal_window_construction,0.26137225492857397,group01_experiment01_subject_15,2.0,False,291.0,0.0008981864430535188,,261.37225492857397
group01_experiment01_subject_15_repeat2,fairness_model_prediction,0.299009992973879,group01_experiment01_subject_15,2.0,False,291.0,0.0010275257490511304,,299.009992973879
group01_experiment01_subject_15_repeat2,end_to_end_unknown_data,16.250407656887546,group01_experiment01_subject_15,2.0,False,291.0,0.0558433252814005,,16250.407656887546
group01_experiment01_subject_15_repeat2,cold_start_plus_end_to_end,24.345952187897637,group01_experiment01_subject_15,2.0,False,291.0,0.08366306593779257,,24345.952187897637
group01_experiment01_subject_18_repeat2,raw_csv_load,0.3165588441770524,group01_experiment01_subject_18,2.0,False,291.0,0.001087831079646228,,316.5588441770524
group01_experiment01_subject_18_repeat2,image_path_resolution,0.2799986090976745,group01_experiment01_subject_18,2.0,False,291.0,0.0009621945329816992,,279.9986090976745
group01_experiment01_subject_18_repeat2,temporal_sensor_image_alignment,1.1134603251703084,group01_experiment01_subject_18,2.0,False,291.0,0.0038263241414787227,,1113.4603251703084
group01_experiment01_subject_18_repeat2,aggregated_parquet_write,0.019360185135155916,group01_experiment01_subject_18,2.0,False,291.0,6.652984582527806e-05,,19.360185135155916
group01_experiment01_subject_18_repeat2,aggregated_parquet_read_and_preprocessing,0.019574793986976147,group01_experiment01_subject_18,2.0,False,291.0,6.726733328857783e-05,,19.574793986976147
group01_experiment01_subject_18_repeat2,clip_vitl14_embeddings,12.388025471009314,group01_experiment01_subject_18,2.0,False,291.0,0.04257053426463682,,12388.025471009314
group01_experiment01_subject_18_repeat2,clip_feature_store_write_and_read,0.0223165238276124,group01_experiment01_subject_18,2.0,False,291.0,7.668908531825567e-05,,22.3165238276124
group01_experiment01_subject_18_repeat2,temporal_window_construction,0.2569835688918829,group01_experiment01_subject_18,2.0,False,291.0,0.0008831050477384292,,256.9835688918829
group01_experiment01_subject_18_repeat2,fairness_model_prediction,0.2936034470330924,group01_experiment01_subject_18,2.0,False,291.0,0.0010089465533783244,,293.6034470330924
group01_experiment01_subject_18_repeat2,end_to_end_unknown_data,14.711173946969211,group01_experiment01_subject_18,2.0,False,291.0,0.05055386236071894,,14711.173946969211
group01_experiment01_subject_18_repeat2,cold_start_plus_end_to_end,22.806718477979302,group01_experiment01_subject_18,2.0,False,291.0,0.07837360301711101,,22806.718477979302
group01_experiment02_subject_08_repeat2,raw_csv_load,0.2985139600932598,group01_experiment02_subject_08,2.0,False,291.0,0.0010258211687053601,,298.5139600932598
group01_experiment02_subject_08_repeat2,image_path_resolution,0.3174541820771992,group01_experiment02_subject_08,2.0,False,291.0,0.0010909078421896881,,317.4541820771992
group01_experiment02_subject_08_repeat2,temporal_sensor_image_alignment,1.099280766909942,group01_experiment02_subject_08,2.0,False,291.0,0.003777597137147567,,1099.280766909942
group01_experiment02_subject_08_repeat2,aggregated_parquet_write,0.022290438879281282,group01_experiment02_subject_08,2.0,False,291.0,7.659944632055423e-05,,22.290438879281282
group01_experiment02_subject_08_repeat2,aggregated_parquet_read_and_preprocessing,0.02488286094740033,group01_experiment02_subject_08,2.0,False,291.0,8.550811322130699e-05,,24.88286094740033
group01_experiment02_subject_08_repeat2,clip_vitl14_embeddings,12.565926010953262,group01_experiment02_subject_08,2.0,False,291.0,0.04318187632629987,,12565.926010953262
group01_experiment02_subject_08_repeat2,clip_feature_store_write_and_read,0.026299051009118557,group01_experiment02_subject_08,2.0,False,291.0,9.03747457358026e-05,,26.299051009118557
group01_experiment02_subject_08_repeat2,temporal_window_construction,0.2609487490262836,group01_experiment02_subject_08,2.0,False,291.0,0.000896731096310253,,260.9487490262836
group01_experiment02_subject_08_repeat2,fairness_model_prediction,0.29815139598213136,group01_experiment02_subject_08,2.0,False,291.0,0.00102457524392485,,298.15139598213136
group01_experiment02_subject_08_repeat2,end_to_end_unknown_data,14.915104885818437,group01_experiment02_subject_08,2.0,False,291.0,0.05125465596501181,,14915.104885818437
group01_experiment02_subject_08_repeat2,cold_start_plus_end_to_end,23.010649416828528,group01_experiment02_subject_08,2.0,False,291.0,0.07907439662140388,,23010.649416828528
group01_experiment02_subject_10_repeat2,raw_csv_load,0.29697027313522995,group01_experiment02_subject_10,2.0,False,291.0,0.0010205164025265635,,296.97027313522995
group01_experiment02_subject_10_repeat2,image_path_resolution,0.21743823098950088,group01_experiment02_subject_10,2.0,False,291.0,0.0007472104157714807,,217.43823098950088
group01_experiment02_subject_10_repeat2,temporal_sensor_image_alignment,1.0508621530607343,group01_experiment02_subject_10,2.0,False,291.0,0.0036112101479750316,,1050.8621530607343
group01_experiment02_subject_10_repeat2,aggregated_parquet_write,0.01881927391514182,group01_experiment02_subject_10,2.0,False,291.0,6.467104438193066e-05,,18.81927391514182
group01_experiment02_subject_10_repeat2,aggregated_parquet_read_and_preprocessing,0.01943874079734087,group01_experiment02_subject_10,2.0,False,291.0,6.679979655443597e-05,,19.43874079734087
group01_experiment02_subject_10_repeat2,clip_vitl14_embeddings,12.964280792046338,group01_experiment02_subject_10,2.0,False,291.0,0.0445507930998156,,12964.280792046338
group01_experiment02_subject_10_repeat2,clip_feature_store_write_and_read,0.024012015899643302,group01_experiment02_subject_10,2.0,False,291.0,8.251551855547527e-05,,24.012015899643302
group01_experiment02_subject_10_repeat2,temporal_window_construction,0.25504464795812964,group01_experiment02_subject_10,2.0,False,291.0,0.0008764420892031947,,255.04464795812964
group01_experiment02_subject_10_repeat2,fairness_model_prediction,0.2920615798793733,group01_experiment02_subject_10,2.0,False,291.0,0.0010036480408225888,,292.0615798793733
group01_experiment02_subject_10_repeat2,end_to_end_unknown_data,15.140308811096475,group01_experiment02_subject_10,2.0,False,291.0,0.0520285526154518,,15140.308811096475
group01_experiment02_subject_10_repeat2,cold_start_plus_end_to_end,23.235853342106566,group01_experiment02_subject_10,2.0,False,291.0,0.07984829327184387,,23235.853342106566
group01_experiment02_subject_15_repeat2,raw_csv_load,0.298542242962867,group01_experiment02_subject_15,2.0,False,291.0,0.0010259183606971375,,298.542242962867
group01_experiment02_subject_15_repeat2,image_path_resolution,0.3350439718924463,group01_experiment02_subject_15,2.0,False,291.0,0.0011513538553005027,,335.0439718924463
group01_experiment02_subject_15_repeat2,temporal_sensor_image_alignment,1.1432428678963333,group01_experiment02_subject_15,2.0,False,291.0,0.003928669649128293,,1143.2428678963333
group01_experiment02_subject_15_repeat2,aggregated_parquet_write,0.01976723619736731,group01_experiment02_subject_15,2.0,False,291.0,6.792864672634815e-05,,19.76723619736731
group01_experiment02_subject_15_repeat2,aggregated_parquet_read_and_preprocessing,0.01859981007874012,group01_experiment02_subject_15,2.0,False,291.0,6.391687312281828e-05,,18.59981007874012
group01_experiment02_subject_15_repeat2,clip_vitl14_embeddings,12.705396652920172,group01_experiment02_subject_15,2.0,False,291.0,0.04366115688288719,,12705.396652920172
group01_experiment02_subject_15_repeat2,clip_feature_store_write_and_read,0.019569241907447577,group01_experiment02_subject_15,2.0,False,291.0,6.724825397748308e-05,,19.569241907447577
group01_experiment02_subject_15_repeat2,temporal_window_construction,0.2587302029132843,group01_experiment02_subject_15,2.0,False,291.0,0.0008891072265061317,,258.7302029132843
group01_experiment02_subject_15_repeat2,fairness_model_prediction,0.2932888159994036,group01_experiment02_subject_15,2.0,False,291.0,0.0010078653470769884,,293.2888159994036
group01_experiment02_subject_15_repeat2,end_to_end_unknown_data,15.093445589998737,group01_experiment02_subject_15,2.0,False,291.0,0.05186751061855236,,15093.445589998737
group01_experiment02_subject_15_repeat2,cold_start_plus_end_to_end,23.18899012100883,group01_experiment02_subject_15,2.0,False,291.0,0.07968725127494443,,23188.99012100883
group01_experiment02_subject_18_repeat2,raw_csv_load,0.31781147397123277,group01_experiment02_subject_18,2.0,False,291.0,0.0010921356493856797,,317.8114739712328
group01_experiment02_subject_18_repeat2,image_path_resolution,0.31599310296587646,group01_experiment02_subject_18,2.0,False,291.0,0.0010858869517727714,,315.99310296587646
group01_experiment02_subject_18_repeat2,temporal_sensor_image_alignment,1.1109764541033655,group01_experiment02_subject_18,2.0,False,291.0,0.003817788502073421,,1110.9764541033655
group01_experiment02_subject_18_repeat2,aggregated_parquet_write,0.018971411045640707,group01_experiment02_subject_18,2.0,False,291.0,6.51938523905179e-05,,18.971411045640707
group01_experiment02_subject_18_repeat2,aggregated_parquet_read_and_preprocessing,0.018958799075335264,group01_experiment02_subject_18,2.0,False,291.0,6.515051228637548e-05,,18.958799075335264
group01_experiment02_subject_18_repeat2,clip_vitl14_embeddings,13.133469650056213,group01_experiment02_subject_18,2.0,False,291.0,0.04513219811015881,,13133.469650056213
group01_experiment02_subject_18_repeat2,clip_feature_store_write_and_read,0.02181724295951426,group01_experiment02_subject_18,2.0,False,291.0,7.497334350348544e-05,,21.81724295951426
group01_experiment02_subject_18_repeat2,temporal_window_construction,0.25780593208037317,group01_experiment02_subject_18,2.0,False,291.0,0.0008859310380768837,,257.80593208037317
group01_experiment02_subject_18_repeat2,fairness_model_prediction,0.29355126805603504,group01_experiment02_subject_18,2.0,False,291.0,0.0010087672441788146,,293.55126805603504
group01_experiment02_subject_18_repeat2,end_to_end_unknown_data,15.490610982989892,group01_experiment02_subject_18,2.0,False,291.0,0.05323234014773159,,15490.610982989892
group01_experiment02_subject_18_repeat2,cold_start_plus_end_to_end,23.586155513999984,group01_experiment02_subject_18,2.0,False,291.0,0.08105208080412366,,23586.155513999984
group01_experiment03_subject_08_repeat2,raw_csv_load,0.28252714197151363,group01_experiment03_subject_08,2.0,False,290.0,0.0009742315240397021,,282.52714197151363
group01_experiment03_subject_08_repeat2,image_path_resolution,0.30542162898927927,group01_experiment03_subject_08,2.0,False,290.0,0.0010531780309975148,,305.42162898927927
group01_experiment03_subject_08_repeat2,temporal_sensor_image_alignment,1.1975891129113734,group01_experiment03_subject_08,2.0,False,290.0,0.004129617630728874,,1197.5891129113734
group01_experiment03_subject_08_repeat2,aggregated_parquet_write,0.02020413801074028,group01_experiment03_subject_08,2.0,False,290.0,6.966944141634579e-05,,20.20413801074028
group01_experiment03_subject_08_repeat2,aggregated_parquet_read_and_preprocessing,0.019641715101897717,group01_experiment03_subject_08,2.0,False,290.0,6.773005207550937e-05,,19.641715101897717
group01_experiment03_subject_08_repeat2,clip_vitl14_embeddings,12.907930818852037,group01_experiment03_subject_08,2.0,False,290.0,0.04451010627190358,,12907.930818852037
group01_experiment03_subject_08_repeat2,clip_feature_store_write_and_read,0.02417922718450427,group01_experiment03_subject_08,2.0,False,290.0,8.337664546380783e-05,,24.17922718450427
group01_experiment03_subject_08_repeat2,temporal_window_construction,0.2617587810382247,group01_experiment03_subject_08,2.0,False,290.0,0.0009026164863387058,,261.7587810382247
group01_experiment03_subject_08_repeat2,fairness_model_prediction,0.2918339380994439,group01_experiment03_subject_08,2.0,False,290.0,0.001006323924480841,,291.8339380994439
group01_experiment03_subject_08_repeat2,end_to_end_unknown_data,15.312369849998504,group01_experiment03_subject_08,2.0,False,290.0,0.05280127534482243,,15312.369849998504
group01_experiment03_subject_08_repeat2,cold_start_plus_end_to_end,23.407914381008595,group01_experiment03_subject_08,2.0,False,290.0,0.08071694614140895,,23407.914381008595
group01_experiment03_subject_10_repeat2,raw_csv_load,0.2811984680593014,group01_experiment03_subject_10,2.0,False,291.0,0.0009663177596539567,,281.1984680593014
group01_experiment03_subject_10_repeat2,image_path_resolution,0.37313561607152224,group01_experiment03_subject_10,2.0,False,291.0,0.0012822529761907981,,373.13561607152224
group01_experiment03_subject_10_repeat2,temporal_sensor_image_alignment,1.2424260778352618,group01_experiment03_subject_10,2.0,False,291.0,0.004269505422114302,,1242.4260778352618
group01_experiment03_subject_10_repeat2,aggregated_parquet_write,0.01995678897947073,group01_experiment03_subject_10,2.0,False,291.0,6.858003085728774e-05,,19.95678897947073
group01_experiment03_subject_10_repeat2,aggregated_parquet_read_and_preprocessing,0.020283845951780677,group01_experiment03_subject_10,2.0,False,291.0,6.970393797862776e-05,,20.283845951780677
group01_experiment03_subject_10_repeat2,clip_vitl14_embeddings,13.172168685123324,group01_experiment03_subject_10,2.0,False,291.0,0.04526518448495988,,13172.168685123324
group01_experiment03_subject_10_repeat2,clip_feature_store_write_and_read,0.02039409801363945,group01_experiment03_subject_10,2.0,False,291.0,7.008281104343453e-05,,20.39409801363945
group01_experiment03_subject_10_repeat2,temporal_window_construction,0.25823389110155404,group01_experiment03_subject_10,2.0,False,291.0,0.0008874016876342063,,258.23389110155404
group01_experiment03_subject_10_repeat2,fairness_model_prediction,0.29750367579981685,group01_experiment03_subject_10,2.0,False,291.0,0.0010223494013739411,,297.50367579981685
group01_experiment03_subject_10_repeat2,end_to_end_unknown_data,15.686612946912646,group01_experiment03_subject_10,2.0,False,291.0,0.05390588641550738,,15686.612946912646
group01_experiment03_subject_10_repeat2,cold_start_plus_end_to_end,23.782157477922738,group01_experiment03_subject_10,2.0,False,291.0,0.08172562707189944,,23782.157477922738
group01_experiment03_subject_15_repeat2,raw_csv_load,0.32590369577519596,group01_experiment03_subject_15,2.0,False,290.0,0.0011238058475006756,,325.90369577519596
group01_experiment03_subject_15_repeat2,image_path_resolution,0.2387628338765353,group01_experiment03_subject_15,2.0,False,290.0,0.000823320116815639,,238.7628338765353
group01_experiment03_subject_15_repeat2,temporal_sensor_image_alignment,1.2502262070775032,group01_experiment03_subject_15,2.0,False,290.0,0.00431112485199139,,1250.2262070775032
group01_experiment03_subject_15_repeat2,aggregated_parquet_write,0.021013968158513308,group01_experiment03_subject_15,2.0,False,290.0,7.246195916728727e-05,,21.013968158513308
group01_experiment03_subject_15_repeat2,aggregated_parquet_read_and_preprocessing,0.020396856125444174,group01_experiment03_subject_15,2.0,False,290.0,7.033398663946267e-05,,20.396856125444174
group01_experiment03_subject_15_repeat2,clip_vitl14_embeddings,12.934593499172479,group01_experiment03_subject_15,2.0,False,290.0,0.044602046548870615,,12934.593499172479
group01_experiment03_subject_15_repeat2,clip_feature_store_write_and_read,0.02041006600484252,group01_experiment03_subject_15,2.0,False,290.0,7.037953794773283e-05,,20.41006600484252
group01_experiment03_subject_15_repeat2,temporal_window_construction,0.2576284888200462,group01_experiment03_subject_15,2.0,False,290.0,0.0008883740993794696,,257.6284888200462
group01_experiment03_subject_15_repeat2,fairness_model_prediction,0.2926219841465354,group01_experiment03_subject_15,2.0,False,290.0,0.0010090413246432255,,292.6219841465354
group01_experiment03_subject_15_repeat2,end_to_end_unknown_data,15.362867834977806,group01_experiment03_subject_15,2.0,False,290.0,0.052975406327509675,,15362.867834977806
group01_experiment03_subject_15_repeat2,cold_start_plus_end_to_end,23.458412365987897,group01_experiment03_subject_15,2.0,False,290.0,0.0808910771240962,,23458.412365987897
group01_experiment03_subject_18_repeat2,raw_csv_load,0.3007958708330989,group01_experiment03_subject_18,2.0,False,290.0,0.0010372271408037894,,300.7958708330989
group01_experiment03_subject_18_repeat2,image_path_resolution,0.3134597248863429,group01_experiment03_subject_18,2.0,False,290.0,0.0010808956030563548,,313.4597248863429
group01_experiment03_subject_18_repeat2,temporal_sensor_image_alignment,1.2053080420009792,group01_experiment03_subject_18,2.0,False,290.0,0.004156234627589584,,1205.3080420009792
group01_experiment03_subject_18_repeat2,aggregated_parquet_write,0.021165182115510106,group01_experiment03_subject_18,2.0,False,290.0,7.298338660520727e-05,,21.165182115510106
group01_experiment03_subject_18_repeat2,aggregated_parquet_read_and_preprocessing,0.026026125997304916,group01_experiment03_subject_18,2.0,False,290.0,8.974526205967213e-05,,26.026125997304916
group01_experiment03_subject_18_repeat2,clip_vitl14_embeddings,12.512121399864554,group01_experiment03_subject_18,2.0,False,290.0,0.0431452462064295,,12512.121399864554
group01_experiment03_subject_18_repeat2,clip_feature_store_write_and_read,0.020653771003708243,group01_experiment03_subject_18,2.0,False,290.0,7.121990001278705e-05,,20.653771003708243
group01_experiment03_subject_18_repeat2,temporal_window_construction,0.2546604969538748,group01_experiment03_subject_18,2.0,False,290.0,0.0008781396446685338,,254.66049695387483
group01_experiment03_subject_18_repeat2,fairness_model_prediction,0.2976614411454648,group01_experiment03_subject_18,2.0,False,290.0,0.0010264187625705682,,297.6614411454648
group01_experiment03_subject_18_repeat2,end_to_end_unknown_data,14.953236343106255,group01_experiment03_subject_18,2.0,False,290.0,0.051562883941745706,,14953.236343106255
group01_experiment03_subject_18_repeat2,cold_start_plus_end_to_end,23.048780874116346,group01_experiment03_subject_18,2.0,False,290.0,0.07947855473833222,,23048.780874116346
group01_experiment04_subject_08_repeat2,raw_csv_load,0.2611853498965502,group01_experiment04_subject_08,2.0,False,234.0,0.0011161767089596162,,261.1853498965502
group01_experiment04_subject_08_repeat2,image_path_resolution,0.29877590318210423,group01_experiment04_subject_08,2.0,False,234.0,0.0012768200990688214,,298.77590318210423
group01_experiment04_subject_08_repeat2,temporal_sensor_image_alignment,0.9912652121856809,group01_experiment04_subject_08,2.0,False,234.0,0.004236176120451627,,991.2652121856809
group01_experiment04_subject_08_repeat2,aggregated_parquet_write,0.019805361051112413,group01_experiment04_subject_08,2.0,False,234.0,8.463829509022398e-05,,19.805361051112413
group01_experiment04_subject_08_repeat2,aggregated_parquet_read_and_preprocessing,0.019196287030354142,group01_experiment04_subject_08,2.0,False,234.0,8.203541465963308e-05,,19.196287030354142
group01_experiment04_subject_08_repeat2,clip_vitl14_embeddings,8.320054427022114,group01_experiment04_subject_08,2.0,False,234.0,0.03555578814966716,,8320.054427022114
group01_experiment04_subject_08_repeat2,clip_feature_store_write_and_read,0.020702023059129715,group01_experiment04_subject_08,2.0,False,234.0,8.847018401337485e-05,,20.702023059129715
group01_experiment04_subject_08_repeat2,temporal_window_construction,0.21149770403280854,group01_experiment04_subject_08,2.0,False,234.0,0.0009038363420205493,,211.49770403280854
group01_experiment04_subject_08_repeat2,fairness_model_prediction,0.23714940901845694,group01_experiment04_subject_08,2.0,False,234.0,0.0010134590128993886,,237.14940901845694
group01_experiment04_subject_08_repeat2,end_to_end_unknown_data,10.380985367111862,group01_experiment04_subject_08,2.0,False,234.0,0.04436318532953787,,10380.985367111862
group01_experiment04_subject_08_repeat2,cold_start_plus_end_to_end,18.476529898121953,group01_experiment04_subject_08,2.0,False,234.0,0.07895952947915365,,18476.529898121953
group01_experiment04_subject_10_repeat2,raw_csv_load,0.30283074197359383,group01_experiment04_subject_10,2.0,False,291.0,0.0010406554706996352,,302.83074197359383
group01_experiment04_subject_10_repeat2,image_path_resolution,0.24120751302689314,group01_experiment04_subject_10,2.0,False,291.0,0.0008288917973432754,,241.20751302689314
group01_experiment04_subject_10_repeat2,temporal_sensor_image_alignment,1.2786433990113437,group01_experiment04_subject_10,2.0,False,291.0,0.0043939635704857176,,1278.6433990113437
group01_experiment04_subject_10_repeat2,aggregated_parquet_write,0.020306340185925364,group01_experiment04_subject_10,2.0,False,291.0,6.978123775232084e-05,,20.306340185925364
group01_experiment04_subject_10_repeat2,aggregated_parquet_read_and_preprocessing,0.019561734050512314,group01_experiment04_subject_10,2.0,False,291.0,6.722245378182925e-05,,19.561734050512314
group01_experiment04_subject_10_repeat2,clip_vitl14_embeddings,11.546605297131464,group01_experiment04_subject_10,2.0,False,291.0,0.03967905600388819,,11546.605297131464
group01_experiment04_subject_10_repeat2,clip_feature_store_write_and_read,0.025074566947296262,group01_experiment04_subject_10,2.0,False,291.0,8.616689672610399e-05,,25.074566947296262
group01_experiment04_subject_10_repeat2,temporal_window_construction,0.2615236740093678,group01_experiment04_subject_10,2.0,False,291.0,0.0008987067835373464,,261.5236740093678
group01_experiment04_subject_10_repeat2,fairness_model_prediction,0.29363735602237284,group01_experiment04_subject_10,2.0,False,291.0,0.0010090630791146833,,293.63735602237284
group01_experiment04_subject_10_repeat2,end_to_end_unknown_data,13.99077245616354,group01_experiment04_subject_10,2.0,False,291.0,0.04807825586310495,,13990.77245616354
group01_experiment04_subject_10_repeat2,cold_start_plus_end_to_end,22.086316987173632,group01_experiment04_subject_10,2.0,False,291.0,0.07589799651949701,,22086.31698717363
group01_experiment04_subject_15_repeat2,raw_csv_load,0.3173780960496515,group01_experiment04_subject_15,2.0,False,290.0,0.001094407227757419,,317.3780960496515
group01_experiment04_subject_15_repeat2,image_path_resolution,0.3045032031368464,group01_experiment04_subject_15,2.0,False,290.0,0.0010500110452994703,,304.5032031368464
group01_experiment04_subject_15_repeat2,temporal_sensor_image_alignment,1.2587373808491975,group01_experiment04_subject_15,2.0,False,290.0,0.004340473727066198,,1258.7373808491975
group01_experiment04_subject_15_repeat2,aggregated_parquet_write,0.020961940987035632,group01_experiment04_subject_15,2.0,False,290.0,7.228255512770907e-05,,20.961940987035632
group01_experiment04_subject_15_repeat2,aggregated_parquet_read_and_preprocessing,0.021322668995708227,group01_experiment04_subject_15,2.0,False,290.0,7.352644481278699e-05,,21.322668995708227
group01_experiment04_subject_15_repeat2,clip_vitl14_embeddings,11.516466574044898,group01_experiment04_subject_15,2.0,False,290.0,0.039711953703603094,,11516.466574044898
group01_experiment04_subject_15_repeat2,clip_feature_store_write_and_read,0.020547059131786227,group01_experiment04_subject_15,2.0,False,290.0,7.085192804064217e-05,,20.547059131786227
group01_experiment04_subject_15_repeat2,temporal_window_construction,0.2545177349820733,group01_experiment04_subject_15,2.0,False,290.0,0.0008776473620071494,,254.5177349820733
group01_experiment04_subject_15_repeat2,fairness_model_prediction,0.30060456693172455,group01_experiment04_subject_15,2.0,False,290.0,0.0010365674721783606,,300.60456693172455
group01_experiment04_subject_15_repeat2,end_to_end_unknown_data,14.016523282974958,group01_experiment04_subject_15,2.0,False,290.0,0.0483328389068102,,14016.523282974958
group01_experiment04_subject_15_repeat2,cold_start_plus_end_to_end,22.11206781398505,group01_experiment04_subject_15,2.0,False,290.0,0.07624850970339672,,22112.06781398505
group01_experiment04_subject_18_repeat2,raw_csv_load,0.23491328791715205,group01_experiment04_subject_18,2.0,False,230.0,0.001021362121378922,,234.91328791715205
group01_experiment04_subject_18_repeat2,image_path_resolution,0.2807696359232068,group01_experiment04_subject_18,2.0,False,230.0,0.0012207375474922034,,280.7696359232068
group01_experiment04_subject_18_repeat2,temporal_sensor_image_alignment,1.009195052087307,group01_experiment04_subject_18,2.0,False,230.0,0.004387804574292639,,1009.195052087307
group01_experiment04_subject_18_repeat2,aggregated_parquet_write,0.019649368012323976,group01_experiment04_subject_18,2.0,False,230.0,8.54320348361912e-05,,19.649368012323976
group01_experiment04_subject_18_repeat2,aggregated_parquet_read_and_preprocessing,0.020934924017637968,group01_experiment04_subject_18,2.0,False,230.0,9.1021408772339e-05,,20.934924017637968
group01_experiment04_subject_18_repeat2,clip_vitl14_embeddings,8.472469876985997,group01_experiment04_subject_18,2.0,False,230.0,0.03683682555211303,,8472.469876985997
group01_experiment04_subject_18_repeat2,clip_feature_store_write_and_read,0.01909017004072666,group01_experiment04_subject_18,2.0,False,230.0,8.300073930750722e-05,,19.09017004072666
group01_experiment04_subject_18_repeat2,temporal_window_construction,0.2049350249581039,group01_experiment04_subject_18,2.0,False,230.0,0.00089102184764393,,204.9350249581039
group01_experiment04_subject_18_repeat2,fairness_model_prediction,0.2402238619979471,group01_experiment04_subject_18,2.0,False,230.0,0.0010444515739041179,,240.2238619979471
group01_experiment04_subject_18_repeat2,end_to_end_unknown_data,10.5034659889061,group01_experiment04_subject_18,2.0,False,230.0,0.045667243430026525,,10503.4659889061
group01_experiment04_subject_18_repeat2,cold_start_plus_end_to_end,18.59901051991619,group01_experiment04_subject_18,2.0,False,230.0,0.0808652631300704,,18599.01051991619
group01_experiment06_subject_08_repeat2,raw_csv_load,0.2914482110645622,group01_experiment06_subject_08,2.0,False,291.0,0.0010015402442081175,,291.4482110645622
group01_experiment06_subject_08_repeat2,image_path_resolution,0.22540869703516364,group01_experiment06_subject_08,2.0,False,291.0,0.0007746003334541706,,225.40869703516364
group01_experiment06_subject_08_repeat2,temporal_sensor_image_alignment,1.0787675338797271,group01_experiment06_subject_08,2.0,False,291.0,0.003707104927421743,,1078.7675338797271
group01_experiment06_subject_08_repeat2,aggregated_parquet_write,0.01870879903435707,group01_experiment06_subject_08,2.0,False,291.0,6.429140561634732e-05,,18.70879903435707
group01_experiment06_subject_08_repeat2,aggregated_parquet_read_and_preprocessing,0.018853422021493316,group01_experiment06_subject_08,2.0,False,291.0,6.478839182643751e-05,,18.853422021493316
group01_experiment06_subject_08_repeat2,clip_vitl14_embeddings,13.045729063916951,group01_experiment06_subject_08,2.0,False,291.0,0.04483068406844313,,13045.729063916951
group01_experiment06_subject_08_repeat2,clip_feature_store_write_and_read,0.019591835094615817,group01_experiment06_subject_08,2.0,False,291.0,6.732589379593064e-05,,19.591835094615817
group01_experiment06_subject_08_repeat2,temporal_window_construction,0.25113915908150375,group01_experiment06_subject_08,2.0,False,291.0,0.0008630211652285352,,251.13915908150375
group01_experiment06_subject_08_repeat2,fairness_model_prediction,0.29771003290079534,group01_experiment06_subject_08,2.0,False,291.0,0.0010230585323051386,,297.71003290079534
group01_experiment06_subject_08_repeat2,end_to_end_unknown_data,15.24865055596456,group01_experiment06_subject_08,2.0,False,291.0,0.05240086101706034,,15248.65055596456
group01_experiment06_subject_08_repeat2,cold_start_plus_end_to_end,23.34419508697465,group01_experiment06_subject_08,2.0,False,291.0,0.08022060167345241,,23344.19508697465
group01_experiment06_subject_10_repeat2,raw_csv_load,0.29725873516872525,group01_experiment06_subject_10,2.0,False,291.0,0.001021507680992183,,297.25873516872525
group01_experiment06_subject_10_repeat2,image_path_resolution,0.19506488903425634,group01_experiment06_subject_10,2.0,False,291.0,0.0006703260791555201,,195.06488903425634
group01_experiment06_subject_10_repeat2,temporal_sensor_image_alignment,1.0473749779630452,group01_experiment06_subject_10,2.0,False,291.0,0.0035992267283953445,,1047.3749779630452
group01_experiment06_subject_10_repeat2,aggregated_parquet_write,0.02225230890326202,group01_experiment06_subject_10,2.0,False,291.0,7.646841547512722e-05,,22.25230890326202
group01_experiment06_subject_10_repeat2,aggregated_parquet_read_and_preprocessing,0.020467774011194706,group01_experiment06_subject_10,2.0,False,291.0,7.033599316561755e-05,,20.467774011194706
group01_experiment06_subject_10_repeat2,clip_vitl14_embeddings,11.982047442812473,group01_experiment06_subject_10,2.0,False,291.0,0.0411754207656786,,11982.047442812473
group01_experiment06_subject_10_repeat2,clip_feature_store_write_and_read,0.021090609952807426,group01_experiment06_subject_10,2.0,False,291.0,7.24763228618812e-05,,21.090609952807426
group01_experiment06_subject_10_repeat2,temporal_window_construction,0.2559578288346529,group01_experiment06_subject_10,2.0,False,291.0,0.0008795801678166766,,255.9578288346529
group01_experiment06_subject_10_repeat2,fairness_model_prediction,0.2909793390426785,group01_experiment06_subject_10,2.0,False,291.0,0.0009999290001466614,,290.9793390426785
group01_experiment06_subject_10_repeat2,end_to_end_unknown_data,14.133832001127303,group01_experiment06_subject_10,2.0,False,291.0,0.04856986941968145,,14133.832001127303
group01_experiment06_subject_10_repeat2,cold_start_plus_end_to_end,22.229376532137394,group01_experiment06_subject_10,2.0,False,291.0,0.07638961007607352,,22229.376532137394
group01_experiment06_subject_15_repeat2,raw_csv_load,0.3316908760461956,group01_experiment06_subject_15,2.0,False,291.0,0.0011398311891621842,,331.6908760461956
group01_experiment06_subject_15_repeat2,image_path_resolution,0.23419352993369102,group01_experiment06_subject_15,2.0,False,291.0,0.000804788762658732,,234.19352993369102
group01_experiment06_subject_15_repeat2,temporal_sensor_image_alignment,1.077267497079447,group01_experiment06_subject_15,2.0,False,291.0,0.003701950161785041,,1077.267497079447
group01_experiment06_subject_15_repeat2,aggregated_parquet_write,0.018839369993656874,group01_experiment06_subject_15,2.0,False,291.0,6.474010307098582e-05,,18.839369993656874
group01_experiment06_subject_15_repeat2,aggregated_parquet_read_and_preprocessing,0.018499327125027776,group01_experiment06_subject_15,2.0,False,291.0,6.357157087638411e-05,,18.499327125027776
group01_experiment06_subject_15_repeat2,clip_vitl14_embeddings,14.236141958041117,group01_experiment06_subject_15,2.0,False,291.0,0.0489214500276327,,14236.141958041117
group01_experiment06_subject_15_repeat2,clip_feature_store_write_and_read,0.02219461789354682,group01_experiment06_subject_15,2.0,False,291.0,7.627016458263512e-05,,22.19461789354682
group01_experiment06_subject_15_repeat2,temporal_window_construction,0.2649433738552034,group01_experiment06_subject_15,2.0,False,291.0,0.0009104583293993244,,264.9433738552034
group01_experiment06_subject_15_repeat2,fairness_model_prediction,0.29271833412349224,group01_experiment06_subject_15,2.0,False,291.0,0.0010059049282594235,,292.71833412349224
group01_experiment06_subject_15_repeat2,end_to_end_unknown_data,16.4978318749927,group01_experiment06_subject_15,2.0,False,291.0,0.05669358032643539,,16497.8318749927
group01_experiment06_subject_15_repeat2,cold_start_plus_end_to_end,24.59337640600279,group01_experiment06_subject_15,2.0,False,291.0,0.08451332098282746,,24593.37640600279
group01_experiment06_subject_18_repeat2,raw_csv_load,0.3323828401044011,group01_experiment06_subject_18,2.0,False,291.0,0.0011422090725237153,,332.3828401044011
group01_experiment06_subject_18_repeat2,image_path_resolution,0.20294047915376723,group01_experiment06_subject_18,2.0,False,291.0,0.0006973899627277224,,202.94047915376723
group01_experiment06_subject_18_repeat2,temporal_sensor_image_alignment,1.058092593215406,group01_experiment06_subject_18,2.0,False,291.0,0.0036360570213587835,,1058.092593215406
group01_experiment06_subject_18_repeat2,aggregated_parquet_write,0.019044520100578666,group01_experiment06_subject_18,2.0,False,291.0,6.544508625628408e-05,,19.044520100578666
group01_experiment06_subject_18_repeat2,aggregated_parquet_read_and_preprocessing,0.019049474969506264,group01_experiment06_subject_18,2.0,False,291.0,6.546211329727238e-05,,19.049474969506264
group01_experiment06_subject_18_repeat2,clip_vitl14_embeddings,14.431754140881822,group01_experiment06_subject_18,2.0,False,291.0,0.049593656841518285,,14431.754140881822
group01_experiment06_subject_18_repeat2,clip_feature_store_write_and_read,0.01993378601036966,group01_experiment06_subject_18,2.0,False,291.0,6.850098285350399e-05,,19.93378601036966
group01_experiment06_subject_18_repeat2,temporal_window_construction,0.25956912990659475,group01_experiment06_subject_18,2.0,False,291.0,0.0008919901371360645,,259.56912990659475
group01_experiment06_subject_18_repeat2,fairness_model_prediction,0.2941094769630581,group01_experiment06_subject_18,2.0,False,291.0,0.0010106854878455605,,294.1094769630581
group01_experiment06_subject_18_repeat2,end_to_end_unknown_data,16.638158191926777,group01_experiment06_subject_18,2.0,False,291.0,0.05717580134682741,,16638.158191926777
group01_experiment06_subject_18_repeat2,cold_start_plus_end_to_end,24.73370272293687,group01_experiment06_subject_18,2.0,False,291.0,0.08499554200321947,,24733.70272293687
group01_experiment07_subject_08_repeat2,raw_csv_load,0.30343332909978926,group01_experiment07_subject_08,2.0,False,291.0,0.0010427262168377638,,303.43332909978926
group01_experiment07_subject_08_repeat2,image_path_resolution,0.22042349795810878,group01_experiment07_subject_08,2.0,False,291.0,0.0007574690651481401,,220.42349795810878
group01_experiment07_subject_08_repeat2,temporal_sensor_image_alignment,1.098372332053259,group01_experiment07_subject_08,2.0,False,291.0,0.003774475367880615,,1098.372332053259
group01_experiment07_subject_08_repeat2,aggregated_parquet_write,0.020274742040783167,group01_experiment07_subject_08,2.0,False,291.0,6.967265306111054e-05,,20.274742040783167
group01_experiment07_subject_08_repeat2,aggregated_parquet_read_and_preprocessing,0.019216413144022226,group01_experiment07_subject_08,2.0,False,291.0,6.603578400007638e-05,,19.216413144022226
group01_experiment07_subject_08_repeat2,clip_vitl14_embeddings,13.928609727881849,group01_experiment07_subject_08,2.0,False,291.0,0.04786463824014381,,13928.609727881849
group01_experiment07_subject_08_repeat2,clip_feature_store_write_and_read,0.019085054052993655,group01_experiment07_subject_08,2.0,False,291.0,6.558437818898164e-05,,19.085054052993655
group01_experiment07_subject_08_repeat2,temporal_window_construction,0.2546313009224832,group01_experiment07_subject_08,2.0,False,291.0,0.0008750216526545814,,254.6313009224832
group01_experiment07_subject_08_repeat2,fairness_model_prediction,0.300932832993567,group01_experiment07_subject_08,2.0,False,291.0,0.0010341334467132886,,300.932832993567
group01_experiment07_subject_08_repeat2,end_to_end_unknown_data,16.1663013510406,group01_experiment07_subject_08,2.0,False,291.0,0.05555430017539726,,16166.301351040602
group01_experiment07_subject_08_repeat2,cold_start_plus_end_to_end,24.261845882050693,group01_experiment07_subject_08,2.0,False,291.0,0.08337404083178933,,24261.845882050693
group01_experiment07_subject_10_repeat2,raw_csv_load,0.316435222979635,group01_experiment07_subject_10,2.0,False,291.0,0.0010874062645348283,,316.435222979635
group01_experiment07_subject_10_repeat2,image_path_resolution,0.21801265003159642,group01_experiment07_subject_10,2.0,False,291.0,0.0007491843643697471,,218.01265003159642
group01_experiment07_subject_10_repeat2,temporal_sensor_image_alignment,1.088112470926717,group01_experiment07_subject_10,2.0,False,291.0,0.00373921811315023,,1088.112470926717
group01_experiment07_subject_10_repeat2,aggregated_parquet_write,0.019151778891682625,group01_experiment07_subject_10,2.0,False,291.0,6.581367316729425e-05,,19.151778891682625
group01_experiment07_subject_10_repeat2,aggregated_parquet_read_and_preprocessing,0.019007842056453228,group01_experiment07_subject_10,2.0,False,291.0,6.531904486753687e-05,,19.007842056453228
group01_experiment07_subject_10_repeat2,clip_vitl14_embeddings,13.753643768141046,group01_experiment07_subject_10,2.0,False,291.0,0.04726338064653281,,13753.643768141046
group01_experiment07_subject_10_repeat2,clip_feature_store_write_and_read,0.02150487690232694,group01_experiment07_subject_10,2.0,False,291.0,7.389992062655306e-05,,21.50487690232694
group01_experiment07_subject_10_repeat2,temporal_window_construction,0.2602477381005883,group01_experiment07_subject_10,2.0,False,291.0,0.0008943221240570045,,260.2477381005883
group01_experiment07_subject_10_repeat2,fairness_model_prediction,0.3018501268234104,group01_experiment07_subject_10,2.0,False,291.0,0.0010372856591869773,,301.8501268234104
group01_experiment07_subject_10_repeat2,end_to_end_unknown_data,15.999192460207269,group01_experiment07_subject_10,2.0,False,291.0,0.05498004281858168,,15999.192460207269
group01_experiment07_subject_10_repeat2,cold_start_plus_end_to_end,24.09473699121736,group01_experiment07_subject_10,2.0,False,291.0,0.08279978347497374,,24094.73699121736
group01_experiment07_subject_18_repeat2,raw_csv_load,0.3152848379686475,group01_experiment07_subject_18,2.0,False,291.0,0.0010834530514386511,,315.2848379686475
group01_experiment07_subject_18_repeat2,image_path_resolution,0.19795623398385942,group01_experiment07_subject_18,2.0,False,291.0,0.0006802619724531251,,197.95623398385942
group01_experiment07_subject_18_repeat2,temporal_sensor_image_alignment,1.0826514230575413,group01_experiment07_subject_18,2.0,False,291.0,0.0037204516256272896,,1082.6514230575413
group01_experiment07_subject_18_repeat2,aggregated_parquet_write,0.01994632906280458,group01_experiment07_subject_18,2.0,False,291.0,6.854408612647622e-05,,19.94632906280458
group01_experiment07_subject_18_repeat2,aggregated_parquet_read_and_preprocessing,0.01891243807040155,group01_experiment07_subject_18,2.0,False,291.0,6.499119611821839e-05,,18.91243807040155
group01_experiment07_subject_18_repeat2,clip_vitl14_embeddings,14.73249219194986,group01_experiment07_subject_18,2.0,False,291.0,0.0506271209345356,,14732.49219194986
group01_experiment07_subject_18_repeat2,clip_feature_store_write_and_read,0.019031081814318895,group01_experiment07_subject_18,2.0,False,291.0,6.539890657841545e-05,,19.031081814318895
group01_experiment07_subject_18_repeat2,temporal_window_construction,0.25455702282488346,group01_experiment07_subject_18,2.0,False,291.0,0.0008747664014600806,,254.55702282488346
group01_experiment07_subject_18_repeat2,fairness_model_prediction,0.2970147628802806,group01_experiment07_subject_18,2.0,False,291.0,0.001020669288248387,,297.0147628802806
group01_experiment07_subject_18_repeat2,end_to_end_unknown_data,16.939015440177172,group01_experiment07_subject_18,2.0,False,291.0,0.058209675052155234,,16939.015440177172
group01_experiment07_subject_18_repeat2,cold_start_plus_end_to_end,25.034559971187264,group01_experiment07_subject_18,2.0,False,291.0,0.0860294157085473,,25034.559971187264
group01_experiment08_subject_18_repeat2,raw_csv_load,0.3483891838695854,group01_experiment08_subject_18,2.0,False,291.0,0.0011972136902734893,,348.3891838695854
group01_experiment08_subject_18_repeat2,image_path_resolution,0.24317361717112362,group01_experiment08_subject_18,2.0,False,291.0,0.0008356481689729334,,243.17361717112362
group01_experiment08_subject_18_repeat2,temporal_sensor_image_alignment,1.0817074910737574,group01_experiment08_subject_18,2.0,False,291.0,0.0037172078731056955,,1081.7074910737574
group01_experiment08_subject_18_repeat2,aggregated_parquet_write,0.019282767083495855,group01_experiment08_subject_18,2.0,False,291.0,6.626380441063868e-05,,19.282767083495855
group01_experiment08_subject_18_repeat2,aggregated_parquet_read_and_preprocessing,0.02003647806122899,group01_experiment08_subject_18,2.0,False,291.0,6.885387649906869e-05,,20.03647806122899
group01_experiment08_subject_18_repeat2,clip_vitl14_embeddings,12.026362479897216,group01_experiment08_subject_18,2.0,False,291.0,0.04132770611648528,,12026.362479897216
group01_experiment08_subject_18_repeat2,clip_feature_store_write_and_read,0.020087091950699687,group01_experiment08_subject_18,2.0,False,291.0,6.902780739072058e-05,,20.087091950699687
group01_experiment08_subject_18_repeat2,temporal_window_construction,0.2553782481700182,group01_experiment08_subject_18,2.0,False,291.0,0.0008775884816839113,,255.3782481700182
group01_experiment08_subject_18_repeat2,fairness_model_prediction,0.30178316915407777,group01_experiment08_subject_18,2.0,False,291.0,0.00103705556410336,,301.78316915407777
group01_experiment08_subject_18_repeat2,end_to_end_unknown_data,14.31758443498984,group01_experiment08_subject_18,2.0,False,291.0,0.04920132108243931,,14317.58443498984
group01_experiment08_subject_18_repeat2,cold_start_plus_end_to_end,22.41312896599993,group01_experiment08_subject_18,2.0,False,291.0,0.07702106173883137,,22413.12896599993
group02_experiment01_subject_07_repeat2,raw_csv_load,0.2938658439088613,group02_experiment01_subject_07,2.0,False,290.0,0.0010133304962374526,,293.8658439088613
group02_experiment01_subject_07_repeat2,image_path_resolution,0.2618256160058081,group02_experiment01_subject_07,2.0,False,290.0,0.0009028469517441659,,261.8256160058081
group02_experiment01_subject_07_repeat2,temporal_sensor_image_alignment,1.1227944290731102,group02_experiment01_subject_07,2.0,False,290.0,0.003871704927838311,,1122.7944290731102
group02_experiment01_subject_07_repeat2,aggregated_parquet_write,0.019473863998427987,group02_experiment01_subject_07,2.0,False,290.0,6.715125516699305e-05,,19.473863998427987
group02_experiment01_subject_07_repeat2,aggregated_parquet_read_and_preprocessing,0.018751898081973195,group02_experiment01_subject_07,2.0,False,290.0,6.46617175240455e-05,,18.751898081973195
group02_experiment01_subject_07_repeat2,clip_vitl14_embeddings,14.01804970880039,group02_experiment01_subject_07,2.0,False,290.0,0.048338102444139275,,14018.04970880039
group02_experiment01_subject_07_repeat2,clip_feature_store_write_and_read,0.019408951047807932,group02_experiment01_subject_07,2.0,False,290.0,6.692741740623424e-05,,19.408951047807932
group02_experiment01_subject_07_repeat2,temporal_window_construction,0.2599016318563372,group02_experiment01_subject_07,2.0,False,290.0,0.000896212523642542,,259.9016318563372
group02_experiment01_subject_07_repeat2,fairness_model_prediction,0.2960308769252151,group02_experiment01_subject_07,2.0,False,290.0,0.001020796127328328,,296.0308769252151
group02_experiment01_subject_07_repeat2,end_to_end_unknown_data,16.311402911087498,group02_experiment01_subject_07,2.0,False,290.0,0.056246216934784474,,16311.402911087498
group02_experiment01_subject_07_repeat2,cold_start_plus_end_to_end,24.40694744209759,group02_experiment01_subject_07,2.0,False,290.0,0.084161887731371,,24406.94744209759
group02_experiment01_subject_16_repeat2,raw_csv_load,0.3294017999432981,group02_experiment01_subject_16,2.0,False,290.0,0.001135868275666545,,329.4017999432981
group02_experiment01_subject_16_repeat2,image_path_resolution,0.20704513904638588,group02_experiment01_subject_16,2.0,False,290.0,0.0007139487553323651,,207.04513904638588
group02_experiment01_subject_16_repeat2,temporal_sensor_image_alignment,1.1301847179420292,group02_experiment01_subject_16,2.0,False,290.0,0.0038971886825587216,,1130.1847179420292
group02_experiment01_subject_16_repeat2,aggregated_parquet_write,0.019779743161052465,group02_experiment01_subject_16,2.0,False,290.0,6.820601090018092e-05,,19.779743161052465
group02_experiment01_subject_16_repeat2,aggregated_parquet_read_and_preprocessing,0.02713784296065569,group02_experiment01_subject_16,2.0,False,290.0,9.35787688298472e-05,,27.13784296065569
group02_experiment01_subject_16_repeat2,clip_vitl14_embeddings,12.974744866136461,group02_experiment01_subject_16,2.0,False,290.0,0.04474049953840159,,12974.744866136461
group02_experiment01_subject_16_repeat2,clip_feature_store_write_and_read,0.025128712877631187,group02_experiment01_subject_16,2.0,False,290.0,8.665073406079719e-05,,25.128712877631187
group02_experiment01_subject_16_repeat2,temporal_window_construction,0.2561854759696871,group02_experiment01_subject_16,2.0,False,290.0,0.0008833981929989211,,256.1854759696871
group02_experiment01_subject_16_repeat2,fairness_model_prediction,0.2937436099164188,group02_experiment01_subject_16,2.0,False,290.0,0.001012908999711789,,293.7436099164188
group02_experiment01_subject_16_repeat2,end_to_end_unknown_data,15.264694098150358,group02_experiment01_subject_16,2.0,False,290.0,0.052636876200518476,,15264.694098150358
group02_experiment01_subject_16_repeat2,cold_start_plus_end_to_end,23.36023862916045,group02_experiment01_subject_16,2.0,False,290.0,0.080552546997105,,23360.23862916045
group02_experiment01_subject_20_repeat2,raw_csv_load,0.3216556371189654,group02_experiment01_subject_20,2.0,False,291.0,0.001105345832023936,,321.6556371189654
group02_experiment01_subject_20_repeat2,image_path_resolution,0.28221801412291825,group02_experiment01_subject_20,2.0,False,291.0,0.0009698213543742895,,282.21801412291825
group02_experiment01_subject_20_repeat2,temporal_sensor_image_alignment,1.0906461658887565,group02_experiment01_subject_20,2.0,False,291.0,0.003747924968689885,,1090.6461658887565
group02_experiment01_subject_20_repeat2,aggregated_parquet_write,0.019088031025603414,group02_experiment01_subject_20,2.0,False,291.0,6.559460833540692e-05,,19.088031025603414
group02_experiment01_subject_20_repeat2,aggregated_parquet_read_and_preprocessing,0.019019050057977438,group02_experiment01_subject_20,2.0,False,291.0,6.535756033669223e-05,,19.019050057977438
group02_experiment01_subject_20_repeat2,clip_vitl14_embeddings,10.78151594591327,group02_experiment01_subject_20,2.0,False,291.0,0.03704988297564698,,10781.51594591327
group02_experiment01_subject_20_repeat2,clip_feature_store_write_and_read,0.020244226092472672,group02_experiment01_subject_20,2.0,False,291.0,6.956778725935626e-05,,20.244226092472672
group02_experiment01_subject_20_repeat2,temporal_window_construction,0.25908093713223934,group02_experiment01_subject_20,2.0,False,291.0,0.0008903124987362177,,259.08093713223934
group02_experiment01_subject_20_repeat2,fairness_model_prediction,0.2980897529050708,group02_experiment01_subject_20,2.0,False,291.0,0.0010243634120449168,,298.0897529050708
group02_experiment01_subject_20_repeat2,end_to_end_unknown_data,13.092817580094561,group02_experiment01_subject_20,2.0,False,291.0,0.044992500275239045,,13092.817580094561
group02_experiment01_subject_20_repeat2,cold_start_plus_end_to_end,21.188362111104652,group02_experiment01_subject_20,2.0,False,291.0,0.0728122409316311,,21188.362111104652
group02_experiment02_subject_07_repeat2,raw_csv_load,0.2980681478511542,group02_experiment02_subject_07,2.0,False,291.0,0.0010242891678733821,,298.0681478511542
group02_experiment02_subject_07_repeat2,image_path_resolution,0.27050176984630525,group02_experiment02_subject_07,2.0,False,291.0,0.0009295593465508771,,270.50176984630525
group02_experiment02_subject_07_repeat2,temporal_sensor_image_alignment,1.0992501699365675,group02_experiment02_subject_07,2.0,False,291.0,0.003777491992909167,,1099.2501699365675
group02_experiment02_subject_07_repeat2,aggregated_parquet_write,0.018867640988901258,group02_experiment02_subject_07,2.0,False,291.0,6.483725425739264e-05,,18.867640988901258
group02_experiment02_subject_07_repeat2,aggregated_parquet_read_and_preprocessing,0.019058623118326068,group02_experiment02_subject_07,2.0,False,291.0,6.549355023479748e-05,,19.058623118326068
group02_experiment02_subject_07_repeat2,clip_vitl14_embeddings,13.830688499845564,group02_experiment02_subject_07,2.0,False,291.0,0.04752813917472703,,13830.688499845564
group02_experiment02_subject_07_repeat2,clip_feature_store_write_and_read,0.01937936805188656,group02_experiment02_subject_07,2.0,False,291.0,6.659576650132837e-05,,19.37936805188656
group02_experiment02_subject_07_repeat2,temporal_window_construction,0.25842446205206215,group02_experiment02_subject_07,2.0,False,291.0,0.0008880565706256431,,258.42446205206215
group02_experiment02_subject_07_repeat2,fairness_model_prediction,0.2941419251728803,group02_experiment02_subject_07,2.0,False,291.0,0.0010107969937212381,,294.1419251728803
group02_experiment02_subject_07_repeat2,end_to_end_unknown_data,16.109646514058113,group02_experiment02_subject_07,2.0,False,291.0,0.055359610013945404,,16109.646514058113
group02_experiment02_subject_07_repeat2,cold_start_plus_end_to_end,24.205191045068204,group02_experiment02_subject_07,2.0,False,291.0,0.08317935067033748,,24205.191045068204
group02_experiment02_subject_16_repeat2,raw_csv_load,0.3174376899842173,group02_experiment02_subject_16,2.0,False,289.0,0.0010984003113640737,,317.4376899842173
group02_experiment02_subject_16_repeat2,image_path_resolution,0.2509950629901141,group02_experiment02_subject_16,2.0,False,289.0,0.0008684950276474536,,250.9950629901141
group02_experiment02_subject_16_repeat2,temporal_sensor_image_alignment,1.138531939825043,group02_experiment02_subject_16,2.0,False,289.0,0.0039395568852077616,,1138.531939825043
group02_experiment02_subject_16_repeat2,aggregated_parquet_write,0.02145320689305663,group02_experiment02_subject_16,2.0,False,289.0,7.423254980296412e-05,,21.45320689305663
group02_experiment02_subject_16_repeat2,aggregated_parquet_read_and_preprocessing,0.02793124201707542,group02_experiment02_subject_16,2.0,False,289.0,9.664789625285612e-05,,27.93124201707542
group02_experiment02_subject_16_repeat2,clip_vitl14_embeddings,13.278572995914146,group02_experiment02_subject_16,2.0,False,289.0,0.04594661936302473,,13278.572995914146
group02_experiment02_subject_16_repeat2,clip_feature_store_write_and_read,0.01962235104292631,group02_experiment02_subject_16,2.0,False,289.0,6.789740845303222e-05,,19.62235104292631
group02_experiment02_subject_16_repeat2,temporal_window_construction,0.2541343478951603,group02_experiment02_subject_16,2.0,False,289.0,0.0008793576051735651,,254.13434789516032
group02_experiment02_subject_16_repeat2,fairness_model_prediction,0.3018227801658213,group02_experiment02_subject_16,2.0,False,289.0,0.0010443694815426344,,301.8227801658213
group02_experiment02_subject_16_repeat2,end_to_end_unknown_data,15.612015306949615,group02_experiment02_subject_16,2.0,False,289.0,0.05402081421089833,,15612.015306949615
group02_experiment02_subject_16_repeat2,cold_start_plus_end_to_end,23.707559837959707,group02_experiment02_subject_16,2.0,False,289.0,0.08203307902408204,,23707.559837959707
group02_experiment02_subject_20_repeat2,raw_csv_load,0.32288903184235096,group02_experiment02_subject_20,2.0,False,290.0,0.0011134104546287964,,322.88903184235096
group02_experiment02_subject_20_repeat2,image_path_resolution,0.26773976092226803,group02_experiment02_subject_20,2.0,False,290.0,0.0009232405549043725,,267.73976092226803
group02_experiment02_subject_20_repeat2,temporal_sensor_image_alignment,1.137265799101442,group02_experiment02_subject_20,2.0,False,290.0,0.003921606203798076,,1137.265799101442
group02_experiment02_subject_20_repeat2,aggregated_parquet_write,0.019607841037213802,group02_experiment02_subject_20,2.0,False,290.0,6.761324495590966e-05,,19.607841037213802
group02_experiment02_subject_20_repeat2,aggregated_parquet_read_and_preprocessing,0.018920066067948937,group02_experiment02_subject_20,2.0,False,290.0,6.52416071308584e-05,,18.920066067948937
group02_experiment02_subject_20_repeat2,clip_vitl14_embeddings,13.70121371303685,group02_experiment02_subject_20,2.0,False,290.0,0.04724556452771328,,13701.21371303685
group02_experiment02_subject_20_repeat2,clip_feature_store_write_and_read,0.019814572064206004,group02_experiment02_subject_20,2.0,False,290.0,6.83261105662276e-05,,19.814572064206004
group02_experiment02_subject_20_repeat2,temporal_window_construction,0.2525506988167763,group02_experiment02_subject_20,2.0,False,290.0,0.0008708644786785389,,252.55069881677628
group02_experiment02_subject_20_repeat2,fairness_model_prediction,0.2984892721287906,group02_experiment02_subject_20,2.0,False,290.0,0.0010292733521682436,,298.4892721287906
group02_experiment02_subject_20_repeat2,end_to_end_unknown_data,16.0397218298167,group02_experiment02_subject_20,2.0,False,290.0,0.055309385620057584,,16039.721829816699
group02_experiment02_subject_20_repeat2,cold_start_plus_end_to_end,24.13526636082679,group02_experiment02_subject_20,2.0,False,290.0,0.0832250564166441,,24135.26636082679
group02_experiment03_subject_07_repeat2,raw_csv_load,0.3871215181425214,group02_experiment03_subject_07,2.0,False,291.0,0.001330314495335125,,387.1215181425214
group02_experiment03_subject_07_repeat2,image_path_resolution,0.20366072398610413,group02_experiment03_subject_07,2.0,False,291.0,0.0006998650308800829,,203.66072398610413
group02_experiment03_subject_07_repeat2,temporal_sensor_image_alignment,1.0927739769686013,group02_experiment03_subject_07,2.0,False,291.0,0.003755237034256362,,1092.7739769686013
group02_experiment03_subject_07_repeat2,aggregated_parquet_write,0.01958611304871738,group02_experiment03_subject_07,2.0,False,291.0,6.730623040796351e-05,,19.58611304871738
group02_experiment03_subject_07_repeat2,aggregated_parquet_read_and_preprocessing,0.018508322071284056,group02_experiment03_subject_07,2.0,False,291.0,6.360248134461875e-05,,18.508322071284056
group02_experiment03_subject_07_repeat2,clip_vitl14_embeddings,13.095825765980408,group02_experiment03_subject_07,2.0,False,291.0,0.04500283768378147,,13095.825765980408
group02_experiment03_subject_07_repeat2,clip_feature_store_write_and_read,0.020923680160194635,group02_experiment03_subject_07,2.0,False,291.0,7.190268096286817e-05,,20.923680160194635
group02_experiment03_subject_07_repeat2,temporal_window_construction,0.26017853897064924,group02_experiment03_subject_07,2.0,False,291.0,0.0008940843263596194,,260.17853897064924
group02_experiment03_subject_07_repeat2,fairness_model_prediction,0.29110034205950797,group02_experiment03_subject_07,2.0,False,291.0,0.0010003448180739105,,291.10034205950797
group02_experiment03_subject_07_repeat2,end_to_end_unknown_data,15.390941398218274,group02_experiment03_subject_07,2.0,False,291.0,0.052889832983567954,,15390.941398218274
group02_experiment03_subject_07_repeat2,cold_start_plus_end_to_end,23.486485929228365,group02_experiment03_subject_07,2.0,False,291.0,0.08070957363996002,,23486.485929228365
group02_experiment03_subject_10_repeat2,raw_csv_load,0.37828926788643,group02_experiment03_subject_10,2.0,False,291.0,0.0012999631198846392,,378.28926788643
group02_experiment03_subject_10_repeat2,image_path_resolution,0.21064925799146295,group02_experiment03_subject_10,2.0,False,291.0,0.0007238806116545119,,210.64925799146295
group02_experiment03_subject_10_repeat2,temporal_sensor_image_alignment,1.0953248229343444,group02_experiment03_subject_10,2.0,False,291.0,0.0037640028279530735,,1095.3248229343444
group02_experiment03_subject_10_repeat2,aggregated_parquet_write,0.018961832160130143,group02_experiment03_subject_10,2.0,False,291.0,6.516093525817919e-05,,18.961832160130143
group02_experiment03_subject_10_repeat2,aggregated_parquet_read_and_preprocessing,0.01933271810412407,group02_experiment03_subject_10,2.0,False,291.0,6.643545740248821e-05,,19.33271810412407
group02_experiment03_subject_10_repeat2,clip_vitl14_embeddings,14.09536122600548,group02_experiment03_subject_10,2.0,False,291.0,0.0484376674433178,,14095.36122600548
group02_experiment03_subject_10_repeat2,clip_feature_store_write_and_read,0.019521521870046854,group02_experiment03_subject_10,2.0,False,291.0,6.708426759466273e-05,,19.521521870046854
group02_experiment03_subject_10_repeat2,temporal_window_construction,0.2561700821388513,group02_experiment03_subject_10,2.0,False,291.0,0.0008803095606146092,,256.1700821388513
group02_experiment03_subject_10_repeat2,fairness_model_prediction,0.2939100170042366,group02_experiment03_subject_10,2.0,False,291.0,0.0010100000584338028,,293.9100170042366
group02_experiment03_subject_10_repeat2,end_to_end_unknown_data,16.38871965208091,group02_experiment03_subject_10,2.0,False,291.0,0.05631862423395501,,16388.71965208091
group02_experiment03_subject_10_repeat2,cold_start_plus_end_to_end,24.484264183091,group02_experiment03_subject_10,2.0,False,291.0,0.08413836489034708,,24484.264183091
group02_experiment03_subject_16_repeat2,raw_csv_load,0.3338115969672799,group02_experiment03_subject_16,2.0,False,290.0,0.0011510744723009652,,333.8115969672799
group02_experiment03_subject_16_repeat2,image_path_resolution,0.20388699905015528,group02_experiment03_subject_16,2.0,False,290.0,0.0007030586174143285,,203.88699905015528
group02_experiment03_subject_16_repeat2,temporal_sensor_image_alignment,1.114347998984158,group02_experiment03_subject_16,2.0,False,290.0,0.0038425793068419243,,1114.347998984158
group02_experiment03_subject_16_repeat2,aggregated_parquet_write,0.020056206034496427,group02_experiment03_subject_16,2.0,False,290.0,6.915933115343595e-05,,20.056206034496427
group02_experiment03_subject_16_repeat2,aggregated_parquet_read_and_preprocessing,0.02089765202254057,group02_experiment03_subject_16,2.0,False,290.0,7.206086904324334e-05,,20.89765202254057
group02_experiment03_subject_16_repeat2,clip_vitl14_embeddings,12.987035806989297,group02_experiment03_subject_16,2.0,False,290.0,0.044782882093066544,,12987.035806989297
group02_experiment03_subject_16_repeat2,clip_feature_store_write_and_read,0.01979961316101253,group02_experiment03_subject_16,2.0,False,290.0,6.827452814142251e-05,,19.79961316101253
group02_experiment03_subject_16_repeat2,temporal_window_construction,0.25389253185130656,group02_experiment03_subject_16,2.0,False,290.0,0.0008754914891424365,,253.89253185130656
group02_experiment03_subject_16_repeat2,fairness_model_prediction,0.29749595490284264,group02_experiment03_subject_16,2.0,False,290.0,0.00102584812035463,,297.49595490284264
group02_experiment03_subject_16_repeat2,end_to_end_unknown_data,15.252736586844549,group02_experiment03_subject_16,2.0,False,290.0,0.052595643402912236,,15252.736586844549
group02_experiment03_subject_16_repeat2,cold_start_plus_end_to_end,23.34828111785464,group02_experiment03_subject_16,2.0,False,290.0,0.08051131419949875,,23348.28111785464
group02_experiment03_subject_20_repeat2,raw_csv_load,0.29901954787783325,group02_experiment03_subject_20,2.0,True,,,No rows remain after DIPSER sensor cleaning.,299.01954787783325
group02_experiment03_subject_20_repeat2,image_path_resolution,0.19146981881931424,group02_experiment03_subject_20,2.0,True,,,No rows remain after DIPSER sensor cleaning.,191.46981881931424
group02_experiment03_subject_20_repeat2,temporal_sensor_image_alignment,1.062510950025171,group02_experiment03_subject_20,2.0,True,,,No rows remain after DIPSER sensor cleaning.,1062.510950025171
group02_experiment03_subject_20_repeat2,aggregated_parquet_write,0.018150658113881946,group02_experiment03_subject_20,2.0,True,,,No rows remain after DIPSER sensor cleaning.,18.150658113881946
group02_experiment03_subject_20_repeat2,aggregated_parquet_read_and_preprocessing,0.016670941840857267,group02_experiment03_subject_20,2.0,True,,,No rows remain after DIPSER sensor cleaning.,16.670941840857267
group02_experiment04_subject_07_repeat2,raw_csv_load,0.30939215002581477,group02_experiment04_subject_07,2.0,False,289.0,0.0010705610727536844,,309.3921500258148
group02_experiment04_subject_07_repeat2,image_path_resolution,0.21691399021074176,group02_experiment04_subject_07,2.0,False,289.0,0.000750567440175577,,216.91399021074176
group02_experiment04_subject_07_repeat2,temporal_sensor_image_alignment,1.0910204381216317,group02_experiment04_subject_07,2.0,False,289.0,0.003775157225334366,,1091.0204381216317
group02_experiment04_subject_07_repeat2,aggregated_parquet_write,0.019011748023331165,group02_experiment04_subject_07,2.0,False,289.0,6.578459523644002e-05,,19.011748023331165
group02_experiment04_subject_07_repeat2,aggregated_parquet_read_and_preprocessing,0.018255448900163174,group02_experiment04_subject_07,2.0,False,289.0,6.316764325315978e-05,,18.255448900163174
group02_experiment04_subject_07_repeat2,clip_vitl14_embeddings,13.24302877788432,group02_experiment04_subject_07,2.0,False,289.0,0.0458236289892191,,13243.02877788432
group02_experiment04_subject_07_repeat2,clip_feature_store_write_and_read,0.018141231033951044,group02_experiment04_subject_07,2.0,False,289.0,6.2772425723014e-05,,18.141231033951044
group02_experiment04_subject_07_repeat2,temporal_window_construction,0.2575040708761662,group02_experiment04_subject_07,2.0,False,289.0,0.0008910175462843122,,257.5040708761662
group02_experiment04_subject_07_repeat2,fairness_model_prediction,0.3007432851009071,group02_experiment04_subject_07,2.0,False,289.0,0.0010406342045014086,,300.7432851009071
group02_experiment04_subject_07_repeat2,end_to_end_unknown_data,15.475189951015636,group02_experiment04_subject_07,2.0,False,289.0,0.05354737007271847,,15475.189951015636
group02_experiment04_subject_07_repeat2,cold_start_plus_end_to_end,23.570734482025728,group02_experiment04_subject_07,2.0,False,289.0,0.08155963488590218,,23570.734482025728
group02_experiment04_subject_10_repeat2,raw_csv_load,0.3406208560336381,group02_experiment04_subject_10,2.0,False,291.0,0.0011705184056138766,,340.6208560336381
group02_experiment04_subject_10_repeat2,image_path_resolution,0.29637611494399607,group02_experiment04_subject_10,2.0,False,291.0,0.0010184746218006738,,296.3761149439961
group02_experiment04_subject_10_repeat2,temporal_sensor_image_alignment,1.0538701021578163,group02_experiment04_subject_10,2.0,False,291.0,0.003621546742810365,,1053.8701021578163
group02_experiment04_subject_10_repeat2,aggregated_parquet_write,0.018971728160977364,group02_experiment04_subject_10,2.0,False,291.0,6.519494213394283e-05,,18.971728160977364
group02_experiment04_subject_10_repeat2,aggregated_parquet_read_and_preprocessing,0.01999080297537148,group02_experiment04_subject_10,2.0,False,291.0,6.869691744113911e-05,,19.99080297537148
group02_experiment04_subject_10_repeat2,clip_vitl14_embeddings,13.643295275978744,group02_experiment04_subject_10,2.0,False,291.0,0.04688417620611252,,13643.295275978744
group02_experiment04_subject_10_repeat2,clip_feature_store_write_and_read,0.022103165043517947,group02_experiment04_subject_10,2.0,False,291.0,7.595589362033658e-05,,22.103165043517947
group02_experiment04_subject_10_repeat2,temporal_window_construction,0.2613645780365914,group02_experiment04_subject_10,2.0,False,291.0,0.0008981600619814138,,261.3645780365914
group02_experiment04_subject_10_repeat2,fairness_model_prediction,0.2939029091503471,group02_experiment04_subject_10,2.0,False,291.0,0.0010099756328190623,,293.9029091503471
group02_experiment04_subject_10_repeat2,end_to_end_unknown_data,15.951798198977485,group02_experiment04_subject_10,2.0,False,291.0,0.054817175941503385,,15951.798198977485
group02_experiment04_subject_10_repeat2,cold_start_plus_end_to_end,24.047342729987577,group02_experiment04_subject_10,2.0,False,291.0,0.08263691659789545,,24047.342729987577
group02_experiment04_subject_16_repeat2,raw_csv_load,0.355506309075281,group02_experiment04_subject_16,2.0,False,291.0,0.0012216711652071513,,355.506309075281
group02_experiment04_subject_16_repeat2,image_path_resolution,0.20160807785578072,group02_experiment04_subject_16,2.0,False,291.0,0.0006928112641092121,,201.60807785578072
group02_experiment04_subject_16_repeat2,temporal_sensor_image_alignment,1.1096866850275546,group02_experiment04_subject_16,2.0,False,291.0,0.0038133563059366137,,1109.6866850275546
group02_experiment04_subject_16_repeat2,aggregated_parquet_write,0.019047367153689265,group02_experiment04_subject_16,2.0,False,291.0,6.545486994394937e-05,,19.047367153689265
group02_experiment04_subject_16_repeat2,aggregated_parquet_read_and_preprocessing,0.019319343846291304,group02_experiment04_subject_16,2.0,False,291.0,6.638949775357836e-05,,19.319343846291304
group02_experiment04_subject_16_repeat2,clip_vitl14_embeddings,13.607200476108119,group02_experiment04_subject_16,2.0,False,291.0,0.046760139093155045,,13607.200476108119
group02_experiment04_subject_16_repeat2,clip_feature_store_write_and_read,0.01966359419748187,group02_experiment04_subject_16,2.0,False,291.0,6.757248865114045e-05,,19.66359419748187
group02_experiment04_subject_16_repeat2,temporal_window_construction,0.2619289821013808,group02_experiment04_subject_16,2.0,False,291.0,0.0009000995948501059,,261.9289821013808
group02_experiment04_subject_16_repeat2,fairness_model_prediction,0.29493592004291713,group02_experiment04_subject_16,2.0,False,291.0,0.0010135254984292685,,294.93592004291713
group02_experiment04_subject_16_repeat2,end_to_end_unknown_data,15.890201035887003,group02_experiment04_subject_16,2.0,False,291.0,0.05460550184153609,,15890.201035887003
group02_experiment04_subject_16_repeat2,cold_start_plus_end_to_end,23.985745566897094,group02_experiment04_subject_16,2.0,False,291.0,0.08242524249792815,,23985.745566897094
group02_experiment04_subject_20_repeat2,raw_csv_load,0.3368670849595219,group02_experiment04_subject_20,2.0,True,,,No rows remain after DIPSER sensor cleaning.,336.8670849595219
group02_experiment04_subject_20_repeat2,image_path_resolution,0.21751142106950283,group02_experiment04_subject_20,2.0,True,,,No rows remain after DIPSER sensor cleaning.,217.51142106950283
group02_experiment04_subject_20_repeat2,temporal_sensor_image_alignment,1.0475914438720793,group02_experiment04_subject_20,2.0,True,,,No rows remain after DIPSER sensor cleaning.,1047.5914438720793
group02_experiment04_subject_20_repeat2,aggregated_parquet_write,0.01973113208077848,group02_experiment04_subject_20,2.0,True,,,No rows remain after DIPSER sensor cleaning.,19.73113208077848
group02_experiment04_subject_20_repeat2,aggregated_parquet_read_and_preprocessing,0.017905798042193055,group02_experiment04_subject_20,2.0,True,,,No rows remain after DIPSER sensor cleaning.,17.905798042193055
group02_experiment05_subject_16_repeat2,raw_csv_load,0.30065727490000427,group02_experiment05_subject_16,2.0,False,291.0,0.0010331865116838634,,300.65727490000427
group02_experiment05_subject_16_repeat2,image_path_resolution,0.20456147706136107,group02_experiment05_subject_16,2.0,False,291.0,0.0007029604022727185,,204.56147706136107
group02_experiment05_subject_16_repeat2,temporal_sensor_image_alignment,1.1544605230446905,group02_experiment05_subject_16,2.0,False,291.0,0.003967218292249795,,1154.4605230446905
group02_experiment05_subject_16_repeat2,aggregated_parquet_write,0.01960429595783353,group02_experiment05_subject_16,2.0,False,291.0,6.736871463173033e-05,,19.60429595783353
group02_experiment05_subject_16_repeat2,aggregated_parquet_read_and_preprocessing,0.018957582069560885,group02_experiment05_subject_16,2.0,False,291.0,6.514633013594805e-05,,18.957582069560885
group02_experiment05_subject_16_repeat2,clip_vitl14_embeddings,11.425728060072288,group02_experiment05_subject_16,2.0,False,291.0,0.039263670309526766,,11425.728060072288
group02_experiment05_subject_16_repeat2,clip_feature_store_write_and_read,0.01984223397448659,group02_experiment05_subject_16,2.0,False,291.0,6.818637104634567e-05,,19.84223397448659
group02_experiment05_subject_16_repeat2,temporal_window_construction,0.2565462200436741,group02_experiment05_subject_16,2.0,False,291.0,0.0008816021307342753,,256.5462200436741
group02_experiment05_subject_16_repeat2,fairness_model_prediction,0.2998797339387238,group02_experiment05_subject_16,2.0,False,291.0,0.0010305145496176077,,299.8797339387238
group02_experiment05_subject_16_repeat2,end_to_end_unknown_data,13.701549177058041,group02_experiment05_subject_16,2.0,False,291.0,0.04708436143318914,,13701.549177058041
group02_experiment05_subject_16_repeat2,cold_start_plus_end_to_end,21.797093708068132,group02_experiment05_subject_16,2.0,False,291.0,0.07490410208958122,,21797.093708068132
group02_experiment05_subject_20_repeat2,raw_csv_load,0.2964948348235339,group02_experiment05_subject_20,2.0,True,,,No rows remain after DIPSER sensor cleaning.,296.4948348235339
group02_experiment05_subject_20_repeat2,image_path_resolution,0.27133412891998887,group02_experiment05_subject_20,2.0,True,,,No rows remain after DIPSER sensor cleaning.,271.33412891998887
group02_experiment05_subject_20_repeat2,temporal_sensor_image_alignment,1.123919011093676,group02_experiment05_subject_20,2.0,True,,,No rows remain after DIPSER sensor cleaning.,1123.919011093676
group02_experiment05_subject_20_repeat2,aggregated_parquet_write,0.019079858204349875,group02_experiment05_subject_20,2.0,True,,,No rows remain after DIPSER sensor cleaning.,19.079858204349875
group02_experiment05_subject_20_repeat2,aggregated_parquet_read_and_preprocessing,0.017412876011803746,group02_experiment05_subject_20,2.0,True,,,No rows remain after DIPSER sensor cleaning.,17.412876011803746
group02_experiment06_subject_10_repeat2,raw_csv_load,0.2736314011272043,group02_experiment06_subject_10,2.0,False,291.0,0.0009403140932206333,,273.6314011272043
group02_experiment06_subject_10_repeat2,image_path_resolution,0.33415829902514815,group02_experiment06_subject_10,2.0,False,291.0,0.0011483103059283441,,334.15829902514815
group02_experiment06_subject_10_repeat2,temporal_sensor_image_alignment,1.0604420769959688,group02_experiment06_subject_10,2.0,False,291.0,0.003644130848783398,,1060.4420769959688
group02_experiment06_subject_10_repeat2,aggregated_parquet_write,0.018438627012073994,group02_experiment06_subject_10,2.0,False,291.0,6.336297942293469e-05,,18.438627012073994
group02_experiment06_subject_10_repeat2,aggregated_parquet_read_and_preprocessing,0.01834442396648228,group02_experiment06_subject_10,2.0,False,291.0,6.30392576167776e-05,,18.34442396648228
group02_experiment06_subject_10_repeat2,clip_vitl14_embeddings,14.205444131977856,group02_experiment06_subject_10,2.0,False,291.0,0.04881595921641875,,14205.444131977856
group02_experiment06_subject_10_repeat2,clip_feature_store_write_and_read,0.02062819106504321,group02_experiment06_subject_10,2.0,False,291.0,7.088725451904884e-05,,20.62819106504321
group02_experiment06_subject_10_repeat2,temporal_window_construction,0.2639713049866259,group02_experiment06_subject_10,2.0,False,291.0,0.0009071178865519791,,263.9713049866259
group02_experiment06_subject_10_repeat2,fairness_model_prediction,0.303601305000484,group02_experiment06_subject_10,2.0,False,291.0,0.0010433034536099107,,303.601305000484
group02_experiment06_subject_10_repeat2,end_to_end_unknown_data,16.499866735888645,group02_experiment06_subject_10,2.0,False,291.0,0.05670057297556235,,16499.866735888645
group02_experiment06_subject_10_repeat2,cold_start_plus_end_to_end,24.595411266898736,group02_experiment06_subject_10,2.0,False,291.0,0.08452031363195442,,24595.411266898736
group02_experiment06_subject_16_repeat2,raw_csv_load,0.32847540895454586,group02_experiment06_subject_16,2.0,False,291.0,0.0011287814740706043,,328.47540895454586
group02_experiment06_subject_16_repeat2,image_path_resolution,0.24074297095648944,group02_experiment06_subject_16,2.0,False,291.0,0.0008272954328401699,,240.74297095648944
group02_experiment06_subject_16_repeat2,temporal_sensor_image_alignment,1.0870306808501482,group02_experiment06_subject_16,2.0,False,291.0,0.0037355006214781724,,1087.0306808501482
group02_experiment06_subject_16_repeat2,aggregated_parquet_write,0.019771739840507507,group02_experiment06_subject_16,2.0,False,291.0,6.794412316325604e-05,,19.771739840507507
group02_experiment06_subject_16_repeat2,aggregated_parquet_read_and_preprocessing,0.019873357145115733,group02_experiment06_subject_16,2.0,False,291.0,6.829332352273447e-05,,19.873357145115733
group02_experiment06_subject_16_repeat2,clip_vitl14_embeddings,14.778899138094857,group02_experiment06_subject_16,2.0,False,291.0,0.050786594976270985,,14778.899138094857
group02_experiment06_subject_16_repeat2,clip_feature_store_write_and_read,0.01916420296765864,group02_experiment06_subject_16,2.0,False,291.0,6.585636758645581e-05,,19.16420296765864
group02_experiment06_subject_16_repeat2,temporal_window_construction,0.25357002788223326,group02_experiment06_subject_16,2.0,False,291.0,0.0008713746662619699,,253.57002788223326
group02_experiment06_subject_16_repeat2,fairness_model_prediction,0.29773129988461733,group02_experiment06_subject_16,2.0,False,291.0,0.0010231316147237708,,297.73129988461733
group02_experiment06_subject_16_repeat2,end_to_end_unknown_data,17.04651339701377,group02_experiment06_subject_16,2.0,False,291.0,0.05857908383853529,,17046.51339701377
group02_experiment06_subject_16_repeat2,cold_start_plus_end_to_end,25.14205792802386,group02_experiment06_subject_16,2.0,False,291.0,0.08639882449492735,,25142.05792802386
group02_experiment06_subject_20_repeat2,raw_csv_load,0.28914489410817623,group02_experiment06_subject_20,2.0,False,291.0,0.0009936250656638358,,289.14489410817623
group02_experiment06_subject_20_repeat2,image_path_resolution,0.19872132688760757,group02_experiment06_subject_20,2.0,False,291.0,0.0006828911576893731,,198.72132688760757
group02_experiment06_subject_20_repeat2,temporal_sensor_image_alignment,1.120692198863253,group02_experiment06_subject_20,2.0,False,291.0,0.003851175941110835,,1120.692198863253
group02_experiment06_subject_20_repeat2,aggregated_parquet_write,0.01982737798243761,group02_experiment06_subject_20,2.0,False,291.0,6.813531952727702e-05,,19.82737798243761
group02_experiment06_subject_20_repeat2,aggregated_parquet_read_and_preprocessing,0.01875803107395768,group02_experiment06_subject_20,2.0,False,291.0,6.446058788301609e-05,,18.75803107395768
group02_experiment06_subject_20_repeat2,clip_vitl14_embeddings,15.186134645948187,group02_experiment06_subject_20,2.0,False,291.0,0.05218602971116215,,15186.134645948187
group02_experiment06_subject_20_repeat2,clip_feature_store_write_and_read,0.01932257995940745,group02_experiment06_subject_20,2.0,False,291.0,6.640061841720773e-05,,19.32257995940745
group02_experiment06_subject_20_repeat2,temporal_window_construction,0.2539665228687227,group02_experiment06_subject_20,2.0,False,291.0,0.0008727371919887377,,253.96652286872268
group02_experiment06_subject_20_repeat2,fairness_model_prediction,0.2956381840631366,group02_experiment06_subject_20,2.0,False,291.0,0.0010159387768492666,,295.6381840631366
group02_experiment06_subject_20_repeat2,end_to_end_unknown_data,17.40355262788944,group02_experiment06_subject_20,2.0,False,291.0,0.05980602277625237,,17403.55262788944
group02_experiment06_subject_20_repeat2,cold_start_plus_end_to_end,25.49909715889953,group02_experiment06_subject_20,2.0,False,291.0,0.08762576343264443,,25499.09715889953
group02_experiment07_subject_10_repeat2,raw_csv_load,0.3320856790523976,group02_experiment07_subject_10,2.0,False,291.0,0.001141187900523703,,332.0856790523976
group02_experiment07_subject_10_repeat2,image_path_resolution,0.19352088496088982,group02_experiment07_subject_10,2.0,False,291.0,0.0006650202232332984,,193.52088496088982
group02_experiment07_subject_10_repeat2,temporal_sensor_image_alignment,1.0983571920078248,group02_experiment07_subject_10,2.0,False,291.0,0.0037744233402330746,,1098.3571920078248
group02_experiment07_subject_10_repeat2,aggregated_parquet_write,0.020601578056812286,group02_experiment07_subject_10,2.0,False,291.0,7.079580088251645e-05,,20.601578056812286
group02_experiment07_subject_10_repeat2,aggregated_parquet_read_and_preprocessing,0.019572610035538673,group02_experiment07_subject_10,2.0,False,291.0,6.725982830082019e-05,,19.572610035538673
group02_experiment07_subject_10_repeat2,clip_vitl14_embeddings,10.398633243981749,group02_experiment07_subject_10,2.0,False,291.0,0.03573413485904381,,10398.633243981749
group02_experiment07_subject_10_repeat2,clip_feature_store_write_and_read,0.0206877279561013,group02_experiment07_subject_10,2.0,False,291.0,7.109184864639621e-05,,20.6877279561013
group02_experiment07_subject_10_repeat2,temporal_window_construction,0.38986713299527764,group02_experiment07_subject_10,2.0,False,291.0,0.0013397495979219163,,389.86713299527764
group02_experiment07_subject_10_repeat2,fairness_model_prediction,0.2924521351233125,group02_experiment07_subject_10,2.0,False,291.0,0.0010049901550629294,,292.4521351233125
group02_experiment07_subject_10_repeat2,end_to_end_unknown_data,12.767218413995579,group02_experiment07_subject_10,2.0,False,291.0,0.043873602797235664,,12767.218413995579
group02_experiment07_subject_10_repeat2,cold_start_plus_end_to_end,20.86276294500567,group02_experiment07_subject_10,2.0,False,291.0,0.07169334345362774,,20862.76294500567
group02_experiment07_subject_16_repeat2,raw_csv_load,0.28406969201751053,group02_experiment07_subject_16,2.0,False,291.0,0.0009761845086512389,,284.06969201751053
group02_experiment07_subject_16_repeat2,image_path_resolution,0.3145204409956932,group02_experiment07_subject_16,2.0,False,291.0,0.0010808262577171588,,314.5204409956932
group02_experiment07_subject_16_repeat2,temporal_sensor_image_alignment,1.0881755880545825,group02_experiment07_subject_16,2.0,False,291.0,0.003739435010496847,,1088.1755880545825
group02_experiment07_subject_16_repeat2,aggregated_parquet_write,0.019208833808079362,group02_experiment07_subject_16,2.0,False,291.0,6.600973817209403e-05,,19.208833808079362
group02_experiment07_subject_16_repeat2,aggregated_parquet_read_and_preprocessing,0.01902941521257162,group02_experiment07_subject_16,2.0,False,291.0,6.539317942464474e-05,,19.02941521257162
group02_experiment07_subject_16_repeat2,clip_vitl14_embeddings,11.743389883078635,group02_experiment07_subject_16,2.0,False,291.0,0.0403552916944283,,11743.389883078635
group02_experiment07_subject_16_repeat2,clip_feature_store_write_and_read,0.01885706791654229,group02_experiment07_subject_16,2.0,False,291.0,6.480092067540307e-05,,18.85706791654229
group02_experiment07_subject_16_repeat2,temporal_window_construction,0.25539247691631317,group02_experiment07_subject_16,2.0,False,291.0,0.0008776373777192892,,255.39247691631317
group02_experiment07_subject_16_repeat2,fairness_model_prediction,0.3013822010252625,group02_experiment07_subject_16,2.0,False,291.0,0.0010356776667534793,,301.3822010252625
group02_experiment07_subject_16_repeat2,end_to_end_unknown_data,14.0452861180529,group02_experiment07_subject_16,2.0,False,291.0,0.048265588034546045,,14045.2861180529
group02_experiment07_subject_16_repeat2,cold_start_plus_end_to_end,22.14083064906299,group02_experiment07_subject_16,2.0,False,291.0,0.07608532869093812,,22140.83064906299
group02_experiment07_subject_20_repeat2,raw_csv_load,0.2920357349794358,group02_experiment07_subject_20,2.0,False,291.0,0.0010035592267334565,,292.0357349794358
group02_experiment07_subject_20_repeat2,image_path_resolution,0.18737777322530746,group02_experiment07_subject_20,2.0,False,291.0,0.0006439098736264862,,187.37777322530746
group02_experiment07_subject_20_repeat2,temporal_sensor_image_alignment,1.0499188990797848,group02_experiment07_subject_20,2.0,False,291.0,0.003607968725360085,,1049.9188990797848
group02_experiment07_subject_20_repeat2,aggregated_parquet_write,0.02036282210610807,group02_experiment07_subject_20,2.0,False,291.0,6.997533369796587e-05,,20.36282210610807
group02_experiment07_subject_20_repeat2,aggregated_parquet_read_and_preprocessing,0.019025098998099566,group02_experiment07_subject_20,2.0,False,291.0,6.53783470725071e-05,,19.025098998099566
group02_experiment07_subject_20_repeat2,clip_vitl14_embeddings,10.83163978997618,group02_experiment07_subject_20,2.0,False,291.0,0.037222129862461095,,10831.63978997618
group02_experiment07_subject_20_repeat2,clip_feature_store_write_and_read,0.01955752191133797,group02_experiment07_subject_20,2.0,False,291.0,6.720797907676279e-05,,19.55752191133797
group02_experiment07_subject_20_repeat2,temporal_window_construction,0.26594050391577184,group02_experiment07_subject_20,2.0,False,291.0,0.0009138848931813465,,265.94050391577184
group02_experiment07_subject_20_repeat2,fairness_model_prediction,0.2973601350095123,group02_experiment07_subject_20,2.0,False,291.0,0.0010218561340533069,,297.3601350095123
group02_experiment07_subject_20_repeat2,end_to_end_unknown_data,12.984598269918934,group02_experiment07_subject_20,2.0,False,291.0,0.04462061261140527,,12984.598269918934
group02_experiment07_subject_20_repeat2,cold_start_plus_end_to_end,21.080142800929025,group02_experiment07_subject_20,2.0,False,291.0,0.07244035326779734,,21080.142800929025
group02_experiment08_subject_20_repeat2,raw_csv_load,0.3198158370796591,group02_experiment08_subject_20,2.0,False,290.0,0.0011028132313091693,,319.8158370796591
group02_experiment08_subject_20_repeat2,image_path_resolution,0.2163515300489962,group02_experiment08_subject_20,2.0,False,290.0,0.0007460397587896421,,216.3515300489962
group02_experiment08_subject_20_repeat2,temporal_sensor_image_alignment,1.0816616921219975,group02_experiment08_subject_20,2.0,False,290.0,0.0037298679038689567,,1081.6616921219975
group02_experiment08_subject_20_repeat2,aggregated_parquet_write,0.019602289889007807,group02_experiment08_subject_20,2.0,False,290.0,6.759410306554417e-05,,19.602289889007807
group02_experiment08_subject_20_repeat2,aggregated_parquet_read_and_preprocessing,0.01927551394328475,group02_experiment08_subject_20,2.0,False,290.0,6.646728945960258e-05,,19.27551394328475
group02_experiment08_subject_20_repeat2,clip_vitl14_embeddings,15.217090640915558,group02_experiment08_subject_20,2.0,False,290.0,0.05247272634798468,,15217.090640915558
group02_experiment08_subject_20_repeat2,clip_feature_store_write_and_read,0.01997760101221502,group02_experiment08_subject_20,2.0,False,290.0,6.888827935246558e-05,,19.97760101221502
group02_experiment08_subject_20_repeat2,temporal_window_construction,0.2525199430529028,group02_experiment08_subject_20,2.0,False,290.0,0.0008707584243203546,,252.51994305290282
group02_experiment08_subject_20_repeat2,fairness_model_prediction,0.2910991779062897,group02_experiment08_subject_20,2.0,False,290.0,0.0010037902686423784,,291.0991779062897
group02_experiment08_subject_20_repeat2,end_to_end_unknown_data,17.43876642291434,group02_experiment08_subject_20,2.0,False,290.0,0.06013367732039428,,17438.76642291434
group02_experiment08_subject_20_repeat2,cold_start_plus_end_to_end,25.534310953924432,group02_experiment08_subject_20,2.0,False,290.0,0.0880493481169808,,25534.310953924432
group02_experiment09_subject_10_repeat2,raw_csv_load,0.30506304698064923,group02_experiment09_subject_10,2.0,False,291.0,0.0010483266219266296,,305.06304698064923
group02_experiment09_subject_10_repeat2,image_path_resolution,0.2457557050511241,group02_experiment09_subject_10,2.0,False,291.0,0.0008445213231997392,,245.7557050511241
group02_experiment09_subject_10_repeat2,temporal_sensor_image_alignment,1.0629414001014084,group02_experiment09_subject_10,2.0,False,291.0,0.0036527195879773483,,1062.9414001014084
group02_experiment09_subject_10_repeat2,aggregated_parquet_write,0.019768438069149852,group02_experiment09_subject_10,2.0,False,291.0,6.793277686993076e-05,,19.768438069149852
group02_experiment09_subject_10_repeat2,aggregated_parquet_read_and_preprocessing,0.019735133973881602,group02_experiment09_subject_10,2.0,False,291.0,6.781832980715327e-05,,19.735133973881602
group02_experiment09_subject_10_repeat2,clip_vitl14_embeddings,10.456876213895157,group02_experiment09_subject_10,2.0,False,291.0,0.03593428252197649,,10456.876213895157
group02_experiment09_subject_10_repeat2,clip_feature_store_write_and_read,0.020211540861055255,group02_experiment09_subject_10,2.0,False,291.0,6.945546687647854e-05,,20.211540861055255
group02_experiment09_subject_10_repeat2,temporal_window_construction,0.25963175180368125,group02_experiment09_subject_10,2.0,False,291.0,0.0008922053326586985,,259.63175180368125
group02_experiment09_subject_10_repeat2,fairness_model_prediction,0.29946635384112597,group02_experiment09_subject_10,2.0,False,291.0,0.001029093999454041,,299.46635384112597
group02_experiment09_subject_10_repeat2,end_to_end_unknown_data,12.690913380822167,group02_experiment09_subject_10,2.0,False,291.0,0.043611386188392325,,12690.913380822167
group02_experiment09_subject_10_repeat2,cold_start_plus_end_to_end,20.786457911832258,group02_experiment09_subject_10,2.0,False,291.0,0.07143112684478439,,20786.457911832258
group02_experiment09_subject_16_repeat2,raw_csv_load,0.29185382812283933,group02_experiment09_subject_16,2.0,False,290.0,0.0010063925107684116,,291.85382812283933
group02_experiment09_subject_16_repeat2,image_path_resolution,0.19955605501309037,group02_experiment09_subject_16,2.0,False,290.0,0.0006881243276313461,,199.55605501309037
group02_experiment09_subject_16_repeat2,temporal_sensor_image_alignment,1.1005400130525231,group02_experiment09_subject_16,2.0,False,290.0,0.00379496556225008,,1100.5400130525231
group02_experiment09_subject_16_repeat2,aggregated_parquet_write,0.019308534916490316,group02_experiment09_subject_16,2.0,False,290.0,6.658115488444936e-05,,19.308534916490316
group02_experiment09_subject_16_repeat2,aggregated_parquet_read_and_preprocessing,0.019511045888066292,group02_experiment09_subject_16,2.0,False,290.0,6.727946857953894e-05,,19.511045888066292
group02_experiment09_subject_16_repeat2,clip_vitl14_embeddings,12.65910162590444,group02_experiment09_subject_16,2.0,False,290.0,0.04365207457208428,,12659.10162590444
group02_experiment09_subject_16_repeat2,clip_feature_store_write_and_read,0.020026070065796375,group02_experiment09_subject_16,2.0,False,290.0,6.90554140199875e-05,,20.026070065796375
group02_experiment09_subject_16_repeat2,temporal_window_construction,0.25904761091805995,group02_experiment09_subject_16,2.0,False,290.0,0.0008932676238553791,,259.04761091805995
group02_experiment09_subject_16_repeat2,fairness_model_prediction,0.30301749613136053,group02_experiment09_subject_16,2.0,False,290.0,0.0010448879176943467,,303.01749613136053
group02_experiment09_subject_16_repeat2,end_to_end_unknown_data,14.873265902977437,group02_experiment09_subject_16,2.0,False,290.0,0.05128712380337047,,14873.265902977437
group02_experiment09_subject_16_repeat2,cold_start_plus_end_to_end,22.968810433987528,group02_experiment09_subject_16,2.0,False,290.0,0.079202794599957,,22968.810433987528
group02_experiment09_subject_20_repeat2,raw_csv_load,0.3455858950037509,group02_experiment09_subject_20,2.0,False,291.0,0.0011875803952018933,,345.5858950037509
group02_experiment09_subject_20_repeat2,image_path_resolution,0.25707488413900137,group02_experiment09_subject_20,2.0,False,291.0,0.0008834188458384926,,257.07488413900137
group02_experiment09_subject_20_repeat2,temporal_sensor_image_alignment,1.1548331519588828,group02_experiment09_subject_20,2.0,False,291.0,0.003968498803982415,,1154.8331519588828
group02_experiment09_subject_20_repeat2,aggregated_parquet_write,0.02006595698185265,group02_experiment09_subject_20,2.0,False,291.0,6.895517863179605e-05,,20.06595698185265
group02_experiment09_subject_20_repeat2,aggregated_parquet_read_and_preprocessing,0.019070741022005677,group02_experiment09_subject_20,2.0,False,291.0,6.553519251548343e-05,,19.070741022005677
group02_experiment09_subject_20_repeat2,clip_vitl14_embeddings,12.147551920032129,group02_experiment09_subject_20,2.0,False,291.0,0.04174416467364993,,12147.551920032129
group02_experiment09_subject_20_repeat2,clip_feature_store_write_and_read,0.01997542893514037,group02_experiment09_subject_20,2.0,False,291.0,6.864408568776759e-05,,19.97542893514037
group02_experiment09_subject_20_repeat2,temporal_window_construction,0.26383966603316367,group02_experiment09_subject_20,2.0,False,291.0,0.0009066655190143082,,263.83966603316367
group02_experiment09_subject_20_repeat2,fairness_model_prediction,0.2995103420689702,group02_experiment09_subject_20,2.0,False,291.0,0.0010292451617490385,,299.5103420689702
group02_experiment09_subject_20_repeat2,end_to_end_unknown_data,14.52880088496022,group02_experiment09_subject_20,2.0,False,291.0,0.04992715080742344,,14528.80088496022
group02_experiment09_subject_20_repeat2,cold_start_plus_end_to_end,22.62434541597031,group02_experiment09_subject_20,2.0,False,291.0,0.0777468914638155,,22624.34541597031
group03_experiment01_subject_11_repeat2,raw_csv_load,0.34821407310664654,group03_experiment01_subject_11,2.0,False,290.0,0.0012007381831263674,,348.21407310664654
group03_experiment01_subject_11_repeat2,image_path_resolution,0.34193559805862606,group03_experiment01_subject_11,2.0,False,290.0,0.001179088269167676,,341.93559805862606
group03_experiment01_subject_11_repeat2,temporal_sensor_image_alignment,1.064055607188493,group03_experiment01_subject_11,2.0,False,290.0,0.0036691572661672173,,1064.055607188493
group03_experiment01_subject_11_repeat2,aggregated_parquet_write,0.018883948912844062,group03_experiment01_subject_11,2.0,False,290.0,6.511706521670367e-05,,18.883948912844062
group03_experiment01_subject_11_repeat2,aggregated_parquet_read_and_preprocessing,0.018821256002411246,group03_experiment01_subject_11,2.0,False,290.0,6.490088276693533e-05,,18.821256002411246
group03_experiment01_subject_11_repeat2,clip_vitl14_embeddings,11.98877266398631,group03_experiment01_subject_11,2.0,False,290.0,0.04134059539305624,,11988.77266398631
group03_experiment01_subject_11_repeat2,clip_feature_store_write_and_read,0.018892103107646108,group03_experiment01_subject_11,2.0,False,290.0,6.514518312981417e-05,,18.892103107646108
group03_experiment01_subject_11_repeat2,temporal_window_construction,0.25877612899057567,group03_experiment01_subject_11,2.0,False,290.0,0.0008923314792778471,,258.77612899057567
group03_experiment01_subject_11_repeat2,fairness_model_prediction,0.2957205851562321,group03_experiment01_subject_11,2.0,False,290.0,0.0010197261557111452,,295.7205851562321
group03_experiment01_subject_11_repeat2,end_to_end_unknown_data,14.355378681095317,group03_experiment01_subject_11,2.0,False,290.0,0.049501305796880404,,14355.378681095317
group03_experiment01_subject_11_repeat2,cold_start_plus_end_to_end,22.45092321210541,group03_experiment01_subject_11,2.0,False,290.0,0.07741697659346693,,22450.92321210541
group03_experiment02_subject_11_repeat2,raw_csv_load,0.35158529598265886,group03_experiment02_subject_11,2.0,False,291.0,0.001208196893411199,,351.58529598265886
group03_experiment02_subject_11_repeat2,image_path_resolution,0.19446628005243838,group03_experiment02_subject_11,2.0,False,291.0,0.0006682690036166267,,194.46628005243838
group03_experiment02_subject_11_repeat2,temporal_sensor_image_alignment,1.0872991909272969,group03_experiment02_subject_11,2.0,False,291.0,0.0037364233365199204,,1087.2991909272969
group03_experiment02_subject_11_repeat2,aggregated_parquet_write,0.019811728969216347,group03_experiment02_subject_11,2.0,False,291.0,6.808154284954071e-05,,19.811728969216347
group03_experiment02_subject_11_repeat2,aggregated_parquet_read_and_preprocessing,0.020336308050900698,group03_experiment02_subject_11,2.0,False,291.0,6.988422010618797e-05,,20.336308050900698
group03_experiment02_subject_11_repeat2,clip_vitl14_embeddings,11.765161426970735,group03_experiment02_subject_11,2.0,False,291.0,0.04043010799646301,,11765.161426970735
group03_experiment02_subject_11_repeat2,clip_feature_store_write_and_read,0.019005612935870886,group03_experiment02_subject_11,2.0,False,291.0,6.531138465935012e-05,,19.005612935870886
group03_experiment02_subject_11_repeat2,temporal_window_construction,0.2621428060811013,group03_experiment02_subject_11,2.0,False,291.0,0.0009008343851584237,,262.1428060811013
group03_experiment02_subject_11_repeat2,fairness_model_prediction,0.2976245719473809,group03_experiment02_subject_11,2.0,False,291.0,0.0010227648520528554,,297.6245719473809
group03_experiment02_subject_11_repeat2,end_to_end_unknown_data,14.01887989602983,group03_experiment02_subject_11,2.0,False,291.0,0.048174845003538934,,14018.87989602983
group03_experiment02_subject_11_repeat2,cold_start_plus_end_to_end,22.11442442703992,group03_experiment02_subject_11,2.0,False,291.0,0.075994585659931,,22114.42442703992
group03_experiment03_subject_11_repeat2,raw_csv_load,0.30692221503704786,group03_experiment03_subject_11,2.0,False,290.0,0.0010583524656449927,,306.92221503704786
group03_experiment03_subject_11_repeat2,image_path_resolution,0.19489930290728807,group03_experiment03_subject_11,2.0,False,290.0,0.0006720665617492692,,194.89930290728807
group03_experiment03_subject_11_repeat2,temporal_sensor_image_alignment,1.0661118300631642,group03_experiment03_subject_11,2.0,False,290.0,0.00367624768987298,,1066.1118300631642
group03_experiment03_subject_11_repeat2,aggregated_parquet_write,0.018203502986580133,group03_experiment03_subject_11,2.0,False,290.0,6.27706999537246e-05,,18.203502986580133
group03_experiment03_subject_11_repeat2,aggregated_parquet_read_and_preprocessing,0.019416423980146646,group03_experiment03_subject_11,2.0,False,290.0,6.695318613843672e-05,,19.416423980146646
group03_experiment03_subject_11_repeat2,clip_vitl14_embeddings,11.802532277069986,group03_experiment03_subject_11,2.0,False,290.0,0.04069838716231029,,11802.532277069986
group03_experiment03_subject_11_repeat2,clip_feature_store_write_and_read,0.01914539304561913,group03_experiment03_subject_11,2.0,False,290.0,6.601859670903149e-05,,19.14539304561913
group03_experiment03_subject_11_repeat2,temporal_window_construction,0.262081554858014,group03_experiment03_subject_11,2.0,False,290.0,0.000903729499510393,,262.081554858014
group03_experiment03_subject_11_repeat2,fairness_model_prediction,0.29672757093794644,group03_experiment03_subject_11,2.0,False,290.0,0.0010231985204756774,,296.72757093794644
group03_experiment03_subject_11_repeat2,end_to_end_unknown_data,13.987298318883404,group03_experiment03_subject_11,2.0,False,290.0,0.04823206316856346,,13987.298318883404
group03_experiment03_subject_11_repeat2,cold_start_plus_end_to_end,22.082842849893495,group03_experiment03_subject_11,2.0,False,290.0,0.07614773396514998,,22082.842849893495
group03_experiment04_subject_11_repeat2,raw_csv_load,0.3109573388937861,group03_experiment04_subject_11,2.0,False,291.0,0.001068581920597203,,310.9573388937861
group03_experiment04_subject_11_repeat2,image_path_resolution,0.2429599028546363,group03_experiment04_subject_11,2.0,False,291.0,0.0008349137555142141,,242.9599028546363
group03_experiment04_subject_11_repeat2,temporal_sensor_image_alignment,1.1095308980438858,group03_experiment04_subject_11,2.0,False,291.0,0.003812820955477271,,1109.5308980438858
group03_experiment04_subject_11_repeat2,aggregated_parquet_write,0.019393238006159663,group03_experiment04_subject_11,2.0,False,291.0,6.664342957443183e-05,,19.393238006159663
group03_experiment04_subject_11_repeat2,aggregated_parquet_read_and_preprocessing,0.01868750504218042,group03_experiment04_subject_11,2.0,False,291.0,6.421823038549973e-05,,18.68750504218042
group03_experiment04_subject_11_repeat2,clip_vitl14_embeddings,15.424357692012563,group03_experiment04_subject_11,2.0,False,291.0,0.0530046656082906,,15424.357692012563
group03_experiment04_subject_11_repeat2,clip_feature_store_write_and_read,0.021365912863984704,group03_experiment04_subject_11,2.0,False,291.0,7.342238097589245e-05,,21.365912863984704
group03_experiment04_subject_11_repeat2,temporal_window_construction,0.26483781985007226,group03_experiment04_subject_11,2.0,False,291.0,0.0009100956008593549,,264.83781985007226
group03_experiment04_subject_11_repeat2,fairness_model_prediction,0.29850847995840013,group03_experiment04_subject_11,2.0,False,291.0,0.0010258023366268045,,298.50847995840013
group03_experiment04_subject_11_repeat2,end_to_end_unknown_data,17.71187969413586,group03_experiment04_subject_11,2.0,False,291.0,0.06086556595922976,,17711.87969413586
group03_experiment04_subject_11_repeat2,cold_start_plus_end_to_end,25.80742422514595,group03_experiment04_subject_11,2.0,False,291.0,0.08868530661562182,,25807.42422514595
group03_experiment05_subject_11_repeat2,raw_csv_load,0.328119226032868,group03_experiment05_subject_11,2.0,False,291.0,0.0011275574777761788,,328.119226032868
group03_experiment05_subject_11_repeat2,image_path_resolution,0.30820980900898576,group03_experiment05_subject_11,2.0,False,291.0,0.0010591402371442809,,308.20980900898576
group03_experiment05_subject_11_repeat2,temporal_sensor_image_alignment,1.109300032025203,group03_experiment05_subject_11,2.0,False,291.0,0.003812027601461179,,1109.300032025203
group03_experiment05_subject_11_repeat2,aggregated_parquet_write,0.01984454016201198,group03_experiment05_subject_11,2.0,False,291.0,6.819429608938826e-05,,19.84454016201198
group03_experiment05_subject_11_repeat2,aggregated_parquet_read_and_preprocessing,0.01917467499151826,group03_experiment05_subject_11,2.0,False,291.0,6.589235392274316e-05,,19.17467499151826
group03_experiment05_subject_11_repeat2,clip_vitl14_embeddings,12.158547089900821,group03_experiment05_subject_11,2.0,False,291.0,0.041781948762545776,,12158.547089900821
group03_experiment05_subject_11_repeat2,clip_feature_store_write_and_read,0.01942055602557957,group03_experiment05_subject_11,2.0,False,291.0,6.67373059298267e-05,,19.42055602557957
group03_experiment05_subject_11_repeat2,temporal_window_construction,0.2587829709518701,group03_experiment05_subject_11,2.0,False,291.0,0.0008892885599720621,,258.7829709518701
group03_experiment05_subject_11_repeat2,fairness_model_prediction,0.3043225519359112,group03_experiment05_subject_11,2.0,False,291.0,0.0010457819654155023,,304.3225519359112
group03_experiment05_subject_11_repeat2,end_to_end_unknown_data,14.526996151078492,group03_experiment05_subject_11,2.0,False,291.0,0.04992094897277832,,14526.996151078492
group03_experiment05_subject_11_repeat2,cold_start_plus_end_to_end,22.622540682088584,group03_experiment05_subject_11,2.0,False,291.0,0.07774068962917038,,22622.540682088584
group03_experiment06_subject_11_repeat2,raw_csv_load,0.31392301083542407,group03_experiment06_subject_11,2.0,False,289.0,0.0010862387918180764,,313.92301083542407
group03_experiment06_subject_11_repeat2,image_path_resolution,0.2405131959822029,group03_experiment06_subject_11,2.0,False,289.0,0.00083222559163392,,240.5131959822029
group03_experiment06_subject_11_repeat2,temporal_sensor_image_alignment,1.0891098000574857,group03_experiment06_subject_11,2.0,False,289.0,0.0037685460209601583,,1089.1098000574857
group03_experiment06_subject_11_repeat2,aggregated_parquet_write,0.023273804923519492,group03_experiment06_subject_11,2.0,False,289.0,8.053219696719548e-05,,23.273804923519492
group03_experiment06_subject_11_repeat2,aggregated_parquet_read_and_preprocessing,0.022254575975239277,group03_experiment06_subject_11,2.0,False,289.0,7.700545320151998e-05,,22.254575975239277
group03_experiment06_subject_11_repeat2,clip_vitl14_embeddings,13.270831688074395,group03_experiment06_subject_11,2.0,False,289.0,0.04591983283070725,,13270.831688074395
group03_experiment06_subject_11_repeat2,clip_feature_store_write_and_read,0.01979347807355225,group03_experiment06_subject_11,2.0,False,289.0,6.848954350710121e-05,,19.79347807355225
group03_experiment06_subject_11_repeat2,temporal_window_construction,0.25939868995919824,group03_experiment06_subject_11,2.0,False,289.0,0.0008975733216581254,,259.39868995919824
group03_experiment06_subject_11_repeat2,fairness_model_prediction,0.29372823401354253,group03_experiment06_subject_11,2.0,False,289.0,0.001016360671327137,,293.72823401354253
group03_experiment06_subject_11_repeat2,end_to_end_unknown_data,15.5344199789688,group03_experiment06_subject_11,2.0,False,289.0,0.05375231826632802,,15534.4199789688
group03_experiment06_subject_11_repeat2,cold_start_plus_end_to_end,23.62996450997889,group03_experiment06_subject_11,2.0,False,289.0,0.08176458307951173,,23629.96450997889
group03_experiment07_subject_11_repeat2,raw_csv_load,0.3271405128762126,group03_experiment07_subject_11,2.0,False,291.0,0.0011241942023237546,,327.1405128762126
group03_experiment07_subject_11_repeat2,image_path_resolution,0.22918304288759828,group03_experiment07_subject_11,2.0,False,291.0,0.000787570594115458,,229.18304288759828
group03_experiment07_subject_11_repeat2,temporal_sensor_image_alignment,1.031161893857643,group03_experiment07_subject_11,2.0,False,291.0,0.0035435116627410414,,1031.161893857643
group03_experiment07_subject_11_repeat2,aggregated_parquet_write,0.019052254036068916,group03_experiment07_subject_11,2.0,False,291.0,6.547166335418871e-05,,19.052254036068916
group03_experiment07_subject_11_repeat2,aggregated_parquet_read_and_preprocessing,0.018576157046481967,group03_experiment07_subject_11,2.0,False,291.0,6.383559122502394e-05,,18.576157046481967
group03_experiment07_subject_11_repeat2,clip_vitl14_embeddings,10.345955760916695,group03_experiment07_subject_11,2.0,False,291.0,0.03555311258046974,,10345.955760916695
group03_experiment07_subject_11_repeat2,clip_feature_store_write_and_read,0.018562573939561844,group03_experiment07_subject_11,2.0,False,291.0,6.378891388165582e-05,,18.562573939561844
group03_experiment07_subject_11_repeat2,temporal_window_construction,0.26070265704765916,group03_experiment07_subject_11,2.0,False,291.0,0.0008958854194077634,,260.70265704765916
group03_experiment07_subject_11_repeat2,fairness_model_prediction,0.2918397691100836,group03_experiment07_subject_11,2.0,False,291.0,0.0010028858045020054,,291.8397691100836
group03_experiment07_subject_11_repeat2,end_to_end_unknown_data,12.543501327978447,group03_experiment07_subject_11,2.0,False,291.0,0.04310481556006339,,12543.501327978447
group03_experiment07_subject_11_repeat2,cold_start_plus_end_to_end,20.63904585898854,group03_experiment07_subject_11,2.0,False,291.0,0.07092455621645546,,20639.04585898854
group03_experiment08_subject_11_repeat2,raw_csv_load,0.304080564994365,group03_experiment08_subject_11,2.0,False,290.0,0.001048553672394362,,304.080564994365
group03_experiment08_subject_11_repeat2,image_path_resolution,0.23059141705743968,group03_experiment08_subject_11,2.0,False,290.0,0.0007951428174394472,,230.59141705743968
group03_experiment08_subject_11_repeat2,temporal_sensor_image_alignment,1.0422920018900186,group03_experiment08_subject_11,2.0,False,290.0,0.0035941103513448917,,1042.2920018900186
group03_experiment08_subject_11_repeat2,aggregated_parquet_write,0.01891475496813655,group03_experiment08_subject_11,2.0,False,290.0,6.52232929935743e-05,,18.91475496813655
group03_experiment08_subject_11_repeat2,aggregated_parquet_read_and_preprocessing,0.018859148025512695,group03_experiment08_subject_11,2.0,False,290.0,6.503154491556102e-05,,18.859148025512695
group03_experiment08_subject_11_repeat2,clip_vitl14_embeddings,14.374458900885656,group03_experiment08_subject_11,2.0,False,290.0,0.0495670996582264,,14374.458900885656
group03_experiment08_subject_11_repeat2,clip_feature_store_write_and_read,0.020823145983740687,group03_experiment08_subject_11,2.0,False,290.0,7.180395166807134e-05,,20.823145983740687
group03_experiment08_subject_11_repeat2,temporal_window_construction,0.25513243209570646,group03_experiment08_subject_11,2.0,False,290.0,0.000879767007226574,,255.13243209570646
group03_experiment08_subject_11_repeat2,fairness_model_prediction,0.2943925969302654,group03_experiment08_subject_11,2.0,False,290.0,0.0010151468859664326,,294.3925969302654
group03_experiment08_subject_11_repeat2,end_to_end_unknown_data,16.560863277874887,group03_experiment08_subject_11,2.0,False,290.0,0.0571064250961203,,16560.863277874887
group03_experiment08_subject_11_repeat2,cold_start_plus_end_to_end,24.65640780888498,group03_experiment08_subject_11,2.0,False,290.0,0.08502209589270682,,24656.40780888498
group03_experiment09_subject_11_repeat2,raw_csv_load,0.3027269660960883,group03_experiment09_subject_11,2.0,False,291.0,0.0010402988525638772,,302.7269660960883
group03_experiment09_subject_11_repeat2,image_path_resolution,0.24248506501317024,group03_experiment09_subject_11,2.0,False,291.0,0.000833282010354537,,242.48506501317024
group03_experiment09_subject_11_repeat2,temporal_sensor_image_alignment,1.0973865690175444,group03_experiment09_subject_11,2.0,False,291.0,0.0037710878660396716,,1097.3865690175444
group03_experiment09_subject_11_repeat2,aggregated_parquet_write,0.019766333047300577,group03_experiment09_subject_11,2.0,False,291.0,6.79255431178714e-05,,19.766333047300577
group03_experiment09_subject_11_repeat2,aggregated_parquet_read_and_preprocessing,0.018733520060777664,group03_experiment09_subject_11,2.0,False,291.0,6.43763575971741e-05,,18.733520060777664
group03_experiment09_subject_11_repeat2,clip_vitl14_embeddings,12.255177907878533,group03_experiment09_subject_11,2.0,False,291.0,0.04211401342913585,,12255.177907878533
group03_experiment09_subject_11_repeat2,clip_feature_store_write_and_read,0.018457293044775724,group03_experiment09_subject_11,2.0,False,291.0,6.342712386520867e-05,,18.457293044775724
group03_experiment09_subject_11_repeat2,temporal_window_construction,0.25607020198367536,group03_experiment09_subject_11,2.0,False,291.0,0.0008799663298408088,,256.07020198367536
group03_experiment09_subject_11_repeat2,fairness_model_prediction,0.3018163188826293,group03_experiment09_subject_11,2.0,False,291.0,0.0010371694806963205,,301.8163188826293
group03_experiment09_subject_11_repeat2,end_to_end_unknown_data,14.513715492095798,group03_experiment09_subject_11,2.0,False,291.0,0.04987531096940137,,14513.715492095798
group03_experiment09_subject_11_repeat2,cold_start_plus_end_to_end,22.60926002310589,group03_experiment09_subject_11,2.0,False,291.0,0.07769505162579343,,22609.26002310589
group01_experiment01_subject_08_repeat3,raw_csv_load,0.295826009940356,group01_experiment01_subject_08,3.0,False,291.0,0.0010165842265991616,,295.826009940356
group01_experiment01_subject_08_repeat3,image_path_resolution,0.1952606060076505,group01_experiment01_subject_08,3.0,False,291.0,0.0006709986460744004,,195.2606060076505
group01_experiment01_subject_08_repeat3,temporal_sensor_image_alignment,1.0838502270635217,group01_experiment01_subject_08,3.0,False,291.0,0.0037245712270224116,,1083.8502270635217
group01_experiment01_subject_08_repeat3,aggregated_parquet_write,0.019239955116063356,group01_experiment01_subject_08,3.0,False,291.0,6.61166842476404e-05,,19.239955116063356
group01_experiment01_subject_08_repeat3,aggregated_parquet_read_and_preprocessing,0.018803280079737306,group01_experiment01_subject_08,3.0,False,291.0,6.461608274823816e-05,,18.803280079737306
group01_experiment01_subject_08_repeat3,clip_vitl14_embeddings,14.85523471981287,group01_experiment01_subject_08,3.0,False,291.0,0.05104891656293083,,14855.23471981287
group01_experiment01_subject_08_repeat3,clip_feature_store_write_and_read,0.019223083974793553,group01_experiment01_subject_08,3.0,False,291.0,6.605870781715998e-05,,19.223083974793553
group01_experiment01_subject_08_repeat3,temporal_window_construction,0.2580407781060785,group01_experiment01_subject_08,3.0,False,291.0,0.0008867380690930533,,258.0407781060785
group01_experiment01_subject_08_repeat3,fairness_model_prediction,0.29914654209278524,group01_experiment01_subject_08,3.0,False,291.0,0.0010279949900095712,,299.14654209278524
group01_experiment01_subject_08_repeat3,end_to_end_unknown_data,17.046076147817075,group01_experiment01_subject_08,3.0,False,291.0,0.058577581263976206,,17046.076147817075
group01_experiment01_subject_08_repeat3,cold_start_plus_end_to_end,25.141620678827167,group01_experiment01_subject_08,3.0,False,291.0,0.08639732192036827,,25141.620678827167
group01_experiment01_subject_10_repeat3,raw_csv_load,0.3367898559663445,group01_experiment01_subject_10,3.0,False,291.0,0.0011573534569290188,,336.7898559663445
group01_experiment01_subject_10_repeat3,image_path_resolution,0.25251641497015953,group01_experiment01_subject_10,3.0,False,291.0,0.0008677540033338816,,252.51641497015953
group01_experiment01_subject_10_repeat3,temporal_sensor_image_alignment,1.036662840982899,group01_experiment01_subject_10,3.0,False,291.0,0.003562415261109619,,1036.662840982899
group01_experiment01_subject_10_repeat3,aggregated_parquet_write,0.019453729037195444,group01_experiment01_subject_10,3.0,False,291.0,6.685130253331768e-05,,19.453729037195444
group01_experiment01_subject_10_repeat3,aggregated_parquet_read_and_preprocessing,0.018918546149507165,group01_experiment01_subject_10,3.0,False,291.0,6.501218608078063e-05,,18.918546149507165
group01_experiment01_subject_10_repeat3,clip_vitl14_embeddings,12.087838935898617,group01_experiment01_subject_10,3.0,False,291.0,0.041538965415459164,,12087.838935898617
group01_experiment01_subject_10_repeat3,clip_feature_store_write_and_read,0.01873014192096889,group01_experiment01_subject_10,3.0,False,291.0,6.43647488693089e-05,,18.73014192096889
group01_experiment01_subject_10_repeat3,temporal_window_construction,0.25518701900728047,group01_experiment01_subject_10,3.0,False,291.0,0.0008769313367947782,,255.18701900728047
group01_experiment01_subject_10_repeat3,fairness_model_prediction,0.2940136769320816,group01_experiment01_subject_10,3.0,False,291.0,0.0010103562781171188,,294.0136769320816
group01_experiment01_subject_10_repeat3,end_to_end_unknown_data,14.32118332805112,group01_experiment01_subject_10,3.0,False,291.0,0.04921368841254681,,14321.18332805112
group01_experiment01_subject_10_repeat3,cold_start_plus_end_to_end,22.41672785906121,group01_experiment01_subject_10,3.0,False,291.0,0.07703342906893887,,22416.72785906121
group01_experiment01_subject_15_repeat3,raw_csv_load,0.3411167610902339,group01_experiment01_subject_15,3.0,False,291.0,0.0011722225467018347,,341.1167610902339
group01_experiment01_subject_15_repeat3,image_path_resolution,0.20969080785289407,group01_experiment01_subject_15,3.0,False,291.0,0.0007205869685666463,,209.69080785289407
group01_experiment01_subject_15_repeat3,temporal_sensor_image_alignment,1.1456008260138333,group01_experiment01_subject_15,3.0,False,291.0,0.003936772597985682,,1145.6008260138333
group01_experiment01_subject_15_repeat3,aggregated_parquet_write,0.019398699048906565,group01_experiment01_subject_15,3.0,False,291.0,6.666219604435246e-05,,19.398699048906565
group01_experiment01_subject_15_repeat3,aggregated_parquet_read_and_preprocessing,0.018666263902559876,group01_experiment01_subject_15,3.0,False,291.0,6.414523677855628e-05,,18.666263902559876
group01_experiment01_subject_15_repeat3,clip_vitl14_embeddings,16.052688393974677,group01_experiment01_subject_15,3.0,False,291.0,0.055163877642524665,,16052.688393974677
group01_experiment01_subject_15_repeat3,clip_feature_store_write_and_read,0.019935784162953496,group01_experiment01_subject_15,3.0,False,291.0,6.850784935722851e-05,,19.935784162953496
group01_experiment01_subject_15_repeat3,temporal_window_construction,0.25550815206952393,group01_experiment01_subject_15,3.0,False,291.0,0.000878034886836852,,255.50815206952393
group01_experiment01_subject_15_repeat3,fairness_model_prediction,0.2947723490651697,group01_experiment01_subject_15,3.0,False,291.0,0.0010129633988493804,,294.7723490651697
group01_experiment01_subject_15_repeat3,end_to_end_unknown_data,18.358470977051184,group01_experiment01_subject_15,3.0,False,291.0,0.06308752913076009,,18358.470977051184
group01_experiment01_subject_15_repeat3,cold_start_plus_end_to_end,26.454015508061275,group01_experiment01_subject_15,3.0,False,291.0,0.09090726978715215,,26454.015508061275
group01_experiment01_subject_18_repeat3,raw_csv_load,0.2930025360547006,group01_experiment01_subject_18,3.0,False,291.0,0.0010068815671982838,,293.0025360547006
group01_experiment01_subject_18_repeat3,image_path_resolution,0.20951103093102574,group01_experiment01_subject_18,3.0,False,291.0,0.0007199691784571332,,209.51103093102574
group01_experiment01_subject_18_repeat3,temporal_sensor_image_alignment,1.1190868229605258,group01_experiment01_subject_18,3.0,False,291.0,0.00384565918543136,,1119.0868229605258
group01_experiment01_subject_18_repeat3,aggregated_parquet_write,0.01954437210224569,group01_experiment01_subject_18,3.0,False,291.0,6.716279072936663e-05,,19.54437210224569
group01_experiment01_subject_18_repeat3,aggregated_parquet_read_and_preprocessing,0.020235495874658227,group01_experiment01_subject_18,3.0,False,291.0,6.953778651085301e-05,,20.235495874658227
group01_experiment01_subject_18_repeat3,clip_vitl14_embeddings,16.18842687504366,group01_experiment01_subject_18,3.0,False,291.0,0.0556303329039301,,16188.42687504366
group01_experiment01_subject_18_repeat3,clip_feature_store_write_and_read,0.019845556002110243,group01_experiment01_subject_18,3.0,False,291.0,6.819778694883244e-05,,19.845556002110243
group01_experiment01_subject_18_repeat3,temporal_window_construction,0.2572187820915133,group01_experiment01_subject_18,3.0,False,291.0,0.0008839133405206641,,257.2187820915133
group01_experiment01_subject_18_repeat3,fairness_model_prediction,0.2903548670001328,group01_experiment01_subject_18,3.0,False,291.0,0.000997783048110422,,290.3548670001328
group01_experiment01_subject_18_repeat3,end_to_end_unknown_data,18.418325884034857,group01_experiment01_subject_18,3.0,False,291.0,0.06329321609633971,,18418.325884034857
group01_experiment01_subject_18_repeat3,cold_start_plus_end_to_end,26.51387041504495,group01_experiment01_subject_18,3.0,False,291.0,0.09111295675273179,,26513.87041504495
group01_experiment02_subject_08_repeat3,raw_csv_load,0.3413112990092486,group01_experiment02_subject_08,3.0,False,291.0,0.0011728910618874523,,341.3112990092486
group01_experiment02_subject_08_repeat3,image_path_resolution,0.2838177368976176,group01_experiment02_subject_08,3.0,False,291.0,0.0009753186834969677,,283.8177368976176
group01_experiment02_subject_08_repeat3,temporal_sensor_image_alignment,1.1011747899465263,group01_experiment02_subject_08,3.0,False,291.0,0.003784105807376379,,1101.1747899465263
group01_experiment02_subject_08_repeat3,aggregated_parquet_write,0.018383675953373313,group01_experiment02_subject_08,3.0,False,291.0,6.317414416966774e-05,,18.383675953373313
group01_experiment02_subject_08_repeat3,aggregated_parquet_read_and_preprocessing,0.025180750992149115,group01_experiment02_subject_08,3.0,False,291.0,8.653179035102789e-05,,25.180750992149115
group01_experiment02_subject_08_repeat3,clip_vitl14_embeddings,15.914467422058806,group01_experiment02_subject_08,3.0,False,291.0,0.05468889148473816,,15914.467422058806
group01_experiment02_subject_08_repeat3,clip_feature_store_write_and_read,0.02143497089855373,group01_experiment02_subject_08,3.0,False,291.0,7.365969380946299e-05,,21.43497089855373
group01_experiment02_subject_08_repeat3,temporal_window_construction,0.2580824939068407,group01_experiment02_subject_08,3.0,False,291.0,0.0008868814223602772,,258.0824939068407
group01_experiment02_subject_08_repeat3,fairness_model_prediction,0.3033595432061702,group01_experiment02_subject_08,3.0,False,291.0,0.001042472657065877,,303.3595432061702
group01_experiment02_subject_08_repeat3,end_to_end_unknown_data,18.268343442119658,group01_experiment02_subject_08,3.0,False,291.0,0.06277781251587511,,18268.343442119658
group01_experiment02_subject_08_repeat3,cold_start_plus_end_to_end,26.36388797312975,group01_experiment02_subject_08,3.0,False,291.0,0.09059755317226718,,26363.88797312975
group01_experiment02_subject_10_repeat3,raw_csv_load,0.3310478930361569,group01_experiment02_subject_10,3.0,False,291.0,0.0011376216255538038,,331.0478930361569
group01_experiment02_subject_10_repeat3,image_path_resolution,0.1894242549315095,group01_experiment02_subject_10,3.0,False,291.0,0.000650942456809311,,189.4242549315095
group01_experiment02_subject_10_repeat3,temporal_sensor_image_alignment,1.055742316879332,group01_experiment02_subject_10,3.0,False,291.0,0.0036279804703757117,,1055.742316879332
group01_experiment02_subject_10_repeat3,aggregated_parquet_write,0.01946664904244244,group01_experiment02_subject_10,3.0,False,291.0,6.689570117677814e-05,,19.46664904244244
group01_experiment02_subject_10_repeat3,aggregated_parquet_read_and_preprocessing,0.02699321391992271,group01_experiment02_subject_10,3.0,False,291.0,9.276018529183061e-05,,26.99321391992271
group01_experiment02_subject_10_repeat3,clip_vitl14_embeddings,14.813803388969973,group01_experiment02_subject_10,3.0,False,291.0,0.050906540855566916,,14813.803388969973
group01_experiment02_subject_10_repeat3,clip_feature_store_write_and_read,0.019188605016097426,group01_experiment02_subject_10,3.0,False,291.0,6.59402234230152e-05,,19.188605016097426
group01_experiment02_subject_10_repeat3,temporal_window_construction,0.25125820911489427,group01_experiment02_subject_10,3.0,False,291.0,0.0008634302718724889,,251.25820911489427
group01_experiment02_subject_10_repeat3,fairness_model_prediction,0.29838950117118657,group01_experiment02_subject_10,3.0,False,291.0,0.001025393474815074,,298.38950117118657
group01_experiment02_subject_10_repeat3,end_to_end_unknown_data,17.006714035058394,group01_experiment02_subject_10,3.0,False,291.0,0.05844231627167833,,17006.714035058394
group01_experiment02_subject_10_repeat3,cold_start_plus_end_to_end,25.102258566068485,group01_experiment02_subject_10,3.0,False,291.0,0.0862620569280704,,25102.258566068485
group01_experiment02_subject_15_repeat3,raw_csv_load,0.313144352985546,group01_experiment02_subject_15,3.0,False,291.0,0.0010760974329400207,,313.144352985546
group01_experiment02_subject_15_repeat3,image_path_resolution,0.29688316909596324,group01_experiment02_subject_15,3.0,False,291.0,0.0010202170759311452,,296.88316909596324
group01_experiment02_subject_15_repeat3,temporal_sensor_image_alignment,1.146930000046268,group01_experiment02_subject_15,3.0,False,291.0,0.003941340206344564,,1146.930000046268
group01_experiment02_subject_15_repeat3,aggregated_parquet_write,0.018972138175740838,group01_experiment02_subject_15,3.0,False,291.0,6.519635111938432e-05,,18.972138175740838
group01_experiment02_subject_15_repeat3,aggregated_parquet_read_and_preprocessing,0.01908417814411223,group01_experiment02_subject_15,3.0,False,291.0,6.558136819282553e-05,,19.08417814411223
group01_experiment02_subject_15_repeat3,clip_vitl14_embeddings,14.446886038873345,group01_experiment02_subject_15,3.0,False,291.0,0.049645656490973696,,14446.886038873345
group01_experiment02_subject_15_repeat3,clip_feature_store_write_and_read,0.019314885139465332,group01_experiment02_subject_15,3.0,False,291.0,6.637417573699426e-05,,19.314885139465332
group01_experiment02_subject_15_repeat3,temporal_window_construction,0.2552620100323111,group01_experiment02_subject_15,3.0,False,291.0,0.0008771890379117219,,255.26201003231108
group01_experiment02_subject_15_repeat3,fairness_model_prediction,0.29374077287502587,group01_experiment02_subject_15,3.0,False,291.0,0.0010094184634880615,,293.74077287502587
group01_experiment02_subject_15_repeat3,end_to_end_unknown_data,16.811572870938107,group01_experiment02_subject_15,3.0,False,291.0,0.057771728078825114,,16811.572870938107
group01_experiment02_subject_15_repeat3,cold_start_plus_end_to_end,24.9071174019482,group01_experiment02_subject_15,3.0,False,291.0,0.08559146873521718,,24907.1174019482
group01_experiment02_subject_18_repeat3,raw_csv_load,0.3162357499822974,group01_experiment02_subject_18,3.0,False,291.0,0.0010867207903171733,,316.2357499822974
group01_experiment02_subject_18_repeat3,image_path_resolution,0.22222758014686406,group01_experiment02_subject_18,3.0,False,291.0,0.0007636686602985019,,222.22758014686406
group01_experiment02_subject_18_repeat3,temporal_sensor_image_alignment,1.115358826937154,group01_experiment02_subject_18,3.0,False,291.0,0.003832848202533175,,1115.358826937154
group01_experiment02_subject_18_repeat3,aggregated_parquet_write,0.02056604903191328,group01_experiment02_subject_18,3.0,False,291.0,7.06737080134477e-05,,20.56604903191328
group01_experiment02_subject_18_repeat3,aggregated_parquet_read_and_preprocessing,0.01968079782091081,group01_experiment02_subject_18,3.0,False,291.0,6.763160763199591e-05,,19.68079782091081
group01_experiment02_subject_18_repeat3,clip_vitl14_embeddings,15.224784389138222,group01_experiment02_subject_18,3.0,False,291.0,0.05231884669806949,,15224.784389138222
group01_experiment02_subject_18_repeat3,clip_feature_store_write_and_read,0.022806562017649412,group01_experiment02_subject_18,3.0,False,291.0,7.837306535274712e-05,,22.806562017649412
group01_experiment02_subject_18_repeat3,temporal_window_construction,0.2530907029286027,group01_experiment02_subject_18,3.0,False,291.0,0.0008697275014728615,,253.0907029286027
group01_experiment02_subject_18_repeat3,fairness_model_prediction,0.2976276259869337,group01_experiment02_subject_18,3.0,False,291.0,0.0010227753470341365,,297.6276259869337
group01_experiment02_subject_18_repeat3,end_to_end_unknown_data,17.494776986073703,group01_experiment02_subject_18,3.0,False,291.0,0.0601195085432086,,17494.776986073703
group01_experiment02_subject_18_repeat3,cold_start_plus_end_to_end,25.590321517083794,group01_experiment02_subject_18,3.0,False,291.0,0.08793924919960067,,25590.321517083794
group01_experiment03_subject_08_repeat3,raw_csv_load,0.30683947796933353,group01_experiment03_subject_08,3.0,False,290.0,0.0010580671654114948,,306.83947796933353
group01_experiment03_subject_08_repeat3,image_path_resolution,0.28757539112120867,group01_experiment03_subject_08,3.0,False,290.0,0.0009916392797283057,,287.57539112120867
group01_experiment03_subject_08_repeat3,temporal_sensor_image_alignment,1.1993215419352055,group01_experiment03_subject_08,3.0,False,290.0,0.004135591523914501,,1199.3215419352055
group01_experiment03_subject_08_repeat3,aggregated_parquet_write,0.020507491193711758,group01_experiment03_subject_08,3.0,False,290.0,7.071548687486813e-05,,20.507491193711758
group01_experiment03_subject_08_repeat3,aggregated_parquet_read_and_preprocessing,0.019545358838513494,group01_experiment03_subject_08,3.0,False,290.0,6.739778909832239e-05,,19.545358838513494
group01_experiment03_subject_08_repeat3,clip_vitl14_embeddings,15.748287796974182,group01_experiment03_subject_08,3.0,False,290.0,0.05430444067922132,,15748.287796974182
group01_experiment03_subject_08_repeat3,clip_feature_store_write_and_read,0.01997842313721776,group01_experiment03_subject_08,3.0,False,290.0,6.889111426626813e-05,,19.97842313721776
group01_experiment03_subject_08_repeat3,temporal_window_construction,0.25985558703541756,group01_experiment03_subject_08,3.0,False,290.0,0.0008960537483979915,,259.85558703541756
group01_experiment03_subject_08_repeat3,fairness_model_prediction,0.2975796549580991,group01_experiment03_subject_08,3.0,False,290.0,0.0010261367412348246,,297.5796549580991
group01_experiment03_subject_08_repeat3,end_to_end_unknown_data,18.1606320918072,group01_experiment03_subject_08,3.0,False,290.0,0.0626228692820938,,18160.6320918072
group01_experiment03_subject_08_repeat3,cold_start_plus_end_to_end,26.256176622817293,group01_experiment03_subject_08,3.0,False,290.0,0.09053854007868033,,26256.176622817293
group01_experiment03_subject_10_repeat3,raw_csv_load,0.3271981799043715,group01_experiment03_subject_10,3.0,False,291.0,0.0011243923708054004,,327.1981799043715
group01_experiment03_subject_10_repeat3,image_path_resolution,0.3554603769443929,group01_experiment03_subject_10,3.0,False,291.0,0.0012215133228329655,,355.4603769443929
group01_experiment03_subject_10_repeat3,temporal_sensor_image_alignment,1.2469993229024112,group01_experiment03_subject_10,3.0,False,291.0,0.0042852210409017565,,1246.9993229024112
group01_experiment03_subject_10_repeat3,aggregated_parquet_write,0.020183384884148836,group01_experiment03_subject_10,3.0,False,291.0,6.935871094209222e-05,,20.183384884148836
group01_experiment03_subject_10_repeat3,aggregated_parquet_read_and_preprocessing,0.020421786000952125,group01_experiment03_subject_10,3.0,False,291.0,7.017795876615851e-05,,20.421786000952125
group01_experiment03_subject_10_repeat3,clip_vitl14_embeddings,16.710886544780806,group01_experiment03_subject_10,3.0,False,291.0,0.05742572695800964,,16710.886544780806
group01_experiment03_subject_10_repeat3,clip_feature_store_write_and_read,0.02048852015286684,group01_experiment03_subject_10,3.0,False,291.0,7.04072857486833e-05,,20.48852015286684
group01_experiment03_subject_10_repeat3,temporal_window_construction,0.25656891195103526,group01_experiment03_subject_10,3.0,False,291.0,0.0008816801097973721,,256.56891195103526
group01_experiment03_subject_10_repeat3,fairness_model_prediction,0.2991680360864848,group01_experiment03_subject_10,3.0,False,291.0,0.0010280688525308756,,299.1680360864848
group01_experiment03_subject_10_repeat3,end_to_end_unknown_data,19.258483038051054,group01_experiment03_subject_10,3.0,False,291.0,0.06618035408264968,,19258.483038051054
group01_experiment03_subject_10_repeat3,cold_start_plus_end_to_end,27.354027569061145,group01_experiment03_subject_10,3.0,False,291.0,0.09400009473904174,,27354.027569061145
group01_experiment03_subject_15_repeat3,raw_csv_load,0.29862130200490355,group01_experiment03_subject_15,3.0,False,290.0,0.0010297286276031157,,298.62130200490355
group01_experiment03_subject_15_repeat3,image_path_resolution,0.22632614988833666,group01_experiment03_subject_15,3.0,False,290.0,0.000780434999614954,,226.32614988833666
group01_experiment03_subject_15_repeat3,temporal_sensor_image_alignment,1.240403971169144,group01_experiment03_subject_15,3.0,False,290.0,0.004277255072997048,,1240.403971169144
group01_experiment03_subject_15_repeat3,aggregated_parquet_write,0.02022880711592734,group01_experiment03_subject_15,3.0,False,290.0,6.975450729630117e-05,,20.22880711592734
group01_experiment03_subject_15_repeat3,aggregated_parquet_read_and_preprocessing,0.01917661284096539,group01_experiment03_subject_15,3.0,False,290.0,6.612625117574273e-05,,19.17661284096539
group01_experiment03_subject_15_repeat3,clip_vitl14_embeddings,15.173993142088875,group01_experiment03_subject_15,3.0,False,290.0,0.05232411428306509,,15173.993142088875
group01_experiment03_subject_15_repeat3,clip_feature_store_write_and_read,0.019703351194038987,group01_experiment03_subject_15,3.0,False,290.0,6.794259032427237e-05,,19.703351194038987
group01_experiment03_subject_15_repeat3,temporal_window_construction,0.2605687470640987,group01_experiment03_subject_15,3.0,False,290.0,0.0008985129209106852,,260.5687470640987
group01_experiment03_subject_15_repeat3,fairness_model_prediction,0.29772001993842423,group01_experiment03_subject_15,3.0,False,290.0,0.0010266207584083593,,297.72001993842423
group01_experiment03_subject_15_repeat3,end_to_end_unknown_data,17.557833400089294,group01_experiment03_subject_15,3.0,False,290.0,0.06054425310375618,,17557.833400089294
group01_experiment03_subject_15_repeat3,cold_start_plus_end_to_end,25.653377931099385,group01_experiment03_subject_15,3.0,False,290.0,0.08845992390034271,,25653.377931099385
group01_experiment03_subject_18_repeat3,raw_csv_load,0.30912152607925236,group01_experiment03_subject_18,3.0,False,290.0,0.0010659362968250081,,309.12152607925236
group01_experiment03_subject_18_repeat3,image_path_resolution,0.2688577938824892,group01_experiment03_subject_18,3.0,False,290.0,0.0009270958409741008,,268.8577938824892
group01_experiment03_subject_18_repeat3,temporal_sensor_image_alignment,1.2086680380161852,group01_experiment03_subject_18,3.0,False,290.0,0.004167820820745466,,1208.6680380161852
group01_experiment03_subject_18_repeat3,aggregated_parquet_write,0.020288148196414113,group01_experiment03_subject_18,3.0,False,290.0,6.995913171177281e-05,,20.288148196414113
group01_experiment03_subject_18_repeat3,aggregated_parquet_read_and_preprocessing,0.0199824261944741,group01_experiment03_subject_18,3.0,False,290.0,6.890491791197966e-05,,19.9824261944741
group01_experiment03_subject_18_repeat3,clip_vitl14_embeddings,14.526473348028958,group01_experiment03_subject_18,3.0,False,290.0,0.05009128740699641,,14526.473348028958
group01_experiment03_subject_18_repeat3,clip_feature_store_write_and_read,0.029834210872650146,group01_experiment03_subject_18,3.0,False,290.0,0.000102876589216035,,29.834210872650146
group01_experiment03_subject_18_repeat3,temporal_window_construction,0.2630449100397527,group01_experiment03_subject_18,3.0,False,290.0,0.0009070514139301818,,263.0449100397527
group01_experiment03_subject_18_repeat3,fairness_model_prediction,0.29163098498247564,group01_experiment03_subject_18,3.0,False,290.0,0.0010056240861464677,,291.63098498247564
group01_experiment03_subject_18_repeat3,end_to_end_unknown_data,16.939209423027933,group01_experiment03_subject_18,3.0,False,290.0,0.05841106697595839,,16939.209423027933
group01_experiment03_subject_18_repeat3,cold_start_plus_end_to_end,25.034753954038024,group01_experiment03_subject_18,3.0,False,290.0,0.0863267377725449,,25034.753954038024
group01_experiment04_subject_08_repeat3,raw_csv_load,0.2551175360567868,group01_experiment04_subject_08,3.0,False,234.0,0.001090245880584559,,255.11753605678678
group01_experiment04_subject_08_repeat3,image_path_resolution,0.28691639890894294,group01_experiment04_subject_08,3.0,False,234.0,0.0012261384568758246,,286.91639890894294
group01_experiment04_subject_08_repeat3,temporal_sensor_image_alignment,0.9908298410009593,group01_experiment04_subject_08,3.0,False,234.0,0.00423431555983316,,990.8298410009593
group01_experiment04_subject_08_repeat3,aggregated_parquet_write,0.019649415044113994,group01_experiment04_subject_08,3.0,False,234.0,8.397185916288031e-05,,19.649415044113994
group01_experiment04_subject_08_repeat3,aggregated_parquet_read_and_preprocessing,0.019204149022698402,group01_experiment04_subject_08,3.0,False,234.0,8.206901291751454e-05,,19.204149022698402
group01_experiment04_subject_08_repeat3,clip_vitl14_embeddings,9.330592171987519,group01_experiment04_subject_08,3.0,False,234.0,0.03987432552131418,,9330.592171987519
group01_experiment04_subject_08_repeat3,clip_feature_store_write_and_read,0.018418561201542616,group01_experiment04_subject_08,3.0,False,234.0,7.871180000659237e-05,,18.418561201542616
group01_experiment04_subject_08_repeat3,temporal_window_construction,0.20822484092786908,group01_experiment04_subject_08,3.0,False,234.0,0.000889849747554996,,208.22484092786908
group01_experiment04_subject_08_repeat3,fairness_model_prediction,0.23431379185058177,group01_experiment04_subject_08,3.0,False,234.0,0.001001340990814452,,234.31379185058177
group01_experiment04_subject_08_repeat3,end_to_end_unknown_data,11.364721638150513,group01_experiment04_subject_08,3.0,False,234.0,0.048567186487822704,,11364.721638150513
group01_experiment04_subject_08_repeat3,cold_start_plus_end_to_end,19.460266169160604,group01_experiment04_subject_08,3.0,False,234.0,0.08316353063743848,,19460.266169160604
group01_experiment04_subject_10_repeat3,raw_csv_load,0.3259148020297289,group01_experiment04_subject_10,3.0,False,291.0,0.0011199821375592058,,325.9148020297289
group01_experiment04_subject_10_repeat3,image_path_resolution,0.23221094394102693,group01_experiment04_subject_10,3.0,False,291.0,0.0007979757523746629,,232.21094394102693
group01_experiment04_subject_10_repeat3,temporal_sensor_image_alignment,1.2527133210096508,group01_experiment04_subject_10,3.0,False,291.0,0.004304856773229041,,1252.7133210096508
group01_experiment04_subject_10_repeat3,aggregated_parquet_write,0.01986914500594139,group01_experiment04_subject_10,3.0,False,291.0,6.827884881766801e-05,,19.86914500594139
group01_experiment04_subject_10_repeat3,aggregated_parquet_read_and_preprocessing,0.019399853190407157,group01_experiment04_subject_10,3.0,False,291.0,6.666616216634761e-05,,19.399853190407157
group01_experiment04_subject_10_repeat3,clip_vitl14_embeddings,12.53134837700054,group01_experiment04_subject_10,3.0,False,291.0,0.043063052841926255,,12531.34837700054
group01_experiment04_subject_10_repeat3,clip_feature_store_write_and_read,0.018995668040588498,group01_experiment04_subject_10,3.0,False,291.0,6.52772097614725e-05,,18.995668040588498
group01_experiment04_subject_10_repeat3,temporal_window_construction,0.2563954929355532,group01_experiment04_subject_10,3.0,False,291.0,0.0008810841681634131,,256.3954929355532
group01_experiment04_subject_10_repeat3,fairness_model_prediction,0.2938304201234132,group01_experiment04_subject_10,3.0,False,291.0,0.0010097265296337224,,293.8304201234132
group01_experiment04_subject_10_repeat3,end_to_end_unknown_data,14.95179731817916,group01_experiment04_subject_10,3.0,False,291.0,0.05138074679786653,,14951.79731817916
group01_experiment04_subject_10_repeat3,cold_start_plus_end_to_end,23.04734184918925,group01_experiment04_subject_10,3.0,False,291.0,0.0792004874542586,,23047.34184918925
group01_experiment04_subject_15_repeat3,raw_csv_load,0.322481983108446,group01_experiment04_subject_15,3.0,False,290.0,0.0011120068383049862,,322.481983108446
group01_experiment04_subject_15_repeat3,image_path_resolution,0.27597371907904744,group01_experiment04_subject_15,3.0,False,290.0,0.0009516335140656809,,275.97371907904744
group01_experiment04_subject_15_repeat3,temporal_sensor_image_alignment,1.251732393866405,group01_experiment04_subject_15,3.0,False,290.0,0.0043163185995393274,,1251.732393866405
group01_experiment04_subject_15_repeat3,aggregated_parquet_write,0.020324242068454623,group01_experiment04_subject_15,3.0,False,290.0,7.00835933394987e-05,,20.324242068454623
group01_experiment04_subject_15_repeat3,aggregated_parquet_read_and_preprocessing,0.019634804921224713,group01_experiment04_subject_15,3.0,False,290.0,6.770622386629211e-05,,19.634804921224713
group01_experiment04_subject_15_repeat3,clip_vitl14_embeddings,12.167842122958973,group01_experiment04_subject_15,3.0,False,290.0,0.041958076286065425,,12167.842122958973
group01_experiment04_subject_15_repeat3,clip_feature_store_write_and_read,0.020485684974119067,group01_experiment04_subject_15,3.0,False,290.0,7.064029301420368e-05,,20.485684974119067
group01_experiment04_subject_15_repeat3,temporal_window_construction,0.2557567241601646,group01_experiment04_subject_15,3.0,False,290.0,0.0008819197384833261,,255.7567241601646
group01_experiment04_subject_15_repeat3,fairness_model_prediction,0.2915174029767513,group01_experiment04_subject_15,3.0,False,290.0,0.0010052324240577633,,291.5174029767513
group01_experiment04_subject_15_repeat3,end_to_end_unknown_data,14.626812089933082,group01_experiment04_subject_15,3.0,False,290.0,0.05043728306873477,,14626.812089933082
group01_experiment04_subject_15_repeat3,cold_start_plus_end_to_end,22.722356620943174,group01_experiment04_subject_15,3.0,False,290.0,0.07835295386532129,,22722.356620943174
group01_experiment04_subject_18_repeat3,raw_csv_load,0.2693982790224254,group01_experiment04_subject_18,3.0,False,230.0,0.0011712968653148931,,269.3982790224254
group01_experiment04_subject_18_repeat3,image_path_resolution,0.2759855699259788,group01_experiment04_subject_18,3.0,False,230.0,0.0011999372605477339,,275.9855699259788
group01_experiment04_subject_18_repeat3,temporal_sensor_image_alignment,0.9973698549438268,group01_experiment04_subject_18,3.0,False,230.0,0.0043363906736688124,,997.3698549438268
group01_experiment04_subject_18_repeat3,aggregated_parquet_write,0.01970034185796976,group01_experiment04_subject_18,3.0,False,230.0,8.565366025204244e-05,,19.70034185796976
group01_experiment04_subject_18_repeat3,aggregated_parquet_read_and_preprocessing,0.019663530169054866,group01_experiment04_subject_18,3.0,False,230.0,8.549360943067333e-05,,19.663530169054866
group01_experiment04_subject_18_repeat3,clip_vitl14_embeddings,9.175154112046584,group01_experiment04_subject_18,3.0,False,230.0,0.03989197440020254,,9175.154112046584
group01_experiment04_subject_18_repeat3,clip_feature_store_write_and_read,0.020170364994555712,group01_experiment04_subject_18,3.0,False,230.0,8.769723910676397e-05,,20.17036499455571
group01_experiment04_subject_18_repeat3,temporal_window_construction,0.20690445601940155,group01_experiment04_subject_18,3.0,False,230.0,0.0008995845913887024,,206.90445601940155
group01_experiment04_subject_18_repeat3,fairness_model_prediction,0.24285103706642985,group01_experiment04_subject_18,3.0,False,230.0,0.0010558740742018689,,242.85103706642985
group01_experiment04_subject_18_repeat3,end_to_end_unknown_data,11.228272459935397,group01_experiment04_subject_18,3.0,False,230.0,0.0488185759127626,,11228.272459935397
group01_experiment04_subject_18_repeat3,cold_start_plus_end_to_end,19.323816990945488,group01_experiment04_subject_18,3.0,False,230.0,0.08401659561280647,,19323.81699094549
group01_experiment06_subject_08_repeat3,raw_csv_load,0.31240237900055945,group01_experiment06_subject_08,3.0,False,291.0,0.0010735476941599981,,312.40237900055945
group01_experiment06_subject_08_repeat3,image_path_resolution,0.2182101900689304,group01_experiment06_subject_08,3.0,False,291.0,0.0007498631961131628,,218.2101900689304
group01_experiment06_subject_08_repeat3,temporal_sensor_image_alignment,1.085975884925574,group01_experiment06_subject_08,3.0,False,291.0,0.003731875893215031,,1085.975884925574
group01_experiment06_subject_08_repeat3,aggregated_parquet_write,0.018877115100622177,group01_experiment06_subject_08,3.0,False,291.0,6.486981134234425e-05,,18.877115100622177
group01_experiment06_subject_08_repeat3,aggregated_parquet_read_and_preprocessing,0.018917180132120848,group01_experiment06_subject_08,3.0,False,291.0,6.500749186295824e-05,,18.917180132120848
group01_experiment06_subject_08_repeat3,clip_vitl14_embeddings,14.436559704132378,group01_experiment06_subject_08,3.0,False,291.0,0.04961017080457862,,14436.559704132378
group01_experiment06_subject_08_repeat3,clip_feature_store_write_and_read,0.01811867021024227,group01_experiment06_subject_08,3.0,False,291.0,6.226347151286004e-05,,18.11867021024227
group01_experiment06_subject_08_repeat3,temporal_window_construction,0.25535629293881357,group01_experiment06_subject_08,3.0,False,291.0,0.0008775130341539985,,255.35629293881357
group01_experiment06_subject_08_repeat3,fairness_model_prediction,0.29430798697285354,group01_experiment06_subject_08,3.0,False,291.0,0.0010113676528276754,,294.30798697285354
group01_experiment06_subject_08_repeat3,end_to_end_unknown_data,16.660091632977128,group01_experiment06_subject_08,3.0,False,291.0,0.05725117399648497,,16660.091632977128
group01_experiment06_subject_08_repeat3,cold_start_plus_end_to_end,24.75563616398722,group01_experiment06_subject_08,3.0,False,291.0,0.08507091465287704,,24755.63616398722
group01_experiment06_subject_10_repeat3,raw_csv_load,0.3121330179274082,group01_experiment06_subject_10,3.0,False,291.0,0.0010726220547333616,,312.1330179274082
group01_experiment06_subject_10_repeat3,image_path_resolution,0.1913325299974531,group01_experiment06_subject_10,3.0,False,291.0,0.0006575001030840312,,191.3325299974531
group01_experiment06_subject_10_repeat3,temporal_sensor_image_alignment,1.0462847650051117,group01_experiment06_subject_10,3.0,False,291.0,0.0035954802921137857,,1046.2847650051117
group01_experiment06_subject_10_repeat3,aggregated_parquet_write,0.018962142057716846,group01_experiment06_subject_10,3.0,False,291.0,6.516200019833967e-05,,18.962142057716846
group01_experiment06_subject_10_repeat3,aggregated_parquet_read_and_preprocessing,0.018499579979106784,group01_experiment06_subject_10,3.0,False,291.0,6.357243979074497e-05,,18.499579979106784
group01_experiment06_subject_10_repeat3,clip_vitl14_embeddings,12.11980884312652,group01_experiment06_subject_10,3.0,False,291.0,0.04164882763961004,,12119.80884312652
group01_experiment06_subject_10_repeat3,clip_feature_store_write_and_read,0.0198741490021348,group01_experiment06_subject_10,3.0,False,291.0,6.82960446808756e-05,,19.8741490021348
group01_experiment06_subject_10_repeat3,temporal_window_construction,0.2535184200387448,group01_experiment06_subject_10,3.0,False,291.0,0.0008711973197207725,,253.5184200387448
group01_experiment06_subject_10_repeat3,fairness_model_prediction,0.2920627410057932,group01_experiment06_subject_10,3.0,False,291.0,0.001003652030947743,,292.0627410057932
group01_experiment06_subject_10_repeat3,end_to_end_unknown_data,14.273748010862619,group01_experiment06_subject_10,3.0,False,291.0,0.04905068044969972,,14273.748010862619
group01_experiment06_subject_10_repeat3,cold_start_plus_end_to_end,22.36929254187271,group01_experiment06_subject_10,3.0,False,291.0,0.07687042110609178,,22369.29254187271
group01_experiment06_subject_15_repeat3,raw_csv_load,0.3081060459371656,group01_experiment06_subject_15,3.0,False,291.0,0.0010587836630143149,,308.1060459371656
group01_experiment06_subject_15_repeat3,image_path_resolution,0.21660615783184767,group01_experiment06_subject_15,3.0,False,291.0,0.0007443510578414009,,216.60615783184767
group01_experiment06_subject_15_repeat3,temporal_sensor_image_alignment,1.0760060660541058,group01_experiment06_subject_15,3.0,False,291.0,0.003697615347264968,,1076.0060660541058
group01_experiment06_subject_15_repeat3,aggregated_parquet_write,0.018763947999104857,group01_experiment06_subject_15,3.0,False,291.0,6.448092095912322e-05,,18.763947999104857
group01_experiment06_subject_15_repeat3,aggregated_parquet_read_and_preprocessing,0.018587071914225817,group01_experiment06_subject_15,3.0,False,291.0,6.387309936160075e-05,,18.587071914225817
group01_experiment06_subject_15_repeat3,clip_vitl14_embeddings,13.489663019077852,group01_experiment06_subject_15,3.0,False,291.0,0.046356230306109455,,13489.663019077852
group01_experiment06_subject_15_repeat3,clip_feature_store_write_and_read,0.018423832952976227,group01_experiment06_subject_15,3.0,False,291.0,6.331214073187707e-05,,18.423832952976227
group01_experiment06_subject_15_repeat3,temporal_window_construction,0.25687593198381364,group01_experiment06_subject_15,3.0,False,291.0,0.0008827351614564043,,256.87593198381364
group01_experiment06_subject_15_repeat3,fairness_model_prediction,0.2945488390978426,group01_experiment06_subject_15,3.0,False,291.0,0.0010121953233602837,,294.5488390978426
group01_experiment06_subject_15_repeat3,end_to_end_unknown_data,15.698683075839654,group01_experiment06_subject_15,3.0,False,291.0,0.05394736452178575,,15698.683075839654
group01_experiment06_subject_15_repeat3,cold_start_plus_end_to_end,23.794227606849745,group01_experiment06_subject_15,3.0,False,291.0,0.08176710517817781,,23794.227606849745
group01_experiment06_subject_18_repeat3,raw_csv_load,0.3037358589936048,group01_experiment06_subject_18,3.0,False,291.0,0.0010437658384659957,,303.7358589936048
group01_experiment06_subject_18_repeat3,image_path_resolution,0.19119480694644153,group01_experiment06_subject_18,3.0,False,291.0,0.0006570268279946444,,191.19480694644153
group01_experiment06_subject_18_repeat3,temporal_sensor_image_alignment,1.0610052968841046,group01_experiment06_subject_18,3.0,False,291.0,0.0036460663123165107,,1061.0052968841046
group01_experiment06_subject_18_repeat3,aggregated_parquet_write,0.018559538992121816,group01_experiment06_subject_18,3.0,False,291.0,6.377848450900968e-05,,18.559538992121816
group01_experiment06_subject_18_repeat3,aggregated_parquet_read_and_preprocessing,0.018827315885573626,group01_experiment06_subject_18,3.0,False,291.0,6.469868001915336e-05,,18.827315885573626
group01_experiment06_subject_18_repeat3,clip_vitl14_embeddings,12.730465319938958,group01_experiment06_subject_18,3.0,False,291.0,0.04374730350494487,,12730.465319938958
group01_experiment06_subject_18_repeat3,clip_feature_store_write_and_read,0.020623293006792665,group01_experiment06_subject_18,3.0,False,291.0,7.087042270375486e-05,,20.623293006792665
group01_experiment06_subject_18_repeat3,temporal_window_construction,0.2553315020631999,group01_experiment06_subject_18,3.0,False,291.0,0.0008774278421415804,,255.33150206319988
group01_experiment06_subject_18_repeat3,fairness_model_prediction,0.2954136591870338,group01_experiment06_subject_18,3.0,False,291.0,0.001015167213701147,,295.4136591870338
group01_experiment06_subject_18_repeat3,end_to_end_unknown_data,14.896251098951325,group01_experiment06_subject_18,3.0,False,291.0,0.05118986631942036,,14896.251098951325
group01_experiment06_subject_18_repeat3,cold_start_plus_end_to_end,22.991795629961416,group01_experiment06_subject_18,3.0,False,291.0,0.07900960697581243,,22991.795629961416
group01_experiment07_subject_08_repeat3,raw_csv_load,0.3051808141171932,group01_experiment07_subject_08,3.0,False,291.0,0.0010487313199903548,,305.1808141171932
group01_experiment07_subject_08_repeat3,image_path_resolution,0.1949303129222244,group01_experiment07_subject_08,3.0,False,291.0,0.000669863618289431,,194.9303129222244
group01_experiment07_subject_08_repeat3,temporal_sensor_image_alignment,1.0934349580202252,group01_experiment07_subject_08,3.0,False,291.0,0.0037575084468048974,,1093.4349580202252
group01_experiment07_subject_08_repeat3,aggregated_parquet_write,0.01959471101872623,group01_experiment07_subject_08,3.0,False,291.0,6.733577669665371e-05,,19.59471101872623
group01_experiment07_subject_08_repeat3,aggregated_parquet_read_and_preprocessing,0.019325666828081012,group01_experiment07_subject_08,3.0,False,291.0,6.641122621333681e-05,,19.32566682808101
group01_experiment07_subject_08_repeat3,clip_vitl14_embeddings,12.288291573058814,group01_experiment07_subject_08,3.0,False,291.0,0.04222780609298561,,12288.291573058814
group01_experiment07_subject_08_repeat3,clip_feature_store_write_and_read,0.020239946199581027,group01_experiment07_subject_08,3.0,False,291.0,6.955307972364614e-05,,20.239946199581027
group01_experiment07_subject_08_repeat3,temporal_window_construction,0.25351451500318944,group01_experiment07_subject_08,3.0,False,291.0,0.0008711839003546029,,253.51451500318944
group01_experiment07_subject_08_repeat3,fairness_model_prediction,0.2896544400136918,group01_experiment07_subject_08,3.0,False,291.0,0.0009953760825212776,,289.6544400136918
group01_experiment07_subject_08_repeat3,end_to_end_unknown_data,14.485262654023245,group01_experiment07_subject_08,3.0,False,291.0,0.04977753489355067,,14485.262654023245
group01_experiment07_subject_08_repeat3,cold_start_plus_end_to_end,22.580807185033336,group01_experiment07_subject_08,3.0,False,291.0,0.07759727554994274,,22580.807185033336
group01_experiment07_subject_10_repeat3,raw_csv_load,0.29849972389638424,group01_experiment07_subject_10,3.0,False,291.0,0.0010257722470666125,,298.49972389638424
group01_experiment07_subject_10_repeat3,image_path_resolution,0.1949601760134101,group01_experiment07_subject_10,3.0,False,291.0,0.000669966240595911,,194.9601760134101
group01_experiment07_subject_10_repeat3,temporal_sensor_image_alignment,1.0845449490007013,group01_experiment07_subject_10,3.0,False,291.0,0.003726958587631276,,1084.5449490007013
group01_experiment07_subject_10_repeat3,aggregated_parquet_write,0.01872870698571205,group01_experiment07_subject_10,3.0,False,291.0,6.435981782031632e-05,,18.72870698571205
group01_experiment07_subject_10_repeat3,aggregated_parquet_read_and_preprocessing,0.018952334998175502,group01_experiment07_subject_10,3.0,False,291.0,6.512829896280241e-05,,18.952334998175502
group01_experiment07_subject_10_repeat3,clip_vitl14_embeddings,12.335138578899205,group01_experiment07_subject_10,3.0,False,291.0,0.04238879236735122,,12335.138578899205
group01_experiment07_subject_10_repeat3,clip_feature_store_write_and_read,0.018605828983709216,group01_experiment07_subject_10,3.0,False,291.0,6.393755664504886e-05,,18.605828983709216
group01_experiment07_subject_10_repeat3,temporal_window_construction,0.2569441020023078,group01_experiment07_subject_10,3.0,False,291.0,0.0008829694226883428,,256.9441020023078
group01_experiment07_subject_10_repeat3,fairness_model_prediction,0.29282224900089204,group01_experiment07_subject_10,3.0,False,291.0,0.0010062620240580483,,292.82224900089204
group01_experiment07_subject_10_repeat3,end_to_end_unknown_data,14.52026247093454,group01_experiment07_subject_10,3.0,False,291.0,0.04989780917846921,,14520.26247093454
group01_experiment07_subject_10_repeat3,cold_start_plus_end_to_end,22.61580700194463,group01_experiment07_subject_10,3.0,False,291.0,0.07771754983486127,,22615.80700194463
group01_experiment07_subject_18_repeat3,raw_csv_load,0.3234562729485333,group01_experiment07_subject_18,3.0,False,291.0,0.0011115335840155784,,323.4562729485333
group01_experiment07_subject_18_repeat3,image_path_resolution,0.1960938130505383,group01_experiment07_subject_18,3.0,False,291.0,0.0006738619005173137,,196.0938130505383
group01_experiment07_subject_18_repeat3,temporal_sensor_image_alignment,1.0810614209622145,group01_experiment07_subject_18,3.0,False,291.0,0.0037149877009010806,,1081.0614209622145
group01_experiment07_subject_18_repeat3,aggregated_parquet_write,0.019292816054075956,group01_experiment07_subject_18,3.0,False,291.0,6.629833695558748e-05,,19.292816054075956
group01_experiment07_subject_18_repeat3,aggregated_parquet_read_and_preprocessing,0.018432311015203595,group01_experiment07_subject_18,3.0,False,291.0,6.334127496633537e-05,,18.432311015203595
group01_experiment07_subject_18_repeat3,clip_vitl14_embeddings,13.403446862008423,group01_experiment07_subject_18,3.0,False,291.0,0.04605995485226262,,13403.446862008423
group01_experiment07_subject_18_repeat3,clip_feature_store_write_and_read,0.019353426061570644,group01_experiment07_subject_18,3.0,False,291.0,6.6506618768284e-05,,19.353426061570644
group01_experiment07_subject_18_repeat3,temporal_window_construction,0.2561111489776522,group01_experiment07_subject_18,3.0,False,291.0,0.0008801070411603168,,256.1111489776522
group01_experiment07_subject_18_repeat3,fairness_model_prediction,0.2901528689544648,group01_experiment07_subject_18,3.0,False,291.0,0.000997088896750738,,290.1528689544648
group01_experiment07_subject_18_repeat3,end_to_end_unknown_data,15.60877333395183,group01_experiment07_subject_18,3.0,False,291.0,0.05363839633660423,,15608.77333395183
group01_experiment07_subject_18_repeat3,cold_start_plus_end_to_end,23.704317864961922,group01_experiment07_subject_18,3.0,False,291.0,0.0814581369929963,,23704.317864961922
group01_experiment08_subject_18_repeat3,raw_csv_load,0.3203507058788091,group01_experiment08_subject_18,3.0,False,291.0,0.0011008615322295845,,320.3507058788091
group01_experiment08_subject_18_repeat3,image_path_resolution,0.23903270298615098,group01_experiment08_subject_18,3.0,False,291.0,0.0008214182233201064,,239.03270298615098
group01_experiment08_subject_18_repeat3,temporal_sensor_image_alignment,1.0794346239417791,group01_experiment08_subject_18,3.0,False,291.0,0.0037093973331332616,,1079.4346239417791
group01_experiment08_subject_18_repeat3,aggregated_parquet_write,0.17873221216723323,group01_experiment08_subject_18,3.0,False,291.0,0.000614200041811798,,178.73221216723323
group01_experiment08_subject_18_repeat3,aggregated_parquet_read_and_preprocessing,0.019206413067877293,group01_experiment08_subject_18,3.0,False,291.0,6.600141947724155e-05,,19.206413067877293
group01_experiment08_subject_18_repeat3,clip_vitl14_embeddings,10.946916499175131,group01_experiment08_subject_18,3.0,False,291.0,0.03761826975661557,,10946.916499175131
group01_experiment08_subject_18_repeat3,clip_feature_store_write_and_read,0.019680608995258808,group01_experiment08_subject_18,3.0,False,291.0,6.763095874659385e-05,,19.680608995258808
group01_experiment08_subject_18_repeat3,temporal_window_construction,0.26129150786437094,group01_experiment08_subject_18,3.0,False,291.0,0.0008979089617332335,,261.29150786437094
group01_experiment08_subject_18_repeat3,fairness_model_prediction,0.2954225230496377,group01_experiment08_subject_18,3.0,False,291.0,0.001015197673710095,,295.4225230496377
group01_experiment08_subject_18_repeat3,end_to_end_unknown_data,13.361300699179992,group01_experiment08_subject_18,3.0,False,291.0,0.045915122677594476,,13361.300699179992
group01_experiment08_subject_18_repeat3,cold_start_plus_end_to_end,21.456845230190083,group01_experiment08_subject_18,3.0,False,291.0,0.07373486333398654,,21456.845230190083
group02_experiment01_subject_07_repeat3,raw_csv_load,0.32526840595528483,group02_experiment01_subject_07,3.0,False,290.0,0.001121615192949258,,325.26840595528483
group02_experiment01_subject_07_repeat3,image_path_resolution,0.2235510149039328,group02_experiment01_subject_07,3.0,False,290.0,0.000770865568634251,,223.5510149039328
group02_experiment01_subject_07_repeat3,temporal_sensor_image_alignment,1.1117864979896694,group02_experiment01_subject_07,3.0,False,290.0,0.0038337465447919636,,1111.7864979896694
group02_experiment01_subject_07_repeat3,aggregated_parquet_write,0.0236246888525784,group02_experiment01_subject_07,3.0,False,290.0,8.146444431923587e-05,,23.6246888525784
group02_experiment01_subject_07_repeat3,aggregated_parquet_read_and_preprocessing,0.023384569911286235,group02_experiment01_subject_07,3.0,False,290.0,8.063644796995253e-05,,23.384569911286235
group02_experiment01_subject_07_repeat3,clip_vitl14_embeddings,11.723994655068964,group02_experiment01_subject_07,3.0,False,290.0,0.040427567776099876,,11723.994655068964
group02_experiment01_subject_07_repeat3,clip_feature_store_write_and_read,0.27777851978316903,group02_experiment01_subject_07,3.0,False,290.0,0.0009578569647695484,,277.77851978316903
group02_experiment01_subject_07_repeat3,temporal_window_construction,0.2549880698788911,group02_experiment01_subject_07,3.0,False,290.0,0.0008792692064789349,,254.9880698788911
group02_experiment01_subject_07_repeat3,fairness_model_prediction,0.2924579319078475,group02_experiment01_subject_07,3.0,False,290.0,0.0010084756272684397,,292.4579319078475
group02_experiment01_subject_07_repeat3,end_to_end_unknown_data,14.258343030000106,group02_experiment01_subject_07,3.0,False,290.0,0.04916670010344864,,14258.343030000106
group02_experiment01_subject_07_repeat3,cold_start_plus_end_to_end,22.353887561010197,group02_experiment01_subject_07,3.0,False,290.0,0.07708237090003515,,22353.887561010197
group02_experiment01_subject_16_repeat3,raw_csv_load,0.29884942597709596,group02_experiment01_subject_16,3.0,False,290.0,0.001030515261989986,,298.84942597709596
group02_experiment01_subject_16_repeat3,image_path_resolution,0.20791113399900496,group02_experiment01_subject_16,3.0,False,290.0,0.000716934944824155,,207.91113399900496
group02_experiment01_subject_16_repeat3,temporal_sensor_image_alignment,1.133608650881797,group02_experiment01_subject_16,3.0,False,290.0,0.003908995347868266,,1133.608650881797
group02_experiment01_subject_16_repeat3,aggregated_parquet_write,0.018598165828734636,group02_experiment01_subject_16,3.0,False,290.0,6.413160630598151e-05,,18.598165828734636
group02_experiment01_subject_16_repeat3,aggregated_parquet_read_and_preprocessing,0.018869283143430948,group02_experiment01_subject_16,3.0,False,290.0,6.506649359803776e-05,,18.86928314343095
group02_experiment01_subject_16_repeat3,clip_vitl14_embeddings,11.414209831971675,group02_experiment01_subject_16,3.0,False,290.0,0.03935934424817819,,11414.209831971675
group02_experiment01_subject_16_repeat3,clip_feature_store_write_and_read,0.02027903590351343,group02_experiment01_subject_16,3.0,False,290.0,6.992771001211529e-05,,20.27903590351343
group02_experiment01_subject_16_repeat3,temporal_window_construction,0.2534587939735502,group02_experiment01_subject_16,3.0,False,290.0,0.0008739958412881041,,253.4587939735502
group02_experiment01_subject_16_repeat3,fairness_model_prediction,0.29826436284929514,group02_experiment01_subject_16,3.0,False,290.0,0.001028497802928604,,298.26436284929514
group02_experiment01_subject_16_repeat3,end_to_end_unknown_data,13.665444191079587,group02_experiment01_subject_16,3.0,False,290.0,0.0471222213485503,,13665.444191079587
group02_experiment01_subject_16_repeat3,cold_start_plus_end_to_end,21.760988722089678,group02_experiment01_subject_16,3.0,False,290.0,0.07503789214513681,,21760.988722089678
group02_experiment01_subject_20_repeat3,raw_csv_load,0.37690236303023994,group02_experiment01_subject_20,3.0,False,291.0,0.0012951971238152576,,376.90236303023994
group02_experiment01_subject_20_repeat3,image_path_resolution,0.28599992697127163,group02_experiment01_subject_20,3.0,False,291.0,0.0009828176184579782,,285.99992697127163
group02_experiment01_subject_20_repeat3,temporal_sensor_image_alignment,1.0900110218208283,group02_experiment01_subject_20,3.0,False,291.0,0.0037457423430269014,,1090.0110218208283
group02_experiment01_subject_20_repeat3,aggregated_parquet_write,0.019146339036524296,group02_experiment01_subject_20,3.0,False,291.0,6.579497950695634e-05,,19.146339036524296
group02_experiment01_subject_20_repeat3,aggregated_parquet_read_and_preprocessing,0.019109186017885804,group02_experiment01_subject_20,3.0,False,291.0,6.566730590338764e-05,,19.109186017885804
group02_experiment01_subject_20_repeat3,clip_vitl14_embeddings,10.939615727867931,group02_experiment01_subject_20,3.0,False,291.0,0.037593181195422445,,10939.615727867931
group02_experiment01_subject_20_repeat3,clip_feature_store_write_and_read,0.020236519165337086,group02_experiment01_subject_20,3.0,False,291.0,6.954130297366696e-05,,20.236519165337086
group02_experiment01_subject_20_repeat3,temporal_window_construction,0.2529686640482396,group02_experiment01_subject_20,3.0,False,291.0,0.000869308123877112,,252.9686640482396
group02_experiment01_subject_20_repeat3,fairness_model_prediction,0.2934250079561025,group02_experiment01_subject_20,3.0,False,291.0,0.0010083333606738917,,293.4250079561025
group02_experiment01_subject_20_repeat3,end_to_end_unknown_data,13.29877491411753,group02_experiment01_subject_20,3.0,False,291.0,0.04570025743683,,13298.77491411753
group02_experiment01_subject_20_repeat3,cold_start_plus_end_to_end,21.39431944512762,group02_experiment01_subject_20,3.0,False,291.0,0.07351999809322207,,21394.31944512762
group02_experiment02_subject_07_repeat3,raw_csv_load,0.29720526514574885,group02_experiment02_subject_07,3.0,False,291.0,0.001021323935208759,,297.20526514574885
group02_experiment02_subject_07_repeat3,image_path_resolution,0.22285004891455173,group02_experiment02_subject_07,3.0,False,291.0,0.0007658077282287001,,222.85004891455173
group02_experiment02_subject_07_repeat3,temporal_sensor_image_alignment,1.099475319031626,group02_experiment02_subject_07,3.0,False,291.0,0.003778265701139608,,1099.475319031626
group02_experiment02_subject_07_repeat3,aggregated_parquet_write,0.018715927144512534,group02_experiment02_subject_07,3.0,False,291.0,6.431590084024926e-05,,18.715927144512534
group02_experiment02_subject_07_repeat3,aggregated_parquet_read_and_preprocessing,0.019264176953583956,group02_experiment02_subject_07,3.0,False,291.0,6.6199920802694e-05,,19.264176953583956
group02_experiment02_subject_07_repeat3,clip_vitl14_embeddings,14.59291533799842,group02_experiment02_subject_07,3.0,False,291.0,0.05014747538831072,,14592.91533799842
group02_experiment02_subject_07_repeat3,clip_feature_store_write_and_read,0.019300414947792888,group02_experiment02_subject_07,3.0,False,291.0,6.632444999241542e-05,,19.300414947792888
group02_experiment02_subject_07_repeat3,temporal_window_construction,0.26031730812974274,group02_experiment02_subject_07,3.0,False,291.0,0.00089456119632214,,260.31730812974274
group02_experiment02_subject_07_repeat3,fairness_model_prediction,0.3016332311090082,group02_experiment02_subject_07,3.0,False,291.0,0.0010365403130893752,,301.6332311090082
group02_experiment02_subject_07_repeat3,end_to_end_unknown_data,16.832757156109437,group02_experiment02_subject_07,3.0,False,291.0,0.05784452630965442,,16832.757156109437
group02_experiment02_subject_07_repeat3,cold_start_plus_end_to_end,24.92830168711953,group02_experiment02_subject_07,3.0,False,291.0,0.0856642669660465,,24928.30168711953
group02_experiment02_subject_16_repeat3,raw_csv_load,0.3293838750105351,group02_experiment02_subject_16,3.0,False,289.0,0.0011397365917319555,,329.3838750105351
group02_experiment02_subject_16_repeat3,image_path_resolution,0.20273555885069072,group02_experiment02_subject_16,3.0,False,289.0,0.000701507124050833,,202.73555885069072
group02_experiment02_subject_16_repeat3,temporal_sensor_image_alignment,1.1238055829890072,group02_experiment02_subject_16,3.0,False,289.0,0.003888600633179956,,1123.8055829890072
group02_experiment02_subject_16_repeat3,aggregated_parquet_write,0.019435771042481065,group02_experiment02_subject_16,3.0,False,289.0,6.725180291515939e-05,,19.435771042481065
group02_experiment02_subject_16_repeat3,aggregated_parquet_read_and_preprocessing,0.019464229000732303,group02_experiment02_subject_16,3.0,False,289.0,6.73502733589353e-05,,19.464229000732303
group02_experiment02_subject_16_repeat3,clip_vitl14_embeddings,14.2532008679118,group02_experiment02_subject_16,3.0,False,289.0,0.04931903414502353,,14253.2008679118
group02_experiment02_subject_16_repeat3,clip_feature_store_write_and_read,0.022021254990249872,group02_experiment02_subject_16,3.0,False,289.0,7.619811415311375e-05,,22.021254990249872
group02_experiment02_subject_16_repeat3,temporal_window_construction,0.2555800180416554,group02_experiment02_subject_16,3.0,False,289.0,0.0008843599240195689,,255.58001804165542
group02_experiment02_subject_16_repeat3,fairness_model_prediction,0.29897349001839757,group02_experiment02_subject_16,3.0,False,289.0,0.0010345103460844207,,298.97349001839757
group02_experiment02_subject_16_repeat3,end_to_end_unknown_data,16.52567317499779,group02_experiment02_subject_16,3.0,False,289.0,0.05718226012109962,,16525.67317499779
group02_experiment02_subject_16_repeat3,cold_start_plus_end_to_end,24.621217706007883,group02_experiment02_subject_16,3.0,False,289.0,0.08519452493428334,,24621.217706007883
group02_experiment02_subject_20_repeat3,raw_csv_load,0.3023378059733659,group02_experiment02_subject_20,3.0,False,290.0,0.0010425441585288479,,302.3378059733659
group02_experiment02_subject_20_repeat3,image_path_resolution,0.27330922498367727,group02_experiment02_subject_20,3.0,False,290.0,0.0009424456033919905,,273.30922498367727
group02_experiment02_subject_20_repeat3,temporal_sensor_image_alignment,1.1370123538654298,group02_experiment02_subject_20,3.0,False,290.0,0.003920732254708378,,1137.0123538654298
group02_experiment02_subject_20_repeat3,aggregated_parquet_write,0.02303440496325493,group02_experiment02_subject_20,3.0,False,290.0,7.942898263191354e-05,,23.03440496325493
group02_experiment02_subject_20_repeat3,aggregated_parquet_read_and_preprocessing,0.01997782802209258,group02_experiment02_subject_20,3.0,False,290.0,6.888906214514683e-05,,19.97782802209258
group02_experiment02_subject_20_repeat3,clip_vitl14_embeddings,13.694053759099916,group02_experiment02_subject_20,3.0,False,290.0,0.04722087503137902,,13694.053759099916
group02_experiment02_subject_20_repeat3,clip_feature_store_write_and_read,0.020703193033114076,group02_experiment02_subject_20,3.0,False,290.0,7.139032080384164e-05,,20.703193033114076
group02_experiment02_subject_20_repeat3,temporal_window_construction,0.2584575929213315,group02_experiment02_subject_20,3.0,False,290.0,0.0008912330790390742,,258.4575929213315
group02_experiment02_subject_20_repeat3,fairness_model_prediction,0.2955584789160639,group02_experiment02_subject_20,3.0,False,290.0,0.0010191671686760825,,295.5584789160639
group02_experiment02_subject_20_repeat3,end_to_end_unknown_data,16.025829838123173,group02_experiment02_subject_20,3.0,False,290.0,0.05526148220042473,,16025.829838123173
group02_experiment02_subject_20_repeat3,cold_start_plus_end_to_end,24.121374369133264,group02_experiment02_subject_20,3.0,False,290.0,0.08317715299701126,,24121.374369133264
group02_experiment03_subject_07_repeat3,raw_csv_load,0.3020884671714157,group02_experiment03_subject_07,3.0,False,291.0,0.0010381046981835591,,302.0884671714157
group02_experiment03_subject_07_repeat3,image_path_resolution,0.19470253307372332,group02_experiment03_subject_07,3.0,False,291.0,0.0006690808696691523,,194.70253307372332
group02_experiment03_subject_07_repeat3,temporal_sensor_image_alignment,1.0757644090335816,group02_experiment03_subject_07,3.0,False,291.0,0.0036967849107683217,,1075.7644090335816
group02_experiment03_subject_07_repeat3,aggregated_parquet_write,0.01978780492208898,group02_experiment03_subject_07,3.0,False,291.0,6.799932962917176e-05,,19.78780492208898
group02_experiment03_subject_07_repeat3,aggregated_parquet_read_and_preprocessing,0.01906187296845019,group02_experiment03_subject_07,3.0,False,291.0,6.550471810463983e-05,,19.06187296845019
group02_experiment03_subject_07_repeat3,clip_vitl14_embeddings,14.710601611062884,group02_experiment03_subject_07,3.0,False,291.0,0.050551895570662836,,14710.601611062884
group02_experiment03_subject_07_repeat3,clip_feature_store_write_and_read,0.019825857831165195,group02_experiment03_subject_07,3.0,False,291.0,6.813009563974294e-05,,19.825857831165195
group02_experiment03_subject_07_repeat3,temporal_window_construction,0.2584162561688572,group02_experiment03_subject_07,3.0,False,291.0,0.000888028371714286,,258.4162561688572
group02_experiment03_subject_07_repeat3,fairness_model_prediction,0.29712770297192037,group02_experiment03_subject_07,3.0,False,291.0,0.0010210573985289359,,297.12770297192037
group02_experiment03_subject_07_repeat3,end_to_end_unknown_data,16.898514533881098,group02_experiment03_subject_07,3.0,False,291.0,0.058070496680003775,,16898.514533881098
group02_experiment03_subject_07_repeat3,cold_start_plus_end_to_end,24.99405906489119,group02_experiment03_subject_07,3.0,False,291.0,0.08589023733639584,,24994.05906489119
group02_experiment03_subject_10_repeat3,raw_csv_load,0.32463341811671853,group02_experiment03_subject_10,3.0,False,291.0,0.0011155787564148404,,324.63341811671853
group02_experiment03_subject_10_repeat3,image_path_resolution,0.19874790986068547,group02_experiment03_subject_10,3.0,False,291.0,0.0006829825081123212,,198.74790986068547
group02_experiment03_subject_10_repeat3,temporal_sensor_image_alignment,1.105941197136417,group02_experiment03_subject_10,3.0,False,291.0,0.0038004852135272065,,1105.941197136417
group02_experiment03_subject_10_repeat3,aggregated_parquet_write,0.01897739409469068,group02_experiment03_subject_10,3.0,False,291.0,6.521441269653155e-05,,18.97739409469068
group02_experiment03_subject_10_repeat3,aggregated_parquet_read_and_preprocessing,0.01924270298331976,group02_experiment03_subject_10,3.0,False,291.0,6.612612709044591e-05,,19.24270298331976
group02_experiment03_subject_10_repeat3,clip_vitl14_embeddings,14.96035377890803,group02_experiment03_subject_10,3.0,False,291.0,0.051410150442982916,,14960.35377890803
group02_experiment03_subject_10_repeat3,clip_feature_store_write_and_read,0.019987639039754868,group02_experiment03_subject_10,3.0,False,291.0,6.868604481015419e-05,,19.987639039754868
group02_experiment03_subject_10_repeat3,temporal_window_construction,0.2575648829806596,group02_experiment03_subject_10,3.0,False,291.0,0.0008851026906551877,,257.5648829806596
group02_experiment03_subject_10_repeat3,fairness_model_prediction,0.30245710094459355,group02_experiment03_subject_10,3.0,False,291.0,0.001039371480909256,,302.45710094459355
group02_experiment03_subject_10_repeat3,end_to_end_unknown_data,17.209026948083192,group02_experiment03_subject_10,3.0,False,291.0,0.05913754964977042,,17209.026948083192
group02_experiment03_subject_10_repeat3,cold_start_plus_end_to_end,25.304571479093283,group02_experiment03_subject_10,3.0,False,291.0,0.08695729030616249,,25304.571479093283
group02_experiment03_subject_16_repeat3,raw_csv_load,0.3069203360937536,group02_experiment03_subject_16,3.0,False,290.0,0.0010583459865301848,,306.9203360937536
group02_experiment03_subject_16_repeat3,image_path_resolution,0.19719270686618984,group02_experiment03_subject_16,3.0,False,290.0,0.0006799748512627236,,197.19270686618984
group02_experiment03_subject_16_repeat3,temporal_sensor_image_alignment,1.1098713399842381,group02_experiment03_subject_16,3.0,False,290.0,0.0038271425516697866,,1109.8713399842381
group02_experiment03_subject_16_repeat3,aggregated_parquet_write,0.019157711183652282,group02_experiment03_subject_16,3.0,False,290.0,6.606107304707683e-05,,19.15771118365228
group02_experiment03_subject_16_repeat3,aggregated_parquet_read_and_preprocessing,0.01960144517943263,group02_experiment03_subject_16,3.0,False,290.0,6.759119027390562e-05,,19.60144517943263
group02_experiment03_subject_16_repeat3,clip_vitl14_embeddings,13.698773003881797,group02_experiment03_subject_16,3.0,False,290.0,0.04723714828924758,,13698.773003881797
group02_experiment03_subject_16_repeat3,clip_feature_store_write_and_read,0.02076691808179021,group02_experiment03_subject_16,3.0,False,290.0,7.161006235100072e-05,,20.76691808179021
group02_experiment03_subject_16_repeat3,temporal_window_construction,0.25118447793647647,group02_experiment03_subject_16,3.0,False,290.0,0.0008661533721947464,,251.18447793647647
group02_experiment03_subject_16_repeat3,fairness_model_prediction,0.290753492154181,group02_experiment03_subject_16,3.0,False,290.0,0.0010025982488075208,,290.753492154181
group02_experiment03_subject_16_repeat3,end_to_end_unknown_data,15.915297797182575,group02_experiment03_subject_16,3.0,False,290.0,0.05488033723166405,,15915.297797182575
group02_experiment03_subject_16_repeat3,cold_start_plus_end_to_end,24.010842328192666,group02_experiment03_subject_16,3.0,False,290.0,0.08279600802825057,,24010.842328192666
group02_experiment03_subject_20_repeat3,raw_csv_load,0.2957743729930371,group02_experiment03_subject_20,3.0,True,,,No rows remain after DIPSER sensor cleaning.,295.7743729930371
group02_experiment03_subject_20_repeat3,image_path_resolution,0.18875645194202662,group02_experiment03_subject_20,3.0,True,,,No rows remain after DIPSER sensor cleaning.,188.75645194202662
group02_experiment03_subject_20_repeat3,temporal_sensor_image_alignment,1.0649962699972093,group02_experiment03_subject_20,3.0,True,,,No rows remain after DIPSER sensor cleaning.,1064.9962699972093
group02_experiment03_subject_20_repeat3,aggregated_parquet_write,0.01871410198509693,group02_experiment03_subject_20,3.0,True,,,No rows remain after DIPSER sensor cleaning.,18.71410198509693
group02_experiment03_subject_20_repeat3,aggregated_parquet_read_and_preprocessing,0.01652240101248026,group02_experiment03_subject_20,3.0,True,,,No rows remain after DIPSER sensor cleaning.,16.52240101248026
group02_experiment04_subject_07_repeat3,raw_csv_load,0.31941543403081596,group02_experiment04_subject_07,3.0,False,289.0,0.0011052437163696055,,319.41543403081596
group02_experiment04_subject_07_repeat3,image_path_resolution,0.2231648969464004,group02_experiment04_subject_07,3.0,False,289.0,0.0007721968752470602,,223.1648969464004
group02_experiment04_subject_07_repeat3,temporal_sensor_image_alignment,1.0974013470113277,group02_experiment04_subject_07,3.0,False,289.0,0.003797236494848885,,1097.4013470113277
group02_experiment04_subject_07_repeat3,aggregated_parquet_write,0.020120267057791352,group02_experiment04_subject_07,3.0,False,289.0,6.962030123803236e-05,,20.120267057791352
group02_experiment04_subject_07_repeat3,aggregated_parquet_read_and_preprocessing,0.018926675897091627,group02_experiment04_subject_07,3.0,False,289.0,6.549022801761809e-05,,18.926675897091627
group02_experiment04_subject_07_repeat3,clip_vitl14_embeddings,13.830677171936259,group02_experiment04_subject_07,3.0,False,289.0,0.0478570144357656,,13830.677171936259
group02_experiment04_subject_07_repeat3,clip_feature_store_write_and_read,0.02024485100992024,group02_experiment04_subject_07,3.0,False,289.0,7.005138757757868e-05,,20.24485100992024
group02_experiment04_subject_07_repeat3,temporal_window_construction,0.2541131761390716,group02_experiment04_subject_07,3.0,False,289.0,0.0008792843465019778,,254.11317613907158
group02_experiment04_subject_07_repeat3,fairness_model_prediction,0.2936089630238712,group02_experiment04_subject_07,3.0,False,289.0,0.0010159479689407307,,293.6089630238712
group02_experiment04_subject_07_repeat3,end_to_end_unknown_data,16.0787724039983,group02_experiment04_subject_07,3.0,False,289.0,0.0556358906712744,,16078.7724039983
group02_experiment04_subject_07_repeat3,cold_start_plus_end_to_end,24.17431693500839,group02_experiment04_subject_07,3.0,False,289.0,0.0836481554844581,,24174.31693500839
group02_experiment04_subject_10_repeat3,raw_csv_load,0.28996176016516984,group02_experiment04_subject_10,3.0,False,291.0,0.0009964321655160475,,289.96176016516984
group02_experiment04_subject_10_repeat3,image_path_resolution,0.29203098895959556,group02_experiment04_subject_10,3.0,False,291.0,0.0010035429173869263,,292.03098895959556
group02_experiment04_subject_10_repeat3,temporal_sensor_image_alignment,1.0541938999667764,group02_experiment04_subject_10,3.0,False,291.0,0.0036226594500576507,,1054.1938999667764
group02_experiment04_subject_10_repeat3,aggregated_parquet_write,0.018910950981080532,group02_experiment04_subject_10,3.0,False,291.0,6.498608584563757e-05,,18.910950981080532
group02_experiment04_subject_10_repeat3,aggregated_parquet_read_and_preprocessing,0.018676333129405975,group02_experiment04_subject_10,3.0,False,291.0,6.417983893266658e-05,,18.676333129405975
group02_experiment04_subject_10_repeat3,clip_vitl14_embeddings,14.02285349718295,group02_experiment04_subject_10,3.0,False,291.0,0.04818849999031942,,14022.85349718295
group02_experiment04_subject_10_repeat3,clip_feature_store_write_and_read,0.022548131877556443,group02_experiment04_subject_10,3.0,False,291.0,7.748498926995341e-05,,22.548131877556443
group02_experiment04_subject_10_repeat3,temporal_window_construction,0.253706922987476,group02_experiment04_subject_10,3.0,False,291.0,0.0008718450961768935,,253.706922987476
group02_experiment04_subject_10_repeat3,fairness_model_prediction,0.2960355670657009,group02_experiment04_subject_10,3.0,False,291.0,0.0010173043541776663,,296.0355670657009
group02_experiment04_subject_10_repeat3,end_to_end_unknown_data,16.269991003908217,group02_experiment04_subject_10,3.0,False,291.0,0.05591062200655745,,16269.991003908217
group02_experiment04_subject_10_repeat3,cold_start_plus_end_to_end,24.36553553491831,group02_experiment04_subject_10,3.0,False,291.0,0.08373036266294952,,24365.53553491831
group02_experiment04_subject_16_repeat3,raw_csv_load,0.30680726491846144,group02_experiment04_subject_16,3.0,False,291.0,0.0010543204980015858,,306.80726491846144
group02_experiment04_subject_16_repeat3,image_path_resolution,0.19652987201698124,group02_experiment04_subject_16,3.0,False,291.0,0.0006753603849380799,,196.52987201698124
group02_experiment04_subject_16_repeat3,temporal_sensor_image_alignment,1.1165371011011302,group02_experiment04_subject_16,3.0,False,291.0,0.0038368972546430594,,1116.5371011011302
group02_experiment04_subject_16_repeat3,aggregated_parquet_write,0.019126268103718758,group02_experiment04_subject_16,3.0,False,291.0,6.572600722927408e-05,,19.126268103718758
group02_experiment04_subject_16_repeat3,aggregated_parquet_read_and_preprocessing,0.01912162289954722,group02_experiment04_subject_16,3.0,False,291.0,6.571004432834096e-05,,19.12162289954722
group02_experiment04_subject_16_repeat3,clip_vitl14_embeddings,13.691139271948487,group02_experiment04_subject_16,3.0,False,291.0,0.04704858856339686,,13691.139271948487
group02_experiment04_subject_16_repeat3,clip_feature_store_write_and_read,0.019055965123698115,group02_experiment04_subject_16,3.0,False,291.0,6.548441623263957e-05,,19.055965123698115
group02_experiment04_subject_16_repeat3,temporal_window_construction,0.2585743439849466,group02_experiment04_subject_16,3.0,False,291.0,0.0008885716288142495,,258.5743439849466
group02_experiment04_subject_16_repeat3,fairness_model_prediction,0.29578743409365416,group02_experiment04_subject_16,3.0,False,291.0,0.0010164516635520762,,295.78743409365416
group02_experiment04_subject_16_repeat3,end_to_end_unknown_data,15.923962904838845,group02_experiment04_subject_16,3.0,False,291.0,0.05472152200975548,,15923.962904838845
group02_experiment04_subject_16_repeat3,cold_start_plus_end_to_end,24.019507435848936,group02_experiment04_subject_16,3.0,False,291.0,0.08254126266614754,,24019.507435848936
group02_experiment04_subject_20_repeat3,raw_csv_load,0.3017345799598843,group02_experiment04_subject_20,3.0,True,,,No rows remain after DIPSER sensor cleaning.,301.7345799598843
group02_experiment04_subject_20_repeat3,image_path_resolution,0.2132672059815377,group02_experiment04_subject_20,3.0,True,,,No rows remain after DIPSER sensor cleaning.,213.2672059815377
group02_experiment04_subject_20_repeat3,temporal_sensor_image_alignment,1.053017009049654,group02_experiment04_subject_20,3.0,True,,,No rows remain after DIPSER sensor cleaning.,1053.017009049654
group02_experiment04_subject_20_repeat3,aggregated_parquet_write,0.019559748005121946,group02_experiment04_subject_20,3.0,True,,,No rows remain after DIPSER sensor cleaning.,19.559748005121946
group02_experiment04_subject_20_repeat3,aggregated_parquet_read_and_preprocessing,0.01729106600396335,group02_experiment04_subject_20,3.0,True,,,No rows remain after DIPSER sensor cleaning.,17.29106600396335
group02_experiment05_subject_16_repeat3,raw_csv_load,0.31524048815481365,group02_experiment05_subject_16,3.0,False,291.0,0.0010833006465801156,,315.24048815481365
group02_experiment05_subject_16_repeat3,image_path_resolution,0.2056441439781338,group02_experiment05_subject_16,3.0,False,291.0,0.0007066809071413532,,205.6441439781338
group02_experiment05_subject_16_repeat3,temporal_sensor_image_alignment,1.1555578100960702,group02_experiment05_subject_16,3.0,False,291.0,0.003970989038130825,,1155.5578100960702
group02_experiment05_subject_16_repeat3,aggregated_parquet_write,0.019425336038693786,group02_experiment05_subject_16,3.0,False,291.0,6.675373209173122e-05,,19.425336038693786
group02_experiment05_subject_16_repeat3,aggregated_parquet_read_and_preprocessing,0.018646966898813844,group02_experiment05_subject_16,3.0,False,291.0,6.407892405090668e-05,,18.646966898813844
group02_experiment05_subject_16_repeat3,clip_vitl14_embeddings,11.065990056144074,group02_experiment05_subject_16,3.0,False,291.0,0.0380274572376085,,11065.990056144074
group02_experiment05_subject_16_repeat3,clip_feature_store_write_and_read,0.019650164991617203,group02_experiment05_subject_16,3.0,False,291.0,6.75263401773787e-05,,19.650164991617203
group02_experiment05_subject_16_repeat3,temporal_window_construction,0.25925098778679967,group02_experiment05_subject_16,3.0,False,291.0,0.0008908968652467342,,259.25098778679967
group02_experiment05_subject_16_repeat3,fairness_model_prediction,0.3046857099980116,group02_experiment05_subject_16,3.0,False,291.0,0.0010470299312646447,,304.6857099980116
group02_experiment05_subject_16_repeat3,end_to_end_unknown_data,13.3652681899257,group02_experiment05_subject_16,3.0,False,291.0,0.045928756666411344,,13365.2681899257
group02_experiment05_subject_16_repeat3,cold_start_plus_end_to_end,21.46081272093579,group02_experiment05_subject_16,3.0,False,291.0,0.0737484973228034,,21460.81272093579
group02_experiment05_subject_20_repeat3,raw_csv_load,0.30030784592963755,group02_experiment05_subject_20,3.0,True,,,No rows remain after DIPSER sensor cleaning.,300.30784592963755
group02_experiment05_subject_20_repeat3,image_path_resolution,0.26650363695807755,group02_experiment05_subject_20,3.0,True,,,No rows remain after DIPSER sensor cleaning.,266.50363695807755
group02_experiment05_subject_20_repeat3,temporal_sensor_image_alignment,1.1424738380592316,group02_experiment05_subject_20,3.0,True,,,No rows remain after DIPSER sensor cleaning.,1142.4738380592316
group02_experiment05_subject_20_repeat3,aggregated_parquet_write,0.019561003893613815,group02_experiment05_subject_20,3.0,True,,,No rows remain after DIPSER sensor cleaning.,19.561003893613815
group02_experiment05_subject_20_repeat3,aggregated_parquet_read_and_preprocessing,0.017897492041811347,group02_experiment05_subject_20,3.0,True,,,No rows remain after DIPSER sensor cleaning.,17.897492041811347
group02_experiment06_subject_10_repeat3,raw_csv_load,0.3131571530830115,group02_experiment06_subject_10,3.0,False,291.0,0.001076141419529249,,313.1571530830115
group02_experiment06_subject_10_repeat3,image_path_resolution,0.33879366982728243,group02_experiment06_subject_10,3.0,False,291.0,0.001164239415214029,,338.79366982728243
group02_experiment06_subject_10_repeat3,temporal_sensor_image_alignment,1.0675325628835708,group02_experiment06_subject_10,3.0,False,291.0,0.003668496779668628,,1067.5325628835708
group02_experiment06_subject_10_repeat3,aggregated_parquet_write,0.019694646121934056,group02_experiment06_subject_10,3.0,False,291.0,6.767919629530603e-05,,19.694646121934056
group02_experiment06_subject_10_repeat3,aggregated_parquet_read_and_preprocessing,0.019816295942291617,group02_experiment06_subject_10,3.0,False,291.0,6.809723691509146e-05,,19.816295942291617
group02_experiment06_subject_10_repeat3,clip_vitl14_embeddings,15.54987484193407,group02_experiment06_subject_10,3.0,False,291.0,0.05343599602039199,,15549.87484193407
group02_experiment06_subject_10_repeat3,clip_feature_store_write_and_read,0.020679756067693233,group02_experiment06_subject_10,3.0,False,291.0,7.106445384087022e-05,,20.679756067693233
group02_experiment06_subject_10_repeat3,temporal_window_construction,0.25453919102437794,group02_experiment06_subject_10,3.0,False,291.0,0.0008747051237951132,,254.53919102437794
group02_experiment06_subject_10_repeat3,fairness_model_prediction,0.2927815169095993,group02_experiment06_subject_10,3.0,False,291.0,0.0010061220512357365,,292.7815169095993
group02_experiment06_subject_10_repeat3,end_to_end_unknown_data,17.87834582803771,group02_experiment06_subject_10,3.0,False,291.0,0.061437614529339206,,17878.34582803771
group02_experiment06_subject_10_repeat3,cold_start_plus_end_to_end,25.9738903590478,group02_experiment06_subject_10,3.0,False,291.0,0.08925735518573127,,25973.8903590478
group02_experiment06_subject_16_repeat3,raw_csv_load,0.36285941605456173,group02_experiment06_subject_16,3.0,False,291.0,0.001246939574070659,,362.85941605456173
group02_experiment06_subject_16_repeat3,image_path_resolution,0.22349109803326428,group02_experiment06_subject_16,3.0,False,291.0,0.0007680106461624202,,223.49109803326428
group02_experiment06_subject_16_repeat3,temporal_sensor_image_alignment,1.0816201518755406,group02_experiment06_subject_16,3.0,False,291.0,0.00371690773840392,,1081.6201518755406
group02_experiment06_subject_16_repeat3,aggregated_parquet_write,0.018601341173052788,group02_experiment06_subject_16,3.0,False,291.0,6.392213461530168e-05,,18.601341173052788
group02_experiment06_subject_16_repeat3,aggregated_parquet_read_and_preprocessing,0.018805979983881116,group02_experiment06_subject_16,3.0,False,291.0,6.462536076935092e-05,,18.805979983881116
group02_experiment06_subject_16_repeat3,clip_vitl14_embeddings,16.103813340188935,group02_experiment06_subject_16,3.0,False,291.0,0.055339564742917305,,16103.813340188935
group02_experiment06_subject_16_repeat3,clip_feature_store_write_and_read,0.019644744927063584,group02_experiment06_subject_16,3.0,False,291.0,6.75077145259917e-05,,19.644744927063584
group02_experiment06_subject_16_repeat3,temporal_window_construction,0.25453559681773186,group02_experiment06_subject_16,3.0,False,291.0,0.0008746927725695253,,254.53559681773186
group02_experiment06_subject_16_repeat3,fairness_model_prediction,0.2988297732081264,group02_experiment06_subject_16,3.0,False,291.0,0.0010269064371413279,,298.8297732081264
group02_experiment06_subject_16_repeat3,end_to_end_unknown_data,18.38325334782712,group02_experiment06_subject_16,3.0,False,291.0,0.06317269191693169,,18383.25334782712
group02_experiment06_subject_16_repeat3,cold_start_plus_end_to_end,26.478797878837213,group02_experiment06_subject_16,3.0,False,291.0,0.09099243257332376,,26478.797878837213
group02_experiment06_subject_20_repeat3,raw_csv_load,0.3021099870093167,group02_experiment06_subject_20,3.0,False,291.0,0.0010381786495165521,,302.1099870093167
group02_experiment06_subject_20_repeat3,image_path_resolution,0.198196240933612,group02_experiment06_subject_20,3.0,False,291.0,0.0006810867386034777,,198.196240933612
group02_experiment06_subject_20_repeat3,temporal_sensor_image_alignment,1.1297326739877462,group02_experiment06_subject_20,3.0,False,291.0,0.003882242865937272,,1129.7326739877462
group02_experiment06_subject_20_repeat3,aggregated_parquet_write,0.019250330980867147,group02_experiment06_subject_20,3.0,False,291.0,6.615234014043693e-05,,19.250330980867147
group02_experiment06_subject_20_repeat3,aggregated_parquet_read_and_preprocessing,0.018943690927699208,group02_experiment06_subject_20,3.0,False,291.0,6.509859425326188e-05,,18.94369092769921
group02_experiment06_subject_20_repeat3,clip_vitl14_embeddings,16.93742899503559,group02_experiment06_subject_20,3.0,False,291.0,0.05820422335063776,,16937.42899503559
group02_experiment06_subject_20_repeat3,clip_feature_store_write_and_read,0.02604113006964326,group02_experiment06_subject_20,3.0,False,291.0,8.948841948331017e-05,,26.04113006964326
group02_experiment06_subject_20_repeat3,temporal_window_construction,0.2605762768071145,group02_experiment06_subject_20,3.0,False,291.0,0.0008954511230485034,,260.5762768071145
group02_experiment06_subject_20_repeat3,fairness_model_prediction,0.29042426007799804,group02_experiment06_subject_20,3.0,False,291.0,0.0009980215122955259,,290.42426007799804
group02_experiment06_subject_20_repeat3,end_to_end_unknown_data,19.184199067065492,group02_experiment06_subject_20,3.0,False,291.0,0.06592508270469241,,19184.199067065492
group02_experiment06_subject_20_repeat3,cold_start_plus_end_to_end,27.279743598075584,group02_experiment06_subject_20,3.0,False,291.0,0.09374482336108447,,27279.743598075584
group02_experiment07_subject_10_repeat3,raw_csv_load,0.3200075011700392,group02_experiment07_subject_10,3.0,False,291.0,0.0010996821346049457,,320.0075011700392
group02_experiment07_subject_10_repeat3,image_path_resolution,0.19641260709613562,group02_experiment07_subject_10,3.0,False,291.0,0.000674957412701497,,196.41260709613562
group02_experiment07_subject_10_repeat3,temporal_sensor_image_alignment,1.0926557979546487,group02_experiment07_subject_10,3.0,False,291.0,0.003754830920806353,,1092.6557979546487
group02_experiment07_subject_10_repeat3,aggregated_parquet_write,0.019034462049603462,group02_experiment07_subject_10,3.0,False,291.0,6.541052250722839e-05,,19.034462049603462
group02_experiment07_subject_10_repeat3,aggregated_parquet_read_and_preprocessing,0.018765834160149097,group02_experiment07_subject_10,3.0,False,291.0,6.448740261219621e-05,,18.765834160149097
group02_experiment07_subject_10_repeat3,clip_vitl14_embeddings,12.259088279912248,group02_experiment07_subject_10,3.0,False,291.0,0.04212745113371907,,12259.088279912248
group02_experiment07_subject_10_repeat3,clip_feature_store_write_and_read,0.019868594128638506,group02_experiment07_subject_10,3.0,False,291.0,6.827695576851721e-05,,19.868594128638506
group02_experiment07_subject_10_repeat3,temporal_window_construction,0.2595804219599813,group02_experiment07_subject_10,3.0,False,291.0,0.0008920289414432348,,259.5804219599813
group02_experiment07_subject_10_repeat3,fairness_model_prediction,0.29236437496729195,group02_experiment07_subject_10,3.0,False,291.0,0.0010046885737707628,,292.36437496729195
group02_experiment07_subject_10_repeat3,end_to_end_unknown_data,14.47914934111759,group02_experiment07_subject_10,3.0,False,291.0,0.04975652694542127,,14479.14934111759
group02_experiment07_subject_10_repeat3,cold_start_plus_end_to_end,22.574693872127682,group02_experiment07_subject_10,3.0,False,291.0,0.07757626760181334,,22574.693872127682
group02_experiment07_subject_16_repeat3,raw_csv_load,0.3117708209902048,group02_experiment07_subject_16,3.0,False,291.0,0.001071377391718917,,311.7708209902048
group02_experiment07_subject_16_repeat3,image_path_resolution,0.306641505099833,group02_experiment07_subject_16,3.0,False,291.0,0.0010537508766317286,,306.641505099833
group02_experiment07_subject_16_repeat3,temporal_sensor_image_alignment,1.0775913398247212,group02_experiment07_subject_16,3.0,False,291.0,0.0037030630234526503,,1077.5913398247212
group02_experiment07_subject_16_repeat3,aggregated_parquet_write,0.01917360001243651,group02_experiment07_subject_16,3.0,False,291.0,6.588865983655157e-05,,19.17360001243651
group02_experiment07_subject_16_repeat3,aggregated_parquet_read_and_preprocessing,0.01968675386160612,group02_experiment07_subject_16,3.0,False,291.0,6.765207512579423e-05,,19.68675386160612
group02_experiment07_subject_16_repeat3,clip_vitl14_embeddings,12.918095694156364,group02_experiment07_subject_16,3.0,False,291.0,0.044392081423217745,,12918.095694156364
group02_experiment07_subject_16_repeat3,clip_feature_store_write_and_read,0.02020236593671143,group02_experiment07_subject_16,3.0,False,291.0,6.94239379268434e-05,,20.20236593671143
group02_experiment07_subject_16_repeat3,temporal_window_construction,0.25366418389603496,group02_experiment07_subject_16,3.0,False,291.0,0.0008716982264468555,,253.66418389603496
group02_experiment07_subject_16_repeat3,fairness_model_prediction,0.29896346293389797,group02_experiment07_subject_16,3.0,False,291.0,0.0010273658520065223,,298.963462933898
group02_experiment07_subject_16_repeat3,end_to_end_unknown_data,15.226865004980937,group02_experiment07_subject_16,3.0,False,291.0,0.0523259965806905,,15226.865004980937
group02_experiment07_subject_16_repeat3,cold_start_plus_end_to_end,23.322409535991028,group02_experiment07_subject_16,3.0,False,291.0,0.08014573723708257,,23322.409535991028
group02_experiment07_subject_20_repeat3,raw_csv_load,0.36008375487290323,group02_experiment07_subject_20,3.0,False,291.0,0.0012374012194945128,,360.0837548729032
group02_experiment07_subject_20_repeat3,image_path_resolution,0.18756538815796375,group02_experiment07_subject_20,3.0,False,291.0,0.000644554598480975,,187.56538815796375
group02_experiment07_subject_20_repeat3,temporal_sensor_image_alignment,1.0413973468821496,group02_experiment07_subject_20,3.0,False,291.0,0.003578685040832129,,1041.3973468821496
group02_experiment07_subject_20_repeat3,aggregated_parquet_write,0.021074580028653145,group02_experiment07_subject_20,3.0,False,291.0,7.242123721186647e-05,,21.074580028653145
group02_experiment07_subject_20_repeat3,aggregated_parquet_read_and_preprocessing,0.019581571919843554,group02_experiment07_subject_20,3.0,False,291.0,6.729062515410156e-05,,19.581571919843554
group02_experiment07_subject_20_repeat3,clip_vitl14_embeddings,11.954809804912657,group02_experiment07_subject_20,3.0,False,291.0,0.04108182063543868,,11954.809804912657
group02_experiment07_subject_20_repeat3,clip_feature_store_write_and_read,0.019781791139394045,group02_experiment07_subject_20,3.0,False,291.0,6.797866370925789e-05,,19.781791139394045
group02_experiment07_subject_20_repeat3,temporal_window_construction,0.2572614708915353,group02_experiment07_subject_20,3.0,False,291.0,0.0008840600374279563,,257.2614708915353
group02_experiment07_subject_20_repeat3,fairness_model_prediction,0.29340722202323377,group02_experiment07_subject_20,3.0,False,291.0,0.0010082722406296693,,293.40722202323377
group02_experiment07_subject_20_repeat3,end_to_end_unknown_data,14.156080722110346,group02_experiment07_subject_20,3.0,False,291.0,0.048646325505533834,,14156.080722110346
group02_experiment07_subject_20_repeat3,cold_start_plus_end_to_end,22.251625253120437,group02_experiment07_subject_20,3.0,False,291.0,0.0764660661619259,,22251.625253120437
group02_experiment08_subject_20_repeat3,raw_csv_load,0.3228558881673962,group02_experiment08_subject_20,3.0,False,290.0,0.0011132961660944695,,322.8558881673962
group02_experiment08_subject_20_repeat3,image_path_resolution,0.21667006495408714,group02_experiment08_subject_20,3.0,False,290.0,0.0007471381550140936,,216.67006495408714
group02_experiment08_subject_20_repeat3,temporal_sensor_image_alignment,1.0643496001139283,group02_experiment08_subject_20,3.0,False,290.0,0.003670171034875615,,1064.3496001139283
group02_experiment08_subject_20_repeat3,aggregated_parquet_write,0.019244560971856117,group02_experiment08_subject_20,3.0,False,290.0,6.636055507536592e-05,,19.244560971856117
group02_experiment08_subject_20_repeat3,aggregated_parquet_read_and_preprocessing,0.018732396885752678,group02_experiment08_subject_20,3.0,False,290.0,6.459447201983682e-05,,18.732396885752678
group02_experiment08_subject_20_repeat3,clip_vitl14_embeddings,16.74288642895408,group02_experiment08_subject_20,3.0,False,290.0,0.057734091134324414,,16742.88642895408
group02_experiment08_subject_20_repeat3,clip_feature_store_write_and_read,0.020746621070429683,group02_experiment08_subject_20,3.0,False,290.0,7.154007265665407e-05,,20.746621070429683
group02_experiment08_subject_20_repeat3,temporal_window_construction,0.2594917439855635,group02_experiment08_subject_20,3.0,False,290.0,0.0008947991171915984,,259.4917439855635
group02_experiment08_subject_20_repeat3,fairness_model_prediction,0.29481262899935246,group02_experiment08_subject_20,3.0,False,290.0,0.0010165952724115602,,294.81262899935246
group02_experiment08_subject_20_repeat3,end_to_end_unknown_data,18.961100466083735,group02_experiment08_subject_20,3.0,False,290.0,0.06538310505546116,,18961.100466083735
group02_experiment08_subject_20_repeat3,cold_start_plus_end_to_end,27.056644997093827,group02_experiment08_subject_20,3.0,False,290.0,0.09329877585204768,,27056.644997093827
group02_experiment09_subject_10_repeat3,raw_csv_load,0.3272535598371178,group02_experiment09_subject_10,3.0,False,291.0,0.0011245826798526384,,327.2535598371178
group02_experiment09_subject_10_repeat3,image_path_resolution,0.23440363421104848,group02_experiment09_subject_10,3.0,False,291.0,0.0008055107704847027,,234.40363421104848
group02_experiment09_subject_10_repeat3,temporal_sensor_image_alignment,1.0582845339085907,group02_experiment09_subject_10,3.0,False,291.0,0.0036367166113697273,,1058.2845339085907
group02_experiment09_subject_10_repeat3,aggregated_parquet_write,0.018481817096471786,group02_experiment09_subject_10,3.0,False,291.0,6.351139895694771e-05,,18.481817096471786
group02_experiment09_subject_10_repeat3,aggregated_parquet_read_and_preprocessing,0.01878175511956215,group02_experiment09_subject_10,3.0,False,291.0,6.454211381292835e-05,,18.78175511956215
group02_experiment09_subject_10_repeat3,clip_vitl14_embeddings,11.251240811077878,group02_experiment09_subject_10,3.0,False,291.0,0.03866405777002707,,11251.240811077878
group02_experiment09_subject_10_repeat3,clip_feature_store_write_and_read,0.018572425935417414,group02_experiment09_subject_10,3.0,False,291.0,6.382276953751688e-05,,18.572425935417414
group02_experiment09_subject_10_repeat3,temporal_window_construction,0.2559668750036508,group02_experiment09_subject_10,3.0,False,291.0,0.0008796112543080783,,255.96687500365078
group02_experiment09_subject_10_repeat3,fairness_model_prediction,0.29536435496993363,group02_experiment09_subject_10,3.0,False,291.0,0.0010149977834018338,,295.36435496993363
group02_experiment09_subject_10_repeat3,end_to_end_unknown_data,13.479661996010691,group02_experiment09_subject_10,3.0,False,291.0,0.04632186252924636,,13479.661996010691
group02_experiment09_subject_10_repeat3,cold_start_plus_end_to_end,21.575206527020782,group02_experiment09_subject_10,3.0,False,291.0,0.07414160318563842,,21575.206527020782
group02_experiment09_subject_16_repeat3,raw_csv_load,0.3371703119482845,group02_experiment09_subject_16,3.0,False,290.0,0.0011626562480975327,,337.1703119482845
group02_experiment09_subject_16_repeat3,image_path_resolution,0.1965818649623543,group02_experiment09_subject_16,3.0,False,290.0,0.0006778684998701872,,196.5818649623543
group02_experiment09_subject_16_repeat3,temporal_sensor_image_alignment,1.098000419093296,group02_experiment09_subject_16,3.0,False,290.0,0.0037862083417010205,,1098.000419093296
group02_experiment09_subject_16_repeat3,aggregated_parquet_write,0.01873683393932879,group02_experiment09_subject_16,3.0,False,290.0,6.460977220458203e-05,,18.73683393932879
group02_experiment09_subject_16_repeat3,aggregated_parquet_read_and_preprocessing,0.019396393094211817,group02_experiment09_subject_16,3.0,False,290.0,6.688411411797178e-05,,19.396393094211817
group02_experiment09_subject_16_repeat3,clip_vitl14_embeddings,12.090204963926226,group02_experiment09_subject_16,3.0,False,290.0,0.04169036194457319,,12090.204963926226
group02_experiment09_subject_16_repeat3,clip_feature_store_write_and_read,0.021910612005740404,group02_experiment09_subject_16,3.0,False,290.0,7.555383450255312e-05,,21.910612005740404
group02_experiment09_subject_16_repeat3,temporal_window_construction,0.25197723507881165,group02_experiment09_subject_16,3.0,False,290.0,0.0008688870175131436,,251.97723507881165
group02_experiment09_subject_16_repeat3,fairness_model_prediction,0.298481740988791,group02_experiment09_subject_16,3.0,False,290.0,0.0010292473827199688,,298.481740988791
group02_experiment09_subject_16_repeat3,end_to_end_unknown_data,14.333790940931067,group02_experiment09_subject_16,3.0,False,290.0,0.049426865313555404,,14333.790940931067
group02_experiment09_subject_16_repeat3,cold_start_plus_end_to_end,22.429335471941158,group02_experiment09_subject_16,3.0,False,290.0,0.07734253611014193,,22429.335471941158
group02_experiment09_subject_20_repeat3,raw_csv_load,0.31006780196912587,group02_experiment09_subject_20,3.0,False,291.0,0.0010655250926774084,,310.06780196912587
group02_experiment09_subject_20_repeat3,image_path_resolution,0.22949944902211428,group02_experiment09_subject_20,3.0,False,291.0,0.0007886579004196366,,229.49944902211428
group02_experiment09_subject_20_repeat3,temporal_sensor_image_alignment,1.1382811509538442,group02_experiment09_subject_20,3.0,False,291.0,0.003911619075442764,,1138.2811509538442
group02_experiment09_subject_20_repeat3,aggregated_parquet_write,0.018990359967574477,group02_experiment09_subject_20,3.0,False,291.0,6.525896896073704e-05,,18.990359967574477
group02_experiment09_subject_20_repeat3,aggregated_parquet_read_and_preprocessing,0.01922477106563747,group02_experiment09_subject_20,3.0,False,291.0,6.606450538019749e-05,,19.22477106563747
group02_experiment09_subject_20_repeat3,clip_vitl14_embeddings,13.189915389055386,group02_experiment09_subject_20,3.0,False,291.0,0.04532616972183982,,13189.915389055386
group02_experiment09_subject_20_repeat3,clip_feature_store_write_and_read,0.019824801944196224,group02_experiment09_subject_20,3.0,False,291.0,6.812646716218634e-05,,19.824801944196224
group02_experiment09_subject_20_repeat3,temporal_window_construction,0.2557329940609634,group02_experiment09_subject_20,3.0,False,291.0,0.0008788075397283965,,255.7329940609634
group02_experiment09_subject_20_repeat3,fairness_model_prediction,0.29643185692839324,group02_experiment09_subject_20,3.0,False,291.0,0.0010186661750116606,,296.43185692839324
group02_experiment09_subject_20_repeat3,end_to_end_unknown_data,15.479048443958163,group02_experiment09_subject_20,3.0,False,291.0,0.05319260633662599,,15479.048443958163
group02_experiment09_subject_20_repeat3,cold_start_plus_end_to_end,23.574592974968255,group02_experiment09_subject_20,3.0,False,291.0,0.08101234699301806,,23574.592974968255
group03_experiment01_subject_11_repeat3,raw_csv_load,0.2859620740637183,group03_experiment01_subject_11,3.0,False,290.0,0.0009860761174610977,,285.9620740637183
group03_experiment01_subject_11_repeat3,image_path_resolution,0.2997189259622246,group03_experiment01_subject_11,3.0,False,290.0,0.0010335135378007744,,299.7189259622246
group03_experiment01_subject_11_repeat3,temporal_sensor_image_alignment,1.0663538759108633,group03_experiment01_subject_11,3.0,False,290.0,0.003677082330727115,,1066.3538759108633
group03_experiment01_subject_11_repeat3,aggregated_parquet_write,0.018852538196370006,group03_experiment01_subject_11,3.0,False,290.0,6.500875240127588e-05,,18.852538196370006
group03_experiment01_subject_11_repeat3,aggregated_parquet_read_and_preprocessing,0.019100206904113293,group03_experiment01_subject_11,3.0,False,290.0,6.586278242797687e-05,,19.100206904113293
group03_experiment01_subject_11_repeat3,clip_vitl14_embeddings,11.263844324974343,group03_experiment01_subject_11,3.0,False,290.0,0.03884084249991153,,11263.844324974343
group03_experiment01_subject_11_repeat3,clip_feature_store_write_and_read,0.019957958022132516,group03_experiment01_subject_11,3.0,False,290.0,6.882054490390522e-05,,19.957958022132516
group03_experiment01_subject_11_repeat3,temporal_window_construction,0.25718983402475715,group03_experiment01_subject_11,3.0,False,290.0,0.0008868614966370936,,257.18983402475715
group03_experiment01_subject_11_repeat3,fairness_model_prediction,0.30117761390283704,group03_experiment01_subject_11,3.0,False,290.0,0.0010385434962166794,,301.17761390283704
group03_experiment01_subject_11_repeat3,end_to_end_unknown_data,13.533252661814913,group03_experiment01_subject_11,3.0,False,290.0,0.04666638848901694,,13533.252661814913
group03_experiment01_subject_11_repeat3,cold_start_plus_end_to_end,21.628797192825004,group03_experiment01_subject_11,3.0,False,290.0,0.07458205928560346,,21628.797192825004
group03_experiment02_subject_11_repeat3,raw_csv_load,0.3220184671226889,group03_experiment02_subject_11,3.0,False,291.0,0.0011065926705247041,,322.0184671226889
group03_experiment02_subject_11_repeat3,image_path_resolution,0.1927123130299151,group03_experiment02_subject_11,3.0,False,291.0,0.0006622416255323543,,192.7123130299151
group03_experiment02_subject_11_repeat3,temporal_sensor_image_alignment,1.0884869820438325,group03_experiment02_subject_11,3.0,False,291.0,0.0037405050929341325,,1088.4869820438325
group03_experiment02_subject_11_repeat3,aggregated_parquet_write,0.018969855038449168,group03_experiment02_subject_11,3.0,False,291.0,6.51885052867669e-05,,18.969855038449168
group03_experiment02_subject_11_repeat3,aggregated_parquet_read_and_preprocessing,0.0188545158598572,group03_experiment02_subject_11,3.0,False,291.0,6.479215072115877e-05,,18.8545158598572
group03_experiment02_subject_11_repeat3,clip_vitl14_embeddings,10.778010838897899,group03_experiment02_subject_11,3.0,False,291.0,0.03703783793435704,,10778.010838897899
group03_experiment02_subject_11_repeat3,clip_feature_store_write_and_read,0.019913328113034368,group03_experiment02_subject_11,3.0,False,291.0,6.843068080080539e-05,,19.913328113034368
group03_experiment02_subject_11_repeat3,temporal_window_construction,0.2615295620635152,group03_experiment02_subject_11,3.0,False,291.0,0.0008987270174003958,,261.5295620635152
group03_experiment02_subject_11_repeat3,fairness_model_prediction,0.2953937149140984,group03_experiment02_subject_11,3.0,False,291.0,0.0010150986766807504,,295.3937149140984
group03_experiment02_subject_11_repeat3,end_to_end_unknown_data,12.99702108791098,group03_experiment02_subject_11,3.0,False,291.0,0.04466330270759787,,12997.02108791098
group03_experiment02_subject_11_repeat3,cold_start_plus_end_to_end,21.09256561892107,group03_experiment02_subject_11,3.0,False,291.0,0.07248304336398993,,21092.56561892107
group03_experiment03_subject_11_repeat3,raw_csv_load,0.3333587439265102,group03_experiment03_subject_11,3.0,False,290.0,0.0011495129100914144,,333.3587439265102
group03_experiment03_subject_11_repeat3,image_path_resolution,0.19318704516626894,group03_experiment03_subject_11,3.0,False,290.0,0.0006661622247112723,,193.18704516626894
group03_experiment03_subject_11_repeat3,temporal_sensor_image_alignment,1.0656787529587746,group03_experiment03_subject_11,3.0,False,290.0,0.0036747543205474984,,1065.6787529587746
group03_experiment03_subject_11_repeat3,aggregated_parquet_write,0.01900081499479711,group03_experiment03_subject_11,3.0,False,290.0,6.552005170619694e-05,,19.00081499479711
group03_experiment03_subject_11_repeat3,aggregated_parquet_read_and_preprocessing,0.01888408907689154,group03_experiment03_subject_11,3.0,False,290.0,6.511754854100531e-05,,18.88408907689154
group03_experiment03_subject_11_repeat3,clip_vitl14_embeddings,12.314083663048223,group03_experiment03_subject_11,3.0,False,290.0,0.04246235745878697,,12314.083663048223
group03_experiment03_subject_11_repeat3,clip_feature_store_write_and_read,0.019299526000395417,group03_experiment03_subject_11,3.0,False,290.0,6.655008965653592e-05,,19.299526000395417
group03_experiment03_subject_11_repeat3,temporal_window_construction,0.25385284097865224,group03_experiment03_subject_11,3.0,False,290.0,0.0008753546240643181,,253.85284097865224
group03_experiment03_subject_11_repeat3,fairness_model_prediction,0.2905822528991848,group03_experiment03_subject_11,3.0,False,290.0,0.0010020077686178786,,290.5822528991848
group03_experiment03_subject_11_repeat3,end_to_end_unknown_data,14.509072253014892,group03_experiment03_subject_11,3.0,False,290.0,0.05003128363108583,,14509.072253014892
group03_experiment03_subject_11_repeat3,cold_start_plus_end_to_end,22.604616784024984,group03_experiment03_subject_11,3.0,False,290.0,0.07794695442767235,,22604.616784024984
group03_experiment04_subject_11_repeat3,raw_csv_load,0.308978620916605,group03_experiment04_subject_11,3.0,False,291.0,0.0010617822024625602,,308.978620916605
group03_experiment04_subject_11_repeat3,image_path_resolution,0.24599148915149271,group03_experiment04_subject_11,3.0,False,291.0,0.0008453315778401811,,245.99148915149271
group03_experiment04_subject_11_repeat3,temporal_sensor_image_alignment,1.112110564019531,group03_experiment04_subject_11,3.0,False,291.0,0.003821685787008698,,1112.110564019531
group03_experiment04_subject_11_repeat3,aggregated_parquet_write,0.018991743912920356,group03_experiment04_subject_11,3.0,False,291.0,6.526372478666789e-05,,18.991743912920356
group03_experiment04_subject_11_repeat3,aggregated_parquet_read_and_preprocessing,0.01875760592520237,group03_experiment04_subject_11,3.0,False,291.0,6.445912689072979e-05,,18.75760592520237
group03_experiment04_subject_11_repeat3,clip_vitl14_embeddings,14.89787888014689,group03_experiment04_subject_11,3.0,False,291.0,0.051195460069233305,,14897.87888014689
group03_experiment04_subject_11_repeat3,clip_feature_store_write_and_read,0.02026917296461761,group03_experiment04_subject_11,3.0,False,291.0,6.965351534232856e-05,,20.26917296461761
group03_experiment04_subject_11_repeat3,temporal_window_construction,0.25468752114102244,group03_experiment04_subject_11,3.0,False,291.0,0.000875214849281864,,254.68752114102244
group03_experiment04_subject_11_repeat3,fairness_model_prediction,0.2904976368881762,group03_experiment04_subject_11,3.0,False,291.0,0.0009982736662823924,,290.4976368881762
group03_experiment04_subject_11_repeat3,end_to_end_unknown_data,17.169266670942307,group03_experiment04_subject_11,3.0,False,291.0,0.05900091639499074,,17169.266670942307
group03_experiment04_subject_11_repeat3,cold_start_plus_end_to_end,25.264811201952398,group03_experiment04_subject_11,3.0,False,291.0,0.08682065705138281,,25264.811201952398
group03_experiment05_subject_11_repeat3,raw_csv_load,0.2991536329500377,group03_experiment05_subject_11,3.0,False,291.0,0.0010280193572166244,,299.1536329500377
group03_experiment05_subject_11_repeat3,image_path_resolution,0.304114457918331,group03_experiment05_subject_11,3.0,False,291.0,0.001045066865698732,,304.114457918331
group03_experiment05_subject_11_repeat3,temporal_sensor_image_alignment,1.115405006101355,group03_experiment05_subject_11,3.0,False,291.0,0.0038330068938190894,,1115.405006101355
group03_experiment05_subject_11_repeat3,aggregated_parquet_write,0.02044995012693107,group03_experiment05_subject_11,3.0,False,291.0,7.027474270423049e-05,,20.44995012693107
group03_experiment05_subject_11_repeat3,aggregated_parquet_read_and_preprocessing,0.020058481954038143,group03_experiment05_subject_11,3.0,False,291.0,6.892949125099018e-05,,20.058481954038143
group03_experiment05_subject_11_repeat3,clip_vitl14_embeddings,13.448002588003874,group03_experiment05_subject_11,3.0,False,291.0,0.04621306731272809,,13448.002588003874
group03_experiment05_subject_11_repeat3,clip_feature_store_write_and_read,0.021159305004402995,group03_experiment05_subject_11,3.0,False,291.0,7.271238833128177e-05,,21.159305004402995
group03_experiment05_subject_11_repeat3,temporal_window_construction,0.25558369187638164,group03_experiment05_subject_11,3.0,False,291.0,0.0008782944738019988,,255.58369187638164
group03_experiment05_subject_11_repeat3,fairness_model_prediction,0.2929380510468036,group03_experiment05_subject_11,3.0,False,291.0,0.001006659969233002,,292.9380510468036
group03_experiment05_subject_11_repeat3,end_to_end_unknown_data,15.777999388054013,group03_experiment05_subject_11,3.0,False,291.0,0.05421992916857049,,15777.999388054013
group03_experiment05_subject_11_repeat3,cold_start_plus_end_to_end,23.873543919064105,group03_experiment05_subject_11,3.0,False,291.0,0.08203966982496255,,23873.543919064105
group03_experiment06_subject_11_repeat3,raw_csv_load,0.2780837051104754,group03_experiment06_subject_11,3.0,False,289.0,0.0009622273533234444,,278.0837051104754
group03_experiment06_subject_11_repeat3,image_path_resolution,0.24071773304603994,group03_experiment06_subject_11,3.0,False,289.0,0.0008329333323392386,,240.71773304603994
group03_experiment06_subject_11_repeat3,temporal_sensor_image_alignment,1.0768148400820792,group03_experiment06_subject_11,3.0,False,289.0,0.0037260029068584056,,1076.8148400820792
group03_experiment06_subject_11_repeat3,aggregated_parquet_write,0.01883121905848384,group03_experiment06_subject_11,3.0,False,289.0,6.515992753800637e-05,,18.83121905848384
group03_experiment06_subject_11_repeat3,aggregated_parquet_read_and_preprocessing,0.019418430048972368,group03_experiment06_subject_11,3.0,False,289.0,6.719179947741304e-05,,19.41843004897237
group03_experiment06_subject_11_repeat3,clip_vitl14_embeddings,11.014667708193883,group03_experiment06_subject_11,3.0,False,289.0,0.03811303705257399,,11014.667708193883
group03_experiment06_subject_11_repeat3,clip_feature_store_write_and_read,0.021210202015936375,group03_experiment06_subject_11,3.0,False,289.0,7.33917024772885e-05,,21.210202015936375
group03_experiment06_subject_11_repeat3,temporal_window_construction,0.25756482197903097,group03_experiment06_subject_11,3.0,False,289.0,0.00089122775771291,,257.56482197903097
group03_experiment06_subject_11_repeat3,fairness_model_prediction,0.29330062889494,group03_experiment06_subject_11,3.0,False,289.0,0.001014881068840623,,293.30062889494
group03_experiment06_subject_11_repeat3,end_to_end_unknown_data,13.221746735973284,group03_experiment06_subject_11,3.0,False,289.0,0.04574998870578991,,13221.746735973284
group03_experiment06_subject_11_repeat3,cold_start_plus_end_to_end,21.317291266983375,group03_experiment06_subject_11,3.0,False,289.0,0.07376225351897361,,21317.291266983375
group03_experiment07_subject_11_repeat3,raw_csv_load,0.2993270370643586,group03_experiment07_subject_11,3.0,False,291.0,0.0010286152476438439,,299.3270370643586
group03_experiment07_subject_11_repeat3,image_path_resolution,0.20735909417271614,group03_experiment07_subject_11,3.0,False,291.0,0.0007125742067790933,,207.35909417271614
group03_experiment07_subject_11_repeat3,temporal_sensor_image_alignment,1.036198602989316,group03_experiment07_subject_11,3.0,False,291.0,0.0035608199415440413,,1036.198602989316
group03_experiment07_subject_11_repeat3,aggregated_parquet_write,0.019638335797935724,group03_experiment07_subject_11,3.0,False,291.0,6.748569002727053e-05,,19.638335797935724
group03_experiment07_subject_11_repeat3,aggregated_parquet_read_and_preprocessing,0.01895689615048468,group03_experiment07_subject_11,3.0,False,291.0,6.514397302572055e-05,,18.95689615048468
group03_experiment07_subject_11_repeat3,clip_vitl14_embeddings,9.083573549985886,group03_experiment07_subject_11,3.0,False,291.0,0.031215029381394796,,9083.573549985886
group03_experiment07_subject_11_repeat3,clip_feature_store_write_and_read,0.019841588102281094,group03_experiment07_subject_11,3.0,False,291.0,6.818415155423056e-05,,19.841588102281094
group03_experiment07_subject_11_repeat3,temporal_window_construction,0.255357587011531,group03_experiment07_subject_11,3.0,False,291.0,0.0008775174811392818,,255.357587011531
group03_experiment07_subject_11_repeat3,fairness_model_prediction,0.30122479307465255,group03_experiment07_subject_11,3.0,False,291.0,0.0010351367459610053,,301.22479307465255
group03_experiment07_subject_11_repeat3,end_to_end_unknown_data,11.242577424040064,group03_experiment07_subject_11,3.0,False,291.0,0.03863428668055005,,11242.577424040064
group03_experiment07_subject_11_repeat3,cold_start_plus_end_to_end,19.338121955050156,group03_experiment07_subject_11,3.0,False,291.0,0.06645402733694211,,19338.121955050156
group03_experiment08_subject_11_repeat3,raw_csv_load,0.30166265089064837,group03_experiment08_subject_11,3.0,False,290.0,0.0010402160375539598,,301.66265089064837
group03_experiment08_subject_11_repeat3,image_path_resolution,0.23628519498743117,group03_experiment08_subject_11,3.0,False,290.0,0.0008147765344394179,,236.28519498743117
group03_experiment08_subject_11_repeat3,temporal_sensor_image_alignment,1.036746097030118,group03_experiment08_subject_11,3.0,False,290.0,0.003574986541483166,,1036.746097030118
group03_experiment08_subject_11_repeat3,aggregated_parquet_write,0.018939303932711482,group03_experiment08_subject_11,3.0,False,290.0,6.530794459555683e-05,,18.939303932711482
group03_experiment08_subject_11_repeat3,aggregated_parquet_read_and_preprocessing,0.01911192899569869,group03_experiment08_subject_11,3.0,False,290.0,6.590320343344377e-05,,19.11192899569869
group03_experiment08_subject_11_repeat3,clip_vitl14_embeddings,12.2211788140703,group03_experiment08_subject_11,3.0,False,290.0,0.04214199591058724,,12221.1788140703
group03_experiment08_subject_11_repeat3,clip_feature_store_write_and_read,0.020595851121470332,group03_experiment08_subject_11,3.0,False,290.0,7.102017628093217e-05,,20.595851121470332
group03_experiment08_subject_11_repeat3,temporal_window_construction,0.2529802720528096,group03_experiment08_subject_11,3.0,False,290.0,0.0008723457656993434,,252.9802720528096
group03_experiment08_subject_11_repeat3,fairness_model_prediction,0.29629691899754107,group03_experiment08_subject_11,3.0,False,290.0,0.0010217135137846245,,296.29691899754107
group03_experiment08_subject_11_repeat3,end_to_end_unknown_data,14.40493717091158,group03_experiment08_subject_11,3.0,False,290.0,0.04967219714107442,,14404.93717091158
group03_experiment08_subject_11_repeat3,cold_start_plus_end_to_end,22.50048170192167,group03_experiment08_subject_11,3.0,False,290.0,0.07758786793766094,,22500.48170192167
group03_experiment09_subject_11_repeat3,raw_csv_load,0.30851371004246175,group03_experiment09_subject_11,3.0,False,291.0,0.0010601845705926522,,308.51371004246175
group03_experiment09_subject_11_repeat3,image_path_resolution,0.24111593305133283,group03_experiment09_subject_11,3.0,False,291.0,0.0008285770895234805,,241.11593305133283
group03_experiment09_subject_11_repeat3,temporal_sensor_image_alignment,1.1046663960441947,group03_experiment09_subject_11,3.0,False,291.0,0.003796104453760119,,1104.6663960441947
group03_experiment09_subject_11_repeat3,aggregated_parquet_write,0.019835354993119836,group03_experiment09_subject_11,3.0,False,291.0,6.816273193511971e-05,,19.835354993119836
group03_experiment09_subject_11_repeat3,aggregated_parquet_read_and_preprocessing,0.019085043808445334,group03_experiment09_subject_11,3.0,False,291.0,6.558434298434823e-05,,19.085043808445334
group03_experiment09_subject_11_repeat3,clip_vitl14_embeddings,11.026731469901279,group03_experiment09_subject_11,3.0,False,291.0,0.037892548006533605,,11026.731469901279
group03_experiment09_subject_11_repeat3,clip_feature_store_write_and_read,0.020108978962525725,group03_experiment09_subject_11,3.0,False,291.0,6.910302048977912e-05,,20.108978962525725
group03_experiment09_subject_11_repeat3,temporal_window_construction,0.25784695195034146,group03_experiment09_subject_11,3.0,False,291.0,0.0008860719998293521,,257.84695195034146
group03_experiment09_subject_11_repeat3,fairness_model_prediction,0.29570072307251394,group03_experiment09_subject_11,3.0,False,291.0,0.001016153687534412,,295.70072307251394
group03_experiment09_subject_11_repeat3,end_to_end_unknown_data,13.294703606981784,group03_experiment09_subject_11,3.0,False,291.0,0.045686266690659054,,13294.703606981784
group03_experiment09_subject_11_repeat3,cold_start_plus_end_to_end,21.390248137991875,group03_experiment09_subject_11,3.0,False,291.0,0.07350600734705112,,21390.248137991875
group01_experiment01_subject_08_repeat4,raw_csv_load,0.29339938098564744,group01_experiment01_subject_08,4.0,False,291.0,0.0010082452954833245,,293.39938098564744
group01_experiment01_subject_08_repeat4,image_path_resolution,0.19778165500611067,group01_experiment01_subject_08,4.0,False,291.0,0.0006796620446945384,,197.78165500611067
group01_experiment01_subject_08_repeat4,temporal_sensor_image_alignment,1.0812489669770002,group01_experiment01_subject_08,4.0,False,291.0,0.0037156321889243995,,1081.2489669770002
group01_experiment01_subject_08_repeat4,aggregated_parquet_write,0.01881224592216313,group01_experiment01_subject_08,4.0,False,291.0,6.464689320330973e-05,,18.81224592216313
group01_experiment01_subject_08_repeat4,aggregated_parquet_read_and_preprocessing,0.019321470987051725,group01_experiment01_subject_08,4.0,False,291.0,6.639680751564167e-05,,19.321470987051725
group01_experiment01_subject_08_repeat4,clip_vitl14_embeddings,11.914451033109799,group01_experiment01_subject_08,4.0,False,291.0,0.04094313069797182,,11914.451033109799
group01_experiment01_subject_08_repeat4,clip_feature_store_write_and_read,0.020070283906534314,group01_experiment01_subject_08,4.0,False,291.0,6.897004778877771e-05,,20.070283906534314
group01_experiment01_subject_08_repeat4,temporal_window_construction,0.25356737500987947,group01_experiment01_subject_08,4.0,False,291.0,0.0008713655498621287,,253.56737500987947
group01_experiment01_subject_08_repeat4,fairness_model_prediction,0.2906805241946131,group01_experiment01_subject_08,4.0,False,291.0,0.0009989021449986705,,290.6805241946131
group01_experiment01_subject_08_repeat4,end_to_end_unknown_data,14.090534331044182,group01_experiment01_subject_08,4.0,False,291.0,0.04842108017540956,,14090.534331044182
group01_experiment01_subject_08_repeat4,cold_start_plus_end_to_end,22.186078862054273,group01_experiment01_subject_08,4.0,False,291.0,0.07624082083180163,,22186.078862054273
group01_experiment01_subject_10_repeat4,raw_csv_load,0.3297754218801856,group01_experiment01_subject_10,4.0,False,291.0,0.0011332488724405004,,329.7754218801856
group01_experiment01_subject_10_repeat4,image_path_resolution,0.2660977009218186,group01_experiment01_subject_10,4.0,False,291.0,0.0009144250890784145,,266.0977009218186
group01_experiment01_subject_10_repeat4,temporal_sensor_image_alignment,1.0198832980822772,group01_experiment01_subject_10,4.0,False,291.0,0.0035047536016573097,,1019.8832980822772
group01_experiment01_subject_10_repeat4,aggregated_parquet_write,0.01881919801235199,group01_experiment01_subject_10,4.0,False,291.0,6.467078354760134e-05,,18.81919801235199
group01_experiment01_subject_10_repeat4,aggregated_parquet_read_and_preprocessing,0.019162465119734406,group01_experiment01_subject_10,4.0,False,291.0,6.585039560046188e-05,,19.162465119734406
group01_experiment01_subject_10_repeat4,clip_vitl14_embeddings,10.341566103044897,group01_experiment01_subject_10,4.0,False,291.0,0.03553802784551511,,10341.566103044897
group01_experiment01_subject_10_repeat4,clip_feature_store_write_and_read,0.02071471489034593,group01_experiment01_subject_10,4.0,False,291.0,7.118458725204787e-05,,20.71471489034593
group01_experiment01_subject_10_repeat4,temporal_window_construction,0.25801647105254233,group01_experiment01_subject_10,4.0,False,291.0,0.0008866545396994582,,258.01647105254233
group01_experiment01_subject_10_repeat4,fairness_model_prediction,0.2981029248330742,group01_experiment01_subject_10,4.0,False,291.0,0.0010244086764023168,,298.1029248330742
group01_experiment01_subject_10_repeat4,end_to_end_unknown_data,12.573406438110396,group01_experiment01_subject_10,4.0,False,291.0,0.04320758226154775,,12573.406438110396
group01_experiment01_subject_10_repeat4,cold_start_plus_end_to_end,20.668950969120488,group01_experiment01_subject_10,4.0,False,291.0,0.07102732291793983,,20668.950969120488
group01_experiment01_subject_15_repeat4,raw_csv_load,0.3112264771480113,group01_experiment01_subject_15,4.0,False,291.0,0.001069506794323063,,311.2264771480113
group01_experiment01_subject_15_repeat4,image_path_resolution,0.22390056401491165,group01_experiment01_subject_15,4.0,False,291.0,0.0007694177457557101,,223.90056401491165
group01_experiment01_subject_15_repeat4,temporal_sensor_image_alignment,1.1515993520151824,group01_experiment01_subject_15,4.0,False,291.0,0.003957386089399252,,1151.5993520151824
group01_experiment01_subject_15_repeat4,aggregated_parquet_write,0.01944624283351004,group01_experiment01_subject_15,4.0,False,291.0,6.682557674745719e-05,,19.44624283351004
group01_experiment01_subject_15_repeat4,aggregated_parquet_read_and_preprocessing,0.019972126930952072,group01_experiment01_subject_15,4.0,False,291.0,6.863273859433702e-05,,19.972126930952072
group01_experiment01_subject_15_repeat4,clip_vitl14_embeddings,13.979779342189431,group01_experiment01_subject_15,4.0,False,291.0,0.048040478839138936,,13979.779342189431
group01_experiment01_subject_15_repeat4,clip_feature_store_write_and_read,0.021099518984556198,group01_experiment01_subject_15,4.0,False,291.0,7.250693809125841e-05,,21.099518984556198
group01_experiment01_subject_15_repeat4,temporal_window_construction,0.25626046513207257,group01_experiment01_subject_15,4.0,False,291.0,0.0008806201550930329,,256.26046513207257
group01_experiment01_subject_15_repeat4,fairness_model_prediction,0.29431940615177155,group01_experiment01_subject_15,4.0,False,291.0,0.001011406893992342,,294.31940615177155
group01_experiment01_subject_15_repeat4,end_to_end_unknown_data,16.278878124896437,group01_experiment01_subject_15,4.0,False,291.0,0.05594116194122487,,16278.878124896437
group01_experiment01_subject_15_repeat4,cold_start_plus_end_to_end,24.37442265590653,group01_experiment01_subject_15,4.0,False,291.0,0.08376090259761694,,24374.42265590653
group01_experiment01_subject_18_repeat4,raw_csv_load,0.30804203008301556,group01_experiment01_subject_18,4.0,False,291.0,0.001058563677261222,,308.04203008301556
group01_experiment01_subject_18_repeat4,image_path_resolution,0.23945710202679038,group01_experiment01_subject_18,4.0,False,291.0,0.0008228766392673209,,239.45710202679038
group01_experiment01_subject_18_repeat4,temporal_sensor_image_alignment,1.1113316090777516,group01_experiment01_subject_18,4.0,False,291.0,0.0038190089659029267,,1111.3316090777516
group01_experiment01_subject_18_repeat4,aggregated_parquet_write,0.019817080814391375,group01_experiment01_subject_18,4.0,False,291.0,6.809993407007346e-05,,19.817080814391375
group01_experiment01_subject_18_repeat4,aggregated_parquet_read_and_preprocessing,0.019314398989081383,group01_experiment01_subject_18,4.0,False,291.0,6.637250511711816e-05,,19.314398989081383
group01_experiment01_subject_18_repeat4,clip_vitl14_embeddings,12.907580367056653,group01_experiment01_subject_18,4.0,False,291.0,0.0443559462785452,,12907.580367056653
group01_experiment01_subject_18_repeat4,clip_feature_store_write_and_read,0.019889250164851546,group01_experiment01_subject_18,4.0,False,291.0,6.834793871083006e-05,,19.889250164851546
group01_experiment01_subject_18_repeat4,temporal_window_construction,0.25677502900362015,group01_experiment01_subject_18,4.0,False,291.0,0.0008823884158200005,,256.77502900362015
group01_experiment01_subject_18_repeat4,fairness_model_prediction,0.29179807798936963,group01_experiment01_subject_18,4.0,False,291.0,0.0010027425360459438,,291.79807798936963
group01_experiment01_subject_18_repeat4,end_to_end_unknown_data,15.17532463488169,group01_experiment01_subject_18,4.0,False,291.0,0.052148881906809934,,15175.32463488169
group01_experiment01_subject_18_repeat4,cold_start_plus_end_to_end,23.27086916589178,group01_experiment01_subject_18,4.0,False,291.0,0.079968622563202,,23270.86916589178
group01_experiment02_subject_08_repeat4,raw_csv_load,0.2940318149048835,group01_experiment02_subject_08,4.0,False,291.0,0.0010104186079205619,,294.0318149048835
group01_experiment02_subject_08_repeat4,image_path_resolution,0.28515290189534426,group01_experiment02_subject_08,4.0,False,291.0,0.0009799068793654442,,285.15290189534426
group01_experiment02_subject_08_repeat4,temporal_sensor_image_alignment,1.1006097469944507,group01_experiment02_subject_08,4.0,False,291.0,0.003782164079018731,,1100.6097469944507
group01_experiment02_subject_08_repeat4,aggregated_parquet_write,0.018748773960396647,group01_experiment02_subject_08,4.0,False,291.0,6.442877649620841e-05,,18.748773960396647
group01_experiment02_subject_08_repeat4,aggregated_parquet_read_and_preprocessing,0.019254517974331975,group01_experiment02_subject_08,4.0,False,291.0,6.61667284341305e-05,,19.254517974331975
group01_experiment02_subject_08_repeat4,clip_vitl14_embeddings,13.077204092871398,group01_experiment02_subject_08,4.0,False,291.0,0.04493884567997044,,13077.204092871398
group01_experiment02_subject_08_repeat4,clip_feature_store_write_and_read,0.020887790014967322,group01_experiment02_subject_08,4.0,False,291.0,7.17793471304719e-05,,20.887790014967322
group01_experiment02_subject_08_repeat4,temporal_window_construction,0.255911952117458,group01_experiment02_subject_08,4.0,False,291.0,0.0008794225158675532,,255.911952117458
group01_experiment02_subject_08_repeat4,fairness_model_prediction,0.2989989588968456,group01_experiment02_subject_08,4.0,False,291.0,0.0010274878312606377,,298.9989588968456
group01_experiment02_subject_08_repeat4,end_to_end_unknown_data,15.372185476822779,group01_experiment02_subject_08,4.0,False,291.0,0.052825379645439104,,15372.185476822779
group01_experiment02_subject_08_repeat4,cold_start_plus_end_to_end,23.46773000783287,group01_experiment02_subject_08,4.0,False,291.0,0.08064512030183117,,23467.73000783287
group01_experiment02_subject_10_repeat4,raw_csv_load,0.3031339750159532,group01_experiment02_subject_10,4.0,False,291.0,0.0010416975086458872,,303.1339750159532
group01_experiment02_subject_10_repeat4,image_path_resolution,0.20591211505234241,group01_experiment02_subject_10,4.0,False,291.0,0.000707601769939321,,205.91211505234241
group01_experiment02_subject_10_repeat4,temporal_sensor_image_alignment,1.0625050850212574,group01_experiment02_subject_10,4.0,False,291.0,0.003651220223440747,,1062.5050850212574
group01_experiment02_subject_10_repeat4,aggregated_parquet_write,0.0193927139043808,group01_experiment02_subject_10,4.0,False,291.0,6.664162853739105e-05,,19.3927139043808
group01_experiment02_subject_10_repeat4,aggregated_parquet_read_and_preprocessing,0.01849561301060021,group01_experiment02_subject_10,4.0,False,291.0,6.355880759656429e-05,,18.49561301060021
group01_experiment02_subject_10_repeat4,clip_vitl14_embeddings,14.018674795981497,group01_experiment02_subject_10,4.0,False,291.0,0.04817414019237628,,14018.674795981497
group01_experiment02_subject_10_repeat4,clip_feature_store_write_and_read,0.019694780930876732,group01_experiment02_subject_10,4.0,False,291.0,6.767965955627743e-05,,19.694780930876732
group01_experiment02_subject_10_repeat4,temporal_window_construction,0.2543161220382899,group01_experiment02_subject_10,4.0,False,291.0,0.0008739385637054636,,254.3161220382899
group01_experiment02_subject_10_repeat4,fairness_model_prediction,0.29636266198940575,group01_experiment02_subject_10,4.0,False,291.0,0.001018428391716171,,296.36266198940575
group01_experiment02_subject_10_repeat4,end_to_end_unknown_data,16.199548818171024,group01_experiment02_subject_10,4.0,False,291.0,0.05566855263976297,,16199.548818171024
group01_experiment02_subject_10_repeat4,cold_start_plus_end_to_end,24.295093349181116,group01_experiment02_subject_10,4.0,False,291.0,0.08348829329615504,,24295.093349181116
group01_experiment02_subject_15_repeat4,raw_csv_load,0.31893516913987696,group01_experiment02_subject_15,4.0,False,291.0,0.0010959971448105737,,318.93516913987696
group01_experiment02_subject_15_repeat4,image_path_resolution,0.31483243801631033,group01_experiment02_subject_15,4.0,False,291.0,0.0010818984124271833,,314.83243801631033
group01_experiment02_subject_15_repeat4,temporal_sensor_image_alignment,1.147963799070567,group01_experiment02_subject_15,4.0,False,291.0,0.003944892780311226,,1147.963799070567
group01_experiment02_subject_15_repeat4,aggregated_parquet_write,0.15248426492325962,group01_experiment02_subject_15,4.0,False,291.0,0.0005240009103892083,,152.48426492325962
group01_experiment02_subject_15_repeat4,aggregated_parquet_read_and_preprocessing,0.019582642940804362,group01_experiment02_subject_15,4.0,False,291.0,6.729430563850296e-05,,19.582642940804362
group01_experiment02_subject_15_repeat4,clip_vitl14_embeddings,14.639017618028447,group01_experiment02_subject_15,4.0,False,291.0,0.05030590246745171,,14639.017618028447
group01_experiment02_subject_15_repeat4,clip_feature_store_write_and_read,0.02092269598506391,group01_experiment02_subject_15,4.0,False,291.0,7.18992989177454e-05,,20.92269598506391
group01_experiment02_subject_15_repeat4,temporal_window_construction,0.2539996840059757,group01_experiment02_subject_15,4.0,False,291.0,0.0008728511477868582,,253.99968400597572
group01_experiment02_subject_15_repeat4,fairness_model_prediction,0.29860065691173077,group01_experiment02_subject_15,4.0,False,291.0,0.0010261190959166006,,298.60065691173077
group01_experiment02_subject_15_repeat4,end_to_end_unknown_data,17.167599461972713,group01_experiment02_subject_15,4.0,False,291.0,0.05899518715454541,,17167.599461972713
group01_experiment02_subject_15_repeat4,cold_start_plus_end_to_end,25.263143992982805,group01_experiment02_subject_15,4.0,False,291.0,0.08681492781093747,,25263.143992982805
group01_experiment02_subject_18_repeat4,raw_csv_load,0.32168452511541545,group01_experiment02_subject_18,4.0,False,291.0,0.0011054451034894002,,321.68452511541545
group01_experiment02_subject_18_repeat4,image_path_resolution,0.23540477291680872,group01_experiment02_subject_18,4.0,False,291.0,0.0008089511096797551,,235.40477291680872
group01_experiment02_subject_18_repeat4,temporal_sensor_image_alignment,1.1054365879390389,group01_experiment02_subject_18,4.0,False,291.0,0.003798751161302539,,1105.4365879390389
group01_experiment02_subject_18_repeat4,aggregated_parquet_write,0.023172906832769513,group01_experiment02_subject_18,4.0,False,291.0,7.963198224319421e-05,,23.172906832769513
group01_experiment02_subject_18_repeat4,aggregated_parquet_read_and_preprocessing,0.024100054055452347,group01_experiment02_subject_18,4.0,False,291.0,8.281805517337576e-05,,24.100054055452347
group01_experiment02_subject_18_repeat4,clip_vitl14_embeddings,16.35570218297653,group01_experiment02_subject_18,4.0,False,291.0,0.056205162140812816,,16355.702182976529
group01_experiment02_subject_18_repeat4,clip_feature_store_write_and_read,0.022361591225489974,group01_experiment02_subject_18,4.0,False,291.0,7.684395610134012e-05,,22.361591225489974
group01_experiment02_subject_18_repeat4,temporal_window_construction,0.25525179016403854,group01_experiment02_subject_18,4.0,False,291.0,0.0008771539180894795,,255.25179016403854
group01_experiment02_subject_18_repeat4,fairness_model_prediction,0.29316837317310274,group01_experiment02_subject_18,4.0,False,291.0,0.0010074514542031021,,293.16837317310274
group01_experiment02_subject_18_repeat4,end_to_end_unknown_data,18.637597288005054,group01_experiment02_subject_18,4.0,False,291.0,0.06404672607561875,,18637.597288005054
group01_experiment02_subject_18_repeat4,cold_start_plus_end_to_end,26.733141819015145,group01_experiment02_subject_18,4.0,False,291.0,0.0918664667320108,,26733.141819015145
group01_experiment03_subject_08_repeat4,raw_csv_load,0.33698287094011903,group01_experiment03_subject_08,4.0,False,290.0,0.0011620098997935139,,336.982870940119
group01_experiment03_subject_08_repeat4,image_path_resolution,0.2984589079860598,group01_experiment03_subject_08,4.0,False,290.0,0.0010291686482277924,,298.4589079860598
group01_experiment03_subject_08_repeat4,temporal_sensor_image_alignment,1.194695295067504,group01_experiment03_subject_08,4.0,False,290.0,0.004119638948508635,,1194.695295067504
group01_experiment03_subject_08_repeat4,aggregated_parquet_write,0.019912439864128828,group01_experiment03_subject_08,4.0,False,290.0,6.866358573837527e-05,,19.912439864128828
group01_experiment03_subject_08_repeat4,aggregated_parquet_read_and_preprocessing,0.01988433813676238,group01_experiment03_subject_08,4.0,False,290.0,6.85666832302151e-05,,19.88433813676238
group01_experiment03_subject_08_repeat4,clip_vitl14_embeddings,15.403681815834716,group01_experiment03_subject_08,4.0,False,290.0,0.0531161441925335,,15403.681815834716
group01_experiment03_subject_08_repeat4,clip_feature_store_write_and_read,0.02966858702711761,group01_experiment03_subject_08,4.0,False,290.0,0.0001023054725073021,,29.66858702711761
group01_experiment03_subject_08_repeat4,temporal_window_construction,0.2618711469694972,group01_experiment03_subject_08,4.0,False,290.0,0.0009030039550672318,,261.8711469694972
group01_experiment03_subject_08_repeat4,fairness_model_prediction,0.29360833298414946,group01_experiment03_subject_08,4.0,False,290.0,0.0010124425275315498,,293.60833298414946
group01_experiment03_subject_08_repeat4,end_to_end_unknown_data,17.860083329025656,group01_experiment03_subject_08,4.0,False,290.0,0.061586494238019505,,17860.083329025656
group01_experiment03_subject_08_repeat4,cold_start_plus_end_to_end,25.955627860035747,group01_experiment03_subject_08,4.0,False,290.0,0.08950216503460602,,25955.627860035747
group01_experiment03_subject_10_repeat4,raw_csv_load,0.3272038009017706,group01_experiment03_subject_10,4.0,False,291.0,0.0011244116869476653,,327.2038009017706
group01_experiment03_subject_10_repeat4,image_path_resolution,0.3642689168918878,group01_experiment03_subject_10,4.0,False,291.0,0.001251783219559752,,364.2689168918878
group01_experiment03_subject_10_repeat4,temporal_sensor_image_alignment,1.2433609480503947,group01_experiment03_subject_10,4.0,False,291.0,0.004272718034537439,,1243.3609480503947
group01_experiment03_subject_10_repeat4,aggregated_parquet_write,0.01997091108933091,group01_experiment03_subject_10,4.0,False,291.0,6.862856044443612e-05,,19.97091108933091
group01_experiment03_subject_10_repeat4,aggregated_parquet_read_and_preprocessing,0.020551969995722175,group01_experiment03_subject_10,4.0,False,291.0,7.062532644578067e-05,,20.551969995722175
group01_experiment03_subject_10_repeat4,clip_vitl14_embeddings,15.5213381589856,group01_experiment03_subject_10,4.0,False,291.0,0.05333793181781993,,15521.3381589856
group01_experiment03_subject_10_repeat4,clip_feature_store_write_and_read,0.02015351504087448,group01_experiment03_subject_10,4.0,False,291.0,6.925606543255835e-05,,20.15351504087448
group01_experiment03_subject_10_repeat4,temporal_window_construction,0.2577460198663175,group01_experiment03_subject_10,4.0,False,291.0,0.0008857251541797852,,257.7460198663175
group01_experiment03_subject_10_repeat4,fairness_model_prediction,0.2932516150176525,group01_experiment03_subject_10,4.0,False,291.0,0.001007737508651727,,293.2516150176525
group01_experiment03_subject_10_repeat4,end_to_end_unknown_data,18.069130420219153,group01_experiment03_subject_10,4.0,False,291.0,0.0620932316846019,,18069.130420219153
group01_experiment03_subject_10_repeat4,cold_start_plus_end_to_end,26.164674951229244,group01_experiment03_subject_10,4.0,False,291.0,0.08991297234099396,,26164.674951229244
group01_experiment03_subject_15_repeat4,raw_csv_load,0.3231777378823608,group01_experiment03_subject_15,4.0,False,290.0,0.0011144059926977959,,323.1777378823608
group01_experiment03_subject_15_repeat4,image_path_resolution,0.2354747869540006,group01_experiment03_subject_15,4.0,False,290.0,0.0008119820239793124,,235.4747869540006
group01_experiment03_subject_15_repeat4,temporal_sensor_image_alignment,1.230105617083609,group01_experiment03_subject_15,4.0,False,290.0,0.004241743507184859,,1230.105617083609
group01_experiment03_subject_15_repeat4,aggregated_parquet_write,0.020708585157990456,group01_experiment03_subject_15,4.0,False,290.0,7.140891433789812e-05,,20.708585157990456
group01_experiment03_subject_15_repeat4,aggregated_parquet_read_and_preprocessing,0.019912482937797904,group01_experiment03_subject_15,4.0,False,290.0,6.866373426826864e-05,,19.912482937797904
group01_experiment03_subject_15_repeat4,clip_vitl14_embeddings,13.483777937944978,group01_experiment03_subject_15,4.0,False,290.0,0.04649578599291372,,13483.777937944978
group01_experiment03_subject_15_repeat4,clip_feature_store_write_and_read,0.022254774114117026,group01_experiment03_subject_15,4.0,False,290.0,7.674060039350699e-05,,22.254774114117026
group01_experiment03_subject_15_repeat4,temporal_window_construction,0.2584879908245057,group01_experiment03_subject_15,4.0,False,290.0,0.0008913378993948472,,258.4879908245057
group01_experiment03_subject_15_repeat4,fairness_model_prediction,0.30371702602133155,group01_experiment03_subject_15,4.0,False,290.0,0.0010473000897287296,,303.71702602133155
group01_experiment03_subject_15_repeat4,end_to_end_unknown_data,15.89875595108606,group01_experiment03_subject_15,4.0,False,290.0,0.05482329638305538,,15898.75595108606
group01_experiment03_subject_15_repeat4,cold_start_plus_end_to_end,23.99430048209615,group01_experiment03_subject_15,4.0,False,290.0,0.0827389671796419,,23994.30048209615
group01_experiment03_subject_18_repeat4,raw_csv_load,0.2944660768844187,group01_experiment03_subject_18,4.0,False,290.0,0.0010154002651186853,,294.4660768844187
group01_experiment03_subject_18_repeat4,image_path_resolution,0.2938064599875361,group01_experiment03_subject_18,4.0,False,290.0,0.0010131257240949519,,293.8064599875361
group01_experiment03_subject_18_repeat4,temporal_sensor_image_alignment,1.214618447003886,group01_experiment03_subject_18,4.0,False,290.0,0.004188339472427194,,1214.618447003886
group01_experiment03_subject_18_repeat4,aggregated_parquet_write,0.02101820893585682,group01_experiment03_subject_18,4.0,False,290.0,7.24765825374373e-05,,21.01820893585682
group01_experiment03_subject_18_repeat4,aggregated_parquet_read_and_preprocessing,0.02099051303230226,group01_experiment03_subject_18,4.0,False,290.0,7.238107942173194e-05,,20.99051303230226
group01_experiment03_subject_18_repeat4,clip_vitl14_embeddings,12.317562459036708,group01_experiment03_subject_18,4.0,False,290.0,0.04247435330702313,,12317.562459036708
group01_experiment03_subject_18_repeat4,clip_feature_store_write_and_read,0.020157234044745564,group01_experiment03_subject_18,4.0,False,290.0,6.950770360257091e-05,,20.157234044745564
group01_experiment03_subject_18_repeat4,temporal_window_construction,0.25746236206032336,group01_experiment03_subject_18,4.0,False,290.0,0.0008878012484838737,,257.46236206032336
group01_experiment03_subject_18_repeat4,fairness_model_prediction,0.29338947404175997,group01_experiment03_subject_18,4.0,False,290.0,0.0010116878415233103,,293.38947404175997
group01_experiment03_subject_18_repeat4,end_to_end_unknown_data,14.734763325890526,group01_experiment03_subject_18,4.0,False,290.0,0.050809528709967335,,14734.763325890526
group01_experiment03_subject_18_repeat4,cold_start_plus_end_to_end,22.830307856900617,group01_experiment03_subject_18,4.0,False,290.0,0.07872519950655385,,22830.307856900617
group01_experiment04_subject_08_repeat4,raw_csv_load,0.24524768884293735,group01_experiment04_subject_08,4.0,False,234.0,0.001048067046337339,,245.24768884293735
group01_experiment04_subject_08_repeat4,image_path_resolution,0.31158083118498325,group01_experiment04_subject_08,4.0,False,234.0,0.0013315420136110396,,311.58083118498325
group01_experiment04_subject_08_repeat4,temporal_sensor_image_alignment,0.9959811260923743,group01_experiment04_subject_08,4.0,False,234.0,0.0042563295986853605,,995.9811260923743
group01_experiment04_subject_08_repeat4,aggregated_parquet_write,0.019959127996116877,group01_experiment04_subject_08,4.0,False,234.0,8.529541878682426e-05,,19.959127996116877
group01_experiment04_subject_08_repeat4,aggregated_parquet_read_and_preprocessing,0.018844163045287132,group01_experiment04_subject_08,4.0,False,234.0,8.053061130464586e-05,,18.844163045287132
group01_experiment04_subject_08_repeat4,clip_vitl14_embeddings,8.51399549888447,group01_experiment04_subject_08,4.0,False,234.0,0.03638459614907893,,8513.99549888447
group01_experiment04_subject_08_repeat4,clip_feature_store_write_and_read,0.020294946152716875,group01_experiment04_subject_08,4.0,False,234.0,8.673053911417468e-05,,20.294946152716875
group01_experiment04_subject_08_repeat4,temporal_window_construction,0.20837197289802134,group01_experiment04_subject_08,4.0,False,234.0,0.0008904785166582109,,208.37197289802134
group01_experiment04_subject_08_repeat4,fairness_model_prediction,0.2360519350040704,group01_experiment04_subject_08,4.0,False,234.0,0.0010087689530088478,,236.0519350040704
group01_experiment04_subject_08_repeat4,end_to_end_unknown_data,10.571641108952463,group01_experiment04_subject_08,4.0,False,234.0,0.045177953457061805,,10571.641108952463
group01_experiment04_subject_08_repeat4,cold_start_plus_end_to_end,18.667185639962554,group01_experiment04_subject_08,4.0,False,234.0,0.07977429760667758,,18667.185639962554
group01_experiment04_subject_10_repeat4,raw_csv_load,0.2864375039935112,group01_experiment04_subject_10,4.0,False,291.0,0.0009843213195653306,,286.4375039935112
group01_experiment04_subject_10_repeat4,image_path_resolution,0.24076613783836365,group01_experiment04_subject_10,4.0,False,291.0,0.0008273750441180882,,240.76613783836365
group01_experiment04_subject_10_repeat4,temporal_sensor_image_alignment,1.2513691631611437,group01_experiment04_subject_10,4.0,False,291.0,0.004300237674093277,,1251.3691631611437
group01_experiment04_subject_10_repeat4,aggregated_parquet_write,0.020528696943074465,group01_experiment04_subject_10,4.0,False,291.0,7.054535031984352e-05,,20.528696943074465
group01_experiment04_subject_10_repeat4,aggregated_parquet_read_and_preprocessing,0.020484474953263998,group01_experiment04_subject_10,4.0,False,291.0,7.039338471912026e-05,,20.484474953263998
group01_experiment04_subject_10_repeat4,clip_vitl14_embeddings,10.516432617092505,group01_experiment04_subject_10,4.0,False,291.0,0.03613894370134881,,10516.432617092505
group01_experiment04_subject_10_repeat4,clip_feature_store_write_and_read,0.019263106863945723,group01_experiment04_subject_10,4.0,False,291.0,6.619624351871382e-05,,19.263106863945723
group01_experiment04_subject_10_repeat4,temporal_window_construction,0.257064406061545,group01_experiment04_subject_10,4.0,False,291.0,0.0008833828386994675,,257.064406061545
group01_experiment04_subject_10_repeat4,fairness_model_prediction,0.30325566604733467,group01_experiment04_subject_10,4.0,False,291.0,0.0010421156908843115,,303.25566604733467
group01_experiment04_subject_10_repeat4,end_to_end_unknown_data,12.916938903043047,group01_experiment04_subject_10,4.0,False,291.0,0.044388106196024214,,12916.938903043047
group01_experiment04_subject_10_repeat4,cold_start_plus_end_to_end,21.012483434053138,group01_experiment04_subject_10,4.0,False,291.0,0.07220784685241628,,21012.483434053138
group01_experiment04_subject_15_repeat4,raw_csv_load,0.32700518192723393,group01_experiment04_subject_15,4.0,False,290.0,0.0011276040756111516,,327.00518192723393
group01_experiment04_subject_15_repeat4,image_path_resolution,0.2871490749530494,group01_experiment04_subject_15,4.0,False,290.0,0.0009901692239760325,,287.1490749530494
group01_experiment04_subject_15_repeat4,temporal_sensor_image_alignment,1.2533906060270965,group01_experiment04_subject_15,4.0,False,290.0,0.00432203657250723,,1253.3906060270965
group01_experiment04_subject_15_repeat4,aggregated_parquet_write,0.020082147093489766,group01_experiment04_subject_15,4.0,False,290.0,6.92487830809992e-05,,20.082147093489766
group01_experiment04_subject_15_repeat4,aggregated_parquet_read_and_preprocessing,0.02126163593493402,group01_experiment04_subject_15,4.0,False,290.0,7.33159859825311e-05,,21.26163593493402
group01_experiment04_subject_15_repeat4,clip_vitl14_embeddings,10.808047930942848,group01_experiment04_subject_15,4.0,False,290.0,0.037269130796354646,,10808.047930942848
group01_experiment04_subject_15_repeat4,clip_feature_store_write_and_read,0.02182545606046915,group01_experiment04_subject_15,4.0,False,290.0,7.526019331196258e-05,,21.82545606046915
group01_experiment04_subject_15_repeat4,temporal_window_construction,0.26309369085356593,group01_experiment04_subject_15,4.0,False,290.0,0.000907219623632986,,263.09369085356593
group01_experiment04_subject_15_repeat4,fairness_model_prediction,0.29558971407823265,group01_experiment04_subject_15,4.0,False,290.0,0.0010192748761318367,,295.58971407823265
group01_experiment04_subject_15_repeat4,end_to_end_unknown_data,13.298836109926924,group01_experiment04_subject_15,4.0,False,290.0,0.045858055551472154,,13298.836109926924
group01_experiment04_subject_15_repeat4,cold_start_plus_end_to_end,21.394380640937015,group01_experiment04_subject_15,4.0,False,290.0,0.07377372634805868,,21394.380640937015
group01_experiment04_subject_18_repeat4,raw_csv_load,0.33893352490849793,group01_experiment04_subject_18,4.0,False,230.0,0.0014736240213412953,,338.93352490849793
group01_experiment04_subject_18_repeat4,image_path_resolution,0.27929273690097034,group01_experiment04_subject_18,4.0,False,230.0,0.0012143162473955231,,279.29273690097034
group01_experiment04_subject_18_repeat4,temporal_sensor_image_alignment,0.9941379220690578,group01_experiment04_subject_18,4.0,False,230.0,0.004322338791604599,,994.1379220690578
group01_experiment04_subject_18_repeat4,aggregated_parquet_write,0.020194220123812556,group01_experiment04_subject_18,4.0,False,230.0,8.780095706005459e-05,,20.194220123812556
group01_experiment04_subject_18_repeat4,aggregated_parquet_read_and_preprocessing,0.026479020016267896,group01_experiment04_subject_18,4.0,False,230.0,0.00011512617398377346,,26.479020016267896
group01_experiment04_subject_18_repeat4,clip_vitl14_embeddings,7.810821580002084,group01_experiment04_subject_18,4.0,False,230.0,0.03396009382609602,,7810.821580002084
group01_experiment04_subject_18_repeat4,clip_feature_store_write_and_read,0.0202152319252491,group01_experiment04_subject_18,4.0,False,230.0,8.789231271847434e-05,,20.2152319252491
group01_experiment04_subject_18_repeat4,temporal_window_construction,0.2100776471197605,group01_experiment04_subject_18,4.0,False,230.0,0.0009133810744337414,,210.0776471197605
group01_experiment04_subject_18_repeat4,fairness_model_prediction,0.238871204899624,group01_experiment04_subject_18,4.0,False,230.0,0.0010385704560853218,,238.871204899624
group01_experiment04_subject_18_repeat4,end_to_end_unknown_data,9.940439090831205,group01_experiment04_subject_18,4.0,False,230.0,0.04321930039491828,,9940.439090831205
group01_experiment04_subject_18_repeat4,cold_start_plus_end_to_end,18.035983621841297,group01_experiment04_subject_18,4.0,False,230.0,0.07841732009496216,,18035.983621841297
group01_experiment06_subject_08_repeat4,raw_csv_load,0.292377064935863,group01_experiment06_subject_08,4.0,False,291.0,0.0010047321819101822,,292.377064935863
group01_experiment06_subject_08_repeat4,image_path_resolution,0.2339305051136762,group01_experiment06_subject_08,4.0,False,291.0,0.0008038848972978563,,233.9305051136762
group01_experiment06_subject_08_repeat4,temporal_sensor_image_alignment,1.077644967008382,group01_experiment06_subject_08,4.0,False,291.0,0.0037032473093071548,,1077.644967008382
group01_experiment06_subject_08_repeat4,aggregated_parquet_write,0.01830249698832631,group01_experiment06_subject_08,4.0,False,291.0,6.289517865404231e-05,,18.30249698832631
group01_experiment06_subject_08_repeat4,aggregated_parquet_read_and_preprocessing,0.021887616021558642,group01_experiment06_subject_08,4.0,False,291.0,7.521517533181664e-05,,21.887616021558642
group01_experiment06_subject_08_repeat4,clip_vitl14_embeddings,11.656198957003653,group01_experiment06_subject_08,4.0,False,291.0,0.040055666518912895,,11656.198957003653
group01_experiment06_subject_08_repeat4,clip_feature_store_write_and_read,0.019829374039545655,group01_experiment06_subject_08,4.0,False,291.0,6.814217883005379e-05,,19.829374039545655
group01_experiment06_subject_08_repeat4,temporal_window_construction,0.2574062270577997,group01_experiment06_subject_08,4.0,False,291.0,0.0008845574812982808,,257.4062270577997
group01_experiment06_subject_08_repeat4,fairness_model_prediction,0.2976760610472411,group01_experiment06_subject_08,4.0,False,291.0,0.0010229417905403475,,297.6760610472411
group01_experiment06_subject_08_repeat4,end_to_end_unknown_data,13.876655738102272,group01_experiment06_subject_08,4.0,False,291.0,0.04768610219279131,,13876.655738102272
group01_experiment06_subject_08_repeat4,cold_start_plus_end_to_end,21.972200269112363,group01_experiment06_subject_08,4.0,False,291.0,0.07550584284918338,,21972.200269112363
group01_experiment06_subject_10_repeat4,raw_csv_load,0.30218523903749883,group01_experiment06_subject_10,4.0,False,291.0,0.0010384372475515423,,302.18523903749883
group01_experiment06_subject_10_repeat4,image_path_resolution,0.19614165695384145,group01_experiment06_subject_10,4.0,False,291.0,0.0006740263125561562,,196.14165695384145
group01_experiment06_subject_10_repeat4,temporal_sensor_image_alignment,1.0470291951205581,group01_experiment06_subject_10,4.0,False,291.0,0.0035980384712046673,,1047.0291951205581
group01_experiment06_subject_10_repeat4,aggregated_parquet_write,0.01902716001495719,group01_experiment06_subject_10,4.0,False,291.0,6.538542960466388e-05,,19.02716001495719
group01_experiment06_subject_10_repeat4,aggregated_parquet_read_and_preprocessing,0.018935729982331395,group01_experiment06_subject_10,4.0,False,291.0,6.507123705268521e-05,,18.935729982331395
group01_experiment06_subject_10_repeat4,clip_vitl14_embeddings,10.766633237013593,group01_experiment06_subject_10,4.0,False,291.0,0.03699873964609482,,10766.633237013593
group01_experiment06_subject_10_repeat4,clip_feature_store_write_and_read,0.019577190978452563,group01_experiment06_subject_10,4.0,False,291.0,6.727557037268922e-05,,19.577190978452563
group01_experiment06_subject_10_repeat4,temporal_window_construction,0.25536878500133753,group01_experiment06_subject_10,4.0,False,291.0,0.000877555962203909,,255.36878500133753
group01_experiment06_subject_10_repeat4,fairness_model_prediction,0.2999633578583598,group01_experiment06_subject_10,4.0,False,291.0,0.0010308019170390372,,299.9633578583598
group01_experiment06_subject_10_repeat4,end_to_end_unknown_data,12.925943121081218,group01_experiment06_subject_10,4.0,False,291.0,0.044419048526052295,,12925.943121081218
group01_experiment06_subject_10_repeat4,cold_start_plus_end_to_end,21.02148765209131,group01_experiment06_subject_10,4.0,False,291.0,0.07223878918244436,,21021.48765209131
group01_experiment06_subject_15_repeat4,raw_csv_load,0.3183797940146178,group01_experiment06_subject_15,4.0,False,291.0,0.0010940886392254907,,318.3797940146178
group01_experiment06_subject_15_repeat4,image_path_resolution,0.22978182090446353,group01_experiment06_subject_15,4.0,False,291.0,0.0007896282505308025,,229.78182090446353
group01_experiment06_subject_15_repeat4,temporal_sensor_image_alignment,1.0831050958950073,group01_experiment06_subject_15,4.0,False,291.0,0.003722010638814458,,1083.1050958950073
group01_experiment06_subject_15_repeat4,aggregated_parquet_write,0.018604316050186753,group01_experiment06_subject_15,4.0,False,291.0,6.393235756077923e-05,,18.604316050186753
group01_experiment06_subject_15_repeat4,aggregated_parquet_read_and_preprocessing,0.021611656993627548,group01_experiment06_subject_15,4.0,False,291.0,7.426686252105687e-05,,21.611656993627548
group01_experiment06_subject_15_repeat4,clip_vitl14_embeddings,12.522305658087134,group01_experiment06_subject_15,4.0,False,291.0,0.043031978206485,,12522.305658087134
group01_experiment06_subject_15_repeat4,clip_feature_store_write_and_read,0.027069777017459273,group01_experiment06_subject_15,4.0,False,291.0,9.302328871979131e-05,,27.069777017459273
group01_experiment06_subject_15_repeat4,temporal_window_construction,0.2586966392118484,group01_experiment06_subject_15,4.0,False,291.0,0.0008889918873259394,,258.6966392118484
group01_experiment06_subject_15_repeat4,fairness_model_prediction,0.28952439688146114,group01_experiment06_subject_15,4.0,False,291.0,0.0009949291989053647,,289.52439688146114
group01_experiment06_subject_15_repeat4,end_to_end_unknown_data,14.770215077092871,group01_experiment06_subject_15,4.0,False,291.0,0.05075675284224354,,14770.215077092871
group01_experiment06_subject_15_repeat4,cold_start_plus_end_to_end,22.865759608102962,group01_experiment06_subject_15,4.0,False,291.0,0.07857649349863562,,22865.759608102962
group01_experiment06_subject_18_repeat4,raw_csv_load,0.34487713500857353,group01_experiment06_subject_18,4.0,False,291.0,0.0011851447938438953,,344.87713500857353
group01_experiment06_subject_18_repeat4,image_path_resolution,0.19672951917164028,group01_experiment06_subject_18,4.0,False,291.0,0.0006760464576345027,,196.72951917164028
group01_experiment06_subject_18_repeat4,temporal_sensor_image_alignment,1.0606968491338193,group01_experiment06_subject_18,4.0,False,291.0,0.0036450063544117505,,1060.6968491338193
group01_experiment06_subject_18_repeat4,aggregated_parquet_write,0.018985098926350474,group01_experiment06_subject_18,4.0,False,291.0,6.524088978127311e-05,,18.985098926350474
group01_experiment06_subject_18_repeat4,aggregated_parquet_read_and_preprocessing,0.01922520692460239,group01_experiment06_subject_18,4.0,False,291.0,6.60660031773278e-05,,19.22520692460239
group01_experiment06_subject_18_repeat4,clip_vitl14_embeddings,11.804475639015436,group01_experiment06_subject_18,4.0,False,291.0,0.04056520838149635,,11804.475639015436
group01_experiment06_subject_18_repeat4,clip_feature_store_write_and_read,0.019772128900513053,group01_experiment06_subject_18,4.0,False,291.0,6.794546013922012e-05,,19.772128900513053
group01_experiment06_subject_18_repeat4,temporal_window_construction,0.2550529988948256,group01_experiment06_subject_18,4.0,False,291.0,0.0008764707865801567,,255.05299889482558
group01_experiment06_subject_18_repeat4,fairness_model_prediction,0.2955621008295566,group01_experiment06_subject_18,4.0,False,291.0,0.0010156773224383388,,295.5621008295566
group01_experiment06_subject_18_repeat4,end_to_end_unknown_data,14.016447516158223,group01_experiment06_subject_18,4.0,False,291.0,0.04816648630982207,,14016.447516158223
group01_experiment06_subject_18_repeat4,cold_start_plus_end_to_end,22.111992047168314,group01_experiment06_subject_18,4.0,False,291.0,0.07598622696621414,,22111.992047168314
group01_experiment07_subject_08_repeat4,raw_csv_load,0.2904583071358502,group01_experiment07_subject_08,4.0,False,291.0,0.0009981385124943306,,290.4583071358502
group01_experiment07_subject_08_repeat4,image_path_resolution,0.20436404808424413,group01_experiment07_subject_08,4.0,False,291.0,0.000702281952179533,,204.36404808424413
group01_experiment07_subject_08_repeat4,temporal_sensor_image_alignment,1.0942389310803264,group01_experiment07_subject_08,4.0,False,291.0,0.003760271240825864,,1094.2389310803264
group01_experiment07_subject_08_repeat4,aggregated_parquet_write,0.019654118921607733,group01_experiment07_subject_08,4.0,False,291.0,6.753992756566232e-05,,19.654118921607733
group01_experiment07_subject_08_repeat4,aggregated_parquet_read_and_preprocessing,0.01850111596286297,group01_experiment07_subject_08,4.0,False,291.0,6.357771808543975e-05,,18.50111596286297
group01_experiment07_subject_08_repeat4,clip_vitl14_embeddings,11.825192970922217,group01_experiment07_subject_08,4.0,False,291.0,0.040636401961932016,,11825.192970922217
group01_experiment07_subject_08_repeat4,clip_feature_store_write_and_read,0.019616485107690096,group01_experiment07_subject_08,4.0,False,291.0,6.74106017446395e-05,,19.616485107690096
group01_experiment07_subject_08_repeat4,temporal_window_construction,0.2577409320510924,group01_experiment07_subject_08,4.0,False,291.0,0.000885707670278668,,257.7409320510924
group01_experiment07_subject_08_repeat4,fairness_model_prediction,0.30207880795933306,group01_experiment07_subject_08,4.0,False,291.0,0.0010380715050148902,,302.07880795933306
group01_experiment07_subject_08_repeat4,end_to_end_unknown_data,14.03292225394398,group01_experiment07_subject_08,4.0,False,291.0,0.04822310052901711,,14032.92225394398
group01_experiment07_subject_08_repeat4,cold_start_plus_end_to_end,22.12846678495407,group01_experiment07_subject_08,4.0,False,291.0,0.07604284118540917,,22128.46678495407
group01_experiment07_subject_10_repeat4,raw_csv_load,0.28861859790049493,group01_experiment07_subject_10,4.0,False,291.0,0.0009918164876305667,,288.61859790049493
group01_experiment07_subject_10_repeat4,image_path_resolution,0.20638695894740522,group01_experiment07_subject_10,4.0,False,291.0,0.0007092335359017362,,206.38695894740522
group01_experiment07_subject_10_repeat4,temporal_sensor_image_alignment,1.083490091841668,group01_experiment07_subject_10,4.0,False,291.0,0.0037233336489404397,,1083.490091841668
group01_experiment07_subject_10_repeat4,aggregated_parquet_write,0.01882588886655867,group01_experiment07_subject_10,4.0,False,291.0,6.469377617374114e-05,,18.82588886655867
group01_experiment07_subject_10_repeat4,aggregated_parquet_read_and_preprocessing,0.019112732028588653,group01_experiment07_subject_10,4.0,False,291.0,6.567949150717751e-05,,19.112732028588653
group01_experiment07_subject_10_repeat4,clip_vitl14_embeddings,10.917281448841095,group01_experiment07_subject_10,4.0,False,291.0,0.03751643109567387,,10917.281448841095
group01_experiment07_subject_10_repeat4,clip_feature_store_write_and_read,0.01994402497075498,group01_experiment07_subject_10,4.0,False,291.0,6.853616828438138e-05,,19.94402497075498
group01_experiment07_subject_10_repeat4,temporal_window_construction,0.26389886904507875,group01_experiment07_subject_10,4.0,False,291.0,0.0009068689657906486,,263.89886904507875
group01_experiment07_subject_10_repeat4,fairness_model_prediction,0.28859140700660646,group01_experiment07_subject_10,4.0,False,291.0,0.0009917230481326683,,288.59140700660646
group01_experiment07_subject_10_repeat4,end_to_end_unknown_data,13.107254876988009,group01_experiment07_subject_10,4.0,False,291.0,0.045042112979340236,,13107.254876988009
group01_experiment07_subject_10_repeat4,cold_start_plus_end_to_end,21.2027994079981,group01_experiment07_subject_10,4.0,False,291.0,0.0728618536357323,,21202.7994079981
group01_experiment07_subject_18_repeat4,raw_csv_load,0.29529057908803225,group01_experiment07_subject_18,4.0,False,291.0,0.001014744258034475,,295.29057908803225
group01_experiment07_subject_18_repeat4,image_path_resolution,0.20198503602296114,group01_experiment07_subject_18,4.0,False,291.0,0.0006941066529998664,,201.98503602296114
group01_experiment07_subject_18_repeat4,temporal_sensor_image_alignment,1.0807712359819561,group01_experiment07_subject_18,4.0,False,291.0,0.0037139905016562065,,1080.7712359819561
group01_experiment07_subject_18_repeat4,aggregated_parquet_write,0.019593684934079647,group01_experiment07_subject_18,4.0,False,291.0,6.73322506325761e-05,,19.593684934079647
group01_experiment07_subject_18_repeat4,aggregated_parquet_read_and_preprocessing,0.018993044970557094,group01_experiment07_subject_18,4.0,False,291.0,6.526819577511029e-05,,18.993044970557094
group01_experiment07_subject_18_repeat4,clip_vitl14_embeddings,11.765584513079375,group01_experiment07_subject_18,4.0,False,291.0,0.040431561900616406,,11765.584513079375
group01_experiment07_subject_18_repeat4,clip_feature_store_write_and_read,0.02291692583821714,group01_experiment07_subject_18,4.0,False,291.0,7.875232246810014e-05,,22.91692583821714
group01_experiment07_subject_18_repeat4,temporal_window_construction,0.2665768910665065,group01_experiment07_subject_18,4.0,False,291.0,0.0009160717906065515,,266.5768910665065
group01_experiment07_subject_18_repeat4,fairness_model_prediction,0.2948092760052532,group01_experiment07_subject_18,4.0,False,291.0,0.0010130902955506982,,294.8092760052532
group01_experiment07_subject_18_repeat4,end_to_end_unknown_data,13.967583142919466,group01_experiment07_subject_18,4.0,False,291.0,0.047998567501441464,,13967.583142919466
group01_experiment07_subject_18_repeat4,cold_start_plus_end_to_end,22.063127673929557,group01_experiment07_subject_18,4.0,False,291.0,0.07581830815783352,,22063.127673929557
group01_experiment08_subject_18_repeat4,raw_csv_load,0.29915584600530565,group01_experiment08_subject_18,4.0,False,291.0,0.0010280269622175453,,299.15584600530565
group01_experiment08_subject_18_repeat4,image_path_resolution,0.2483383531216532,group01_experiment08_subject_18,4.0,False,291.0,0.0008533964024799079,,248.3383531216532
group01_experiment08_subject_18_repeat4,temporal_sensor_image_alignment,1.080921686021611,group01_experiment08_subject_18,4.0,False,291.0,0.0037145075121017565,,1080.921686021611
group01_experiment08_subject_18_repeat4,aggregated_parquet_write,0.019191121915355325,group01_experiment08_subject_18,4.0,False,291.0,6.594887256135851e-05,,19.191121915355325
group01_experiment08_subject_18_repeat4,aggregated_parquet_read_and_preprocessing,0.01950856507755816,group01_experiment08_subject_18,4.0,False,291.0,6.703974253456413e-05,,19.50856507755816
group01_experiment08_subject_18_repeat4,clip_vitl14_embeddings,9.91104009700939,group01_experiment08_subject_18,4.0,False,291.0,0.03405855703439653,,9911.04009700939
group01_experiment08_subject_18_repeat4,clip_feature_store_write_and_read,0.019238957902416587,group01_experiment08_subject_18,4.0,False,291.0,6.611325739662057e-05,,19.238957902416587
group01_experiment08_subject_18_repeat4,temporal_window_construction,0.25411790795624256,group01_experiment08_subject_18,4.0,False,291.0,0.000873257415657191,,254.11790795624256
group01_experiment08_subject_18_repeat4,fairness_model_prediction,0.2956530589144677,group01_experiment08_subject_18,4.0,False,291.0,0.0010159898931768648,,295.6530589144677
group01_experiment08_subject_18_repeat4,end_to_end_unknown_data,12.148487289901823,group01_experiment08_subject_18,4.0,False,291.0,0.04174737900309905,,12148.487289901823
group01_experiment08_subject_18_repeat4,cold_start_plus_end_to_end,20.244031820911914,group01_experiment08_subject_18,4.0,False,291.0,0.06956711965949111,,20244.031820911914
group02_experiment01_subject_07_repeat4,raw_csv_load,0.29014786309562624,group02_experiment01_subject_07,4.0,False,290.0,0.0010005098727435388,,290.14786309562624
group02_experiment01_subject_07_repeat4,image_path_resolution,0.23340418795123696,group02_experiment01_subject_07,4.0,False,290.0,0.0008048420274180584,,233.40418795123696
group02_experiment01_subject_07_repeat4,temporal_sensor_image_alignment,1.114346310030669,group02_experiment01_subject_07,4.0,False,290.0,0.003842573482864376,,1114.346310030669
group02_experiment01_subject_07_repeat4,aggregated_parquet_write,0.022927226033061743,group02_experiment01_subject_07,4.0,False,290.0,7.9059400114006e-05,,22.927226033061743
group02_experiment01_subject_07_repeat4,aggregated_parquet_read_and_preprocessing,0.0244228420779109,group02_experiment01_subject_07,4.0,False,290.0,8.421669682038241e-05,,24.4228420779109
group02_experiment01_subject_07_repeat4,clip_vitl14_embeddings,10.670024295104668,group02_experiment01_subject_07,4.0,False,290.0,0.036793187224498855,,10670.024295104668
group02_experiment01_subject_07_repeat4,clip_feature_store_write_and_read,0.021312031894922256,group02_experiment01_subject_07,4.0,False,290.0,7.348976515490433e-05,,21.312031894922256
group02_experiment01_subject_07_repeat4,temporal_window_construction,0.26286497921682894,group02_experiment01_subject_07,4.0,False,290.0,0.0009064309628166516,,262.86497921682894
group02_experiment01_subject_07_repeat4,fairness_model_prediction,0.28951436490751803,group02_experiment01_subject_07,4.0,False,290.0,0.0009983253962328209,,289.51436490751803
group02_experiment01_subject_07_repeat4,end_to_end_unknown_data,12.93012546398677,group02_experiment01_subject_07,4.0,False,290.0,0.04458663953098886,,12930.12546398677
group02_experiment01_subject_07_repeat4,cold_start_plus_end_to_end,21.02566999499686,group02_experiment01_subject_07,4.0,False,290.0,0.07250231032757538,,21025.66999499686
group02_experiment01_subject_16_repeat4,raw_csv_load,0.3087244969792664,group02_experiment01_subject_16,4.0,False,290.0,0.0010645672309629877,,308.7244969792664
group02_experiment01_subject_16_repeat4,image_path_resolution,0.2115269540809095,group02_experiment01_subject_16,4.0,False,290.0,0.0007294032899341706,,211.5269540809095
group02_experiment01_subject_16_repeat4,temporal_sensor_image_alignment,1.1292428029701114,group02_experiment01_subject_16,4.0,False,290.0,0.003893940699896936,,1129.2428029701114
group02_experiment01_subject_16_repeat4,aggregated_parquet_write,0.018766271183267236,group02_experiment01_subject_16,4.0,False,290.0,6.471127994230081e-05,,18.766271183267236
group02_experiment01_subject_16_repeat4,aggregated_parquet_read_and_preprocessing,0.01908305799588561,group02_experiment01_subject_16,4.0,False,290.0,6.580364826167452e-05,,19.08305799588561
group02_experiment01_subject_16_repeat4,clip_vitl14_embeddings,11.62523876898922,group02_experiment01_subject_16,4.0,False,290.0,0.04008703023789386,,11625.23876898922
group02_experiment01_subject_16_repeat4,clip_feature_store_write_and_read,0.021007674979045987,group02_experiment01_subject_16,4.0,False,290.0,7.244025854843444e-05,,21.007674979045987
group02_experiment01_subject_16_repeat4,temporal_window_construction,0.2582486909814179,group02_experiment01_subject_16,4.0,False,290.0,0.0008905127275221306,,258.2486909814179
group02_experiment01_subject_16_repeat4,fairness_model_prediction,0.2949201478622854,group02_experiment01_subject_16,4.0,False,290.0,0.0010169660271113288,,294.9201478622854
group02_experiment01_subject_16_repeat4,end_to_end_unknown_data,13.88818156090565,group02_experiment01_subject_16,4.0,False,290.0,0.047890281244502245,,13888.18156090565
group02_experiment01_subject_16_repeat4,cold_start_plus_end_to_end,21.98372609191574,group02_experiment01_subject_16,4.0,False,290.0,0.07580595204108877,,21983.72609191574
group02_experiment01_subject_20_repeat4,raw_csv_load,0.3161077781114727,group02_experiment01_subject_20,4.0,False,291.0,0.0010862810244380507,,316.1077781114727
group02_experiment01_subject_20_repeat4,image_path_resolution,0.2909274708945304,group02_experiment01_subject_20,4.0,False,291.0,0.0009997507590877334,,290.9274708945304
group02_experiment01_subject_20_repeat4,temporal_sensor_image_alignment,1.0935649760067463,group02_experiment01_subject_20,4.0,False,291.0,0.0037579552440094375,,1093.5649760067463
group02_experiment01_subject_20_repeat4,aggregated_parquet_write,0.0193295581266284,group02_experiment01_subject_20,4.0,False,291.0,6.642459837329347e-05,,19.3295581266284
group02_experiment01_subject_20_repeat4,aggregated_parquet_read_and_preprocessing,0.019034480908885598,group02_experiment01_subject_20,4.0,False,291.0,6.541058731575806e-05,,19.034480908885598
group02_experiment01_subject_20_repeat4,clip_vitl14_embeddings,10.129293933976442,group02_experiment01_subject_20,4.0,False,291.0,0.034808570219850316,,10129.293933976442
group02_experiment01_subject_20_repeat4,clip_feature_store_write_and_read,0.019297986989840865,group02_experiment01_subject_20,4.0,False,291.0,6.631610649429851e-05,,19.297986989840865
group02_experiment01_subject_20_repeat4,temporal_window_construction,0.254561796085909,group02_experiment01_subject_20,4.0,False,291.0,0.0008747828044189313,,254.561796085909
group02_experiment01_subject_20_repeat4,fairness_model_prediction,0.2969424619805068,group02_experiment01_subject_20,4.0,False,291.0,0.0010204208315481333,,296.9424619805068
group02_experiment01_subject_20_repeat4,end_to_end_unknown_data,12.440111744916067,group02_experiment01_subject_20,4.0,False,291.0,0.04274952489661878,,12440.111744916067
group02_experiment01_subject_20_repeat4,cold_start_plus_end_to_end,20.535656275926158,group02_experiment01_subject_20,4.0,False,291.0,0.07056926555301085,,20535.656275926158
group02_experiment02_subject_07_repeat4,raw_csv_load,0.3056833439040929,group02_experiment02_subject_07,4.0,False,291.0,0.0010504582264745461,,305.6833439040929
group02_experiment02_subject_07_repeat4,image_path_resolution,0.22874240507371724,group02_experiment02_subject_07,4.0,False,291.0,0.0007860563748237706,,228.74240507371724
group02_experiment02_subject_07_repeat4,temporal_sensor_image_alignment,1.0980280379299074,group02_experiment02_subject_07,4.0,False,291.0,0.0037732922265632557,,1098.0280379299074
group02_experiment02_subject_07_repeat4,aggregated_parquet_write,0.018995825899764895,group02_experiment02_subject_07,4.0,False,291.0,6.527775223286906e-05,,18.995825899764895
group02_experiment02_subject_07_repeat4,aggregated_parquet_read_and_preprocessing,0.019229458877816796,group02_experiment02_subject_07,4.0,False,291.0,6.608061470040136e-05,,19.229458877816796
group02_experiment02_subject_07_repeat4,clip_vitl14_embeddings,12.936045399168506,group02_experiment02_subject_07,4.0,False,291.0,0.04445376425831102,,12936.045399168506
group02_experiment02_subject_07_repeat4,clip_feature_store_write_and_read,0.019830468110740185,group02_experiment02_subject_07,4.0,False,291.0,6.814593852488036e-05,,19.830468110740185
group02_experiment02_subject_07_repeat4,temporal_window_construction,0.25585768511518836,group02_experiment02_subject_07,4.0,False,291.0,0.0008792360313236713,,255.85768511518836
group02_experiment02_subject_07_repeat4,fairness_model_prediction,0.2916057938709855,group02_experiment02_subject_07,4.0,False,291.0,0.0010020817658796754,,291.6057938709855
group02_experiment02_subject_07_repeat4,end_to_end_unknown_data,15.17542395601049,group02_experiment02_subject_07,4.0,False,291.0,0.0521492232165309,,15175.42395601049
group02_experiment02_subject_07_repeat4,cold_start_plus_end_to_end,23.270968487020582,group02_experiment02_subject_07,4.0,False,291.0,0.07996896387292296,,23270.968487020582
group02_experiment02_subject_16_repeat4,raw_csv_load,0.29400377604179084,group02_experiment02_subject_16,4.0,False,289.0,0.0010173141039508335,,294.00377604179084
group02_experiment02_subject_16_repeat4,image_path_resolution,0.20839521591551602,group02_experiment02_subject_16,4.0,False,289.0,0.000721090712510436,,208.39521591551602
group02_experiment02_subject_16_repeat4,temporal_sensor_image_alignment,1.1265477121341974,group02_experiment02_subject_16,4.0,False,289.0,0.003898088969322482,,1126.5477121341974
group02_experiment02_subject_16_repeat4,aggregated_parquet_write,0.01997338398359716,group02_experiment02_subject_16,4.0,False,289.0,6.911205530656457e-05,,19.97338398359716
group02_experiment02_subject_16_repeat4,aggregated_parquet_read_and_preprocessing,0.019871465861797333,group02_experiment02_subject_16,4.0,False,289.0,6.875939744566551e-05,,19.871465861797333
group02_experiment02_subject_16_repeat4,clip_vitl14_embeddings,12.795920982025564,group02_experiment02_subject_16,4.0,False,289.0,0.04427654319039987,,12795.920982025564
group02_experiment02_subject_16_repeat4,clip_feature_store_write_and_read,0.02032768912613392,group02_experiment02_subject_16,4.0,False,289.0,7.033802465790284e-05,,20.32768912613392
group02_experiment02_subject_16_repeat4,temporal_window_construction,0.25827343692071736,group02_experiment02_subject_16,4.0,False,289.0,0.0008936797125284338,,258.27343692071736
group02_experiment02_subject_16_repeat4,fairness_model_prediction,0.2956618410535157,group02_experiment02_subject_16,4.0,False,289.0,0.0010230513531263518,,295.6618410535157
group02_experiment02_subject_16_repeat4,end_to_end_unknown_data,15.040410693967715,group02_experiment02_subject_16,4.0,False,289.0,0.05204294357774296,,15040.410693967715
group02_experiment02_subject_16_repeat4,cold_start_plus_end_to_end,23.135955224977806,group02_experiment02_subject_16,4.0,False,289.0,0.08005520839092667,,23135.955224977806
group02_experiment02_subject_20_repeat4,raw_csv_load,0.32553921989165246,group02_experiment02_subject_20,4.0,False,290.0,0.0011225490341091465,,325.53921989165246
group02_experiment02_subject_20_repeat4,image_path_resolution,0.2816667119041085,group02_experiment02_subject_20,4.0,False,290.0,0.0009712645238072708,,281.6667119041085
group02_experiment02_subject_20_repeat4,temporal_sensor_image_alignment,1.130688709905371,group02_experiment02_subject_20,4.0,False,290.0,0.0038989265858805897,,1130.688709905371
group02_experiment02_subject_20_repeat4,aggregated_parquet_write,0.02134604612365365,group02_experiment02_subject_20,4.0,False,290.0,7.360705559880569e-05,,21.34604612365365
group02_experiment02_subject_20_repeat4,aggregated_parquet_read_and_preprocessing,0.019814766012132168,group02_experiment02_subject_20,4.0,False,290.0,6.832677935217989e-05,,19.814766012132168
group02_experiment02_subject_20_repeat4,clip_vitl14_embeddings,12.78853571601212,group02_experiment02_subject_20,4.0,False,290.0,0.04409839902073145,,12788.53571601212
group02_experiment02_subject_20_repeat4,clip_feature_store_write_and_read,0.020514283096417785,group02_experiment02_subject_20,4.0,False,290.0,7.073890722902685e-05,,20.514283096417785
group02_experiment02_subject_20_repeat4,temporal_window_construction,0.2560753251891583,group02_experiment02_subject_20,4.0,False,290.0,0.0008830183627212356,,256.0753251891583
group02_experiment02_subject_20_repeat4,fairness_model_prediction,0.29612256004475057,group02_experiment02_subject_20,4.0,False,290.0,0.0010211122760163812,,296.12256004475057
group02_experiment02_subject_20_repeat4,end_to_end_unknown_data,15.141433061100543,group02_experiment02_subject_20,4.0,False,290.0,0.05221183814172601,,15141.433061100543
group02_experiment02_subject_20_repeat4,cold_start_plus_end_to_end,23.236977592110634,group02_experiment02_subject_20,4.0,False,290.0,0.08012750893831252,,23236.977592110634
group02_experiment03_subject_07_repeat4,raw_csv_load,0.31081663607619703,group02_experiment03_subject_07,4.0,False,291.0,0.0010680984057601273,,310.816636076197
group02_experiment03_subject_07_repeat4,image_path_resolution,0.218317013932392,group02_experiment03_subject_07,4.0,False,291.0,0.0007502302884274639,,218.317013932392
group02_experiment03_subject_07_repeat4,temporal_sensor_image_alignment,1.0697207860648632,group02_experiment03_subject_07,4.0,False,291.0,0.0036760164469582927,,1069.7207860648632
group02_experiment03_subject_07_repeat4,aggregated_parquet_write,0.01940073212608695,group02_experiment03_subject_07,4.0,False,291.0,6.666918256387268e-05,,19.40073212608695
group02_experiment03_subject_07_repeat4,aggregated_parquet_read_and_preprocessing,0.018924469826743007,group02_experiment03_subject_07,4.0,False,291.0,6.503254235994161e-05,,18.924469826743007
group02_experiment03_subject_07_repeat4,clip_vitl14_embeddings,13.037363898009062,group02_experiment03_subject_07,4.0,False,291.0,0.04480193779384557,,13037.363898009062
group02_experiment03_subject_07_repeat4,clip_feature_store_write_and_read,0.01991123892366886,group02_experiment03_subject_07,4.0,False,291.0,6.842350145590674e-05,,19.91123892366886
group02_experiment03_subject_07_repeat4,temporal_window_construction,0.25688595208339393,group02_experiment03_subject_07,4.0,False,291.0,0.0008827695947882953,,256.88595208339393
group02_experiment03_subject_07_repeat4,fairness_model_prediction,0.2981364750303328,group02_experiment03_subject_07,4.0,False,291.0,0.0010245239691764013,,298.1364750303328
group02_experiment03_subject_07_repeat4,end_to_end_unknown_data,15.250573753844947,group02_experiment03_subject_07,4.0,False,291.0,0.05240746994448435,,15250.573753844947
group02_experiment03_subject_07_repeat4,cold_start_plus_end_to_end,23.346118284855038,group02_experiment03_subject_07,4.0,False,291.0,0.08022721060087643,,23346.118284855038
group02_experiment03_subject_10_repeat4,raw_csv_load,0.2931644229684025,group02_experiment03_subject_10,4.0,False,291.0,0.0010074378796165035,,293.1644229684025
group02_experiment03_subject_10_repeat4,image_path_resolution,0.20803548395633698,group02_experiment03_subject_10,4.0,False,291.0,0.0007148985702966907,,208.03548395633698
group02_experiment03_subject_10_repeat4,temporal_sensor_image_alignment,1.1092256370466202,group02_experiment03_subject_10,4.0,False,291.0,0.0038117719486138154,,1109.2256370466202
group02_experiment03_subject_10_repeat4,aggregated_parquet_write,0.019297375110909343,group02_experiment03_subject_10,4.0,False,291.0,6.631400381755789e-05,,19.297375110909343
group02_experiment03_subject_10_repeat4,aggregated_parquet_read_and_preprocessing,0.01874587289057672,group02_experiment03_subject_10,4.0,False,291.0,6.441880718411244e-05,,18.74587289057672
group02_experiment03_subject_10_repeat4,clip_vitl14_embeddings,12.953214280074462,group02_experiment03_subject_10,4.0,False,291.0,0.04451276384905314,,12953.214280074462
group02_experiment03_subject_10_repeat4,clip_feature_store_write_and_read,0.02069058595225215,group02_experiment03_subject_10,4.0,False,291.0,7.110166993901082e-05,,20.69058595225215
group02_experiment03_subject_10_repeat4,temporal_window_construction,0.2613377049565315,group02_experiment03_subject_10,4.0,False,291.0,0.0008980677146272561,,261.3377049565315
group02_experiment03_subject_10_repeat4,fairness_model_prediction,0.3036879990249872,group02_experiment03_subject_10,4.0,False,291.0,0.0010436013712198874,,303.6879990249872
group02_experiment03_subject_10_repeat4,end_to_end_unknown_data,15.188805584097281,group02_experiment03_subject_10,4.0,False,291.0,0.052195208192774165,,15188.805584097281
group02_experiment03_subject_10_repeat4,cold_start_plus_end_to_end,23.284350115107372,group02_experiment03_subject_10,4.0,False,291.0,0.08001494884916623,,23284.350115107372
group02_experiment03_subject_16_repeat4,raw_csv_load,0.29922826308757067,group02_experiment03_subject_16,4.0,False,290.0,0.001031821596853692,,299.22826308757067
group02_experiment03_subject_16_repeat4,image_path_resolution,0.2080418379046023,group02_experiment03_subject_16,4.0,False,290.0,0.0007173856479469044,,208.0418379046023
group02_experiment03_subject_16_repeat4,temporal_sensor_image_alignment,1.109789317008108,group02_experiment03_subject_16,4.0,False,290.0,0.003826859713821062,,1109.789317008108
group02_experiment03_subject_16_repeat4,aggregated_parquet_write,0.01950530195608735,group02_experiment03_subject_16,4.0,False,290.0,6.725966191754259e-05,,19.50530195608735
group02_experiment03_subject_16_repeat4,aggregated_parquet_read_and_preprocessing,0.01923197112046182,group02_experiment03_subject_16,4.0,False,290.0,6.631714179469593e-05,,19.23197112046182
group02_experiment03_subject_16_repeat4,clip_vitl14_embeddings,13.331386835081503,group02_experiment03_subject_16,4.0,False,290.0,0.045970299431315524,,13331.386835081503
group02_experiment03_subject_16_repeat4,clip_feature_store_write_and_read,0.020181608851999044,group02_experiment03_subject_16,4.0,False,290.0,6.959175466206567e-05,,20.181608851999044
group02_experiment03_subject_16_repeat4,temporal_window_construction,0.2519638941157609,group02_experiment03_subject_16,4.0,False,290.0,0.000868841014192279,,251.96389411576092
group02_experiment03_subject_16_repeat4,fairness_model_prediction,0.2974698799662292,group02_experiment03_subject_16,4.0,False,290.0,0.0010257582067801007,,297.4698799662292
group02_experiment03_subject_16_repeat4,end_to_end_unknown_data,15.557847690070048,group02_experiment03_subject_16,4.0,False,290.0,0.05364775065541396,,15557.847690070048
group02_experiment03_subject_16_repeat4,cold_start_plus_end_to_end,23.65339222108014,group02_experiment03_subject_16,4.0,False,290.0,0.08156342145200048,,23653.39222108014
group02_experiment03_subject_20_repeat4,raw_csv_load,0.3104305290617049,group02_experiment03_subject_20,4.0,True,,,No rows remain after DIPSER sensor cleaning.,310.4305290617049
group02_experiment03_subject_20_repeat4,image_path_resolution,0.19235289399512112,group02_experiment03_subject_20,4.0,True,,,No rows remain after DIPSER sensor cleaning.,192.35289399512112
group02_experiment03_subject_20_repeat4,temporal_sensor_image_alignment,1.0696039889007807,group02_experiment03_subject_20,4.0,True,,,No rows remain after DIPSER sensor cleaning.,1069.6039889007807
group02_experiment03_subject_20_repeat4,aggregated_parquet_write,0.01965529704466462,group02_experiment03_subject_20,4.0,True,,,No rows remain after DIPSER sensor cleaning.,19.65529704466462
group02_experiment03_subject_20_repeat4,aggregated_parquet_read_and_preprocessing,0.017214646097272635,group02_experiment03_subject_20,4.0,True,,,No rows remain after DIPSER sensor cleaning.,17.214646097272635
group02_experiment04_subject_07_repeat4,raw_csv_load,0.2917469497770071,group02_experiment04_subject_07,4.0,False,289.0,0.0010095050165294364,,291.7469497770071
group02_experiment04_subject_07_repeat4,image_path_resolution,0.22549575404264033,group02_experiment04_subject_07,4.0,False,289.0,0.0007802621247150185,,225.49575404264033
group02_experiment04_subject_07_repeat4,temporal_sensor_image_alignment,1.0977583369240165,group02_experiment04_subject_07,4.0,False,289.0,0.0037984717540623407,,1097.7583369240165
group02_experiment04_subject_07_repeat4,aggregated_parquet_write,0.019159131916239858,group02_experiment04_subject_07,4.0,False,289.0,6.629457410463619e-05,,19.159131916239858
group02_experiment04_subject_07_repeat4,aggregated_parquet_read_and_preprocessing,0.018511675065383315,group02_experiment04_subject_07,4.0,False,289.0,6.405423898056511e-05,,18.511675065383315
group02_experiment04_subject_07_repeat4,clip_vitl14_embeddings,13.795658410992473,group02_experiment04_subject_07,4.0,False,289.0,0.04773584225256911,,13795.658410992473
group02_experiment04_subject_07_repeat4,clip_feature_store_write_and_read,0.020594022935256362,group02_experiment04_subject_07,4.0,False,289.0,7.125959493168291e-05,,20.594022935256362
group02_experiment04_subject_07_repeat4,temporal_window_construction,0.25380743318237364,group02_experiment04_subject_07,4.0,False,289.0,0.0008782264123957565,,253.80743318237364
group02_experiment04_subject_07_repeat4,fairness_model_prediction,0.2962284400127828,group02_experiment04_subject_07,4.0,False,289.0,0.001025011903158418,,296.2284400127828
group02_experiment04_subject_07_repeat4,end_to_end_unknown_data,16.020071845036,group02_experiment04_subject_07,4.0,False,289.0,0.055432774550297575,,16020.071845036
group02_experiment04_subject_07_repeat4,cold_start_plus_end_to_end,24.11561637604609,group02_experiment04_subject_07,4.0,False,289.0,0.08344503936348129,,24115.61637604609
group02_experiment04_subject_10_repeat4,raw_csv_load,0.28427844191901386,group02_experiment04_subject_10,4.0,False,291.0,0.0009769018622646523,,284.27844191901386
group02_experiment04_subject_10_repeat4,image_path_resolution,0.30148857389576733,group02_experiment04_subject_10,4.0,False,291.0,0.0010360432092638052,,301.48857389576733
group02_experiment04_subject_10_repeat4,temporal_sensor_image_alignment,1.048867292003706,group02_experiment04_subject_10,4.0,False,291.0,0.0036043549553391964,,1048.867292003706
group02_experiment04_subject_10_repeat4,aggregated_parquet_write,0.01934648002497852,group02_experiment04_subject_10,4.0,False,291.0,6.64827492267303e-05,,19.34648002497852
group02_experiment04_subject_10_repeat4,aggregated_parquet_read_and_preprocessing,0.01844632695429027,group02_experiment04_subject_10,4.0,False,291.0,6.338943970546485e-05,,18.44632695429027
group02_experiment04_subject_10_repeat4,clip_vitl14_embeddings,12.508327058982104,group02_experiment04_subject_10,4.0,False,291.0,0.042983941783443655,,12508.327058982104
group02_experiment04_subject_10_repeat4,clip_feature_store_write_and_read,0.019640885991975665,group02_experiment04_subject_10,4.0,False,291.0,6.749445358067239e-05,,19.640885991975665
group02_experiment04_subject_10_repeat4,temporal_window_construction,0.2600809761788696,group02_experiment04_subject_10,4.0,False,291.0,0.0008937490590339162,,260.0809761788696
group02_experiment04_subject_10_repeat4,fairness_model_prediction,0.294470472028479,group02_experiment04_subject_10,4.0,False,291.0,0.0010119260207164225,,294.470472028479
group02_experiment04_subject_10_repeat4,end_to_end_unknown_data,14.75597194605507,group02_experiment04_subject_10,4.0,False,291.0,0.05070780737475969,,14755.97194605507
group02_experiment04_subject_10_repeat4,cold_start_plus_end_to_end,22.85151647706516,group02_experiment04_subject_10,4.0,False,291.0,0.07852754803115175,,22851.51647706516
group02_experiment04_subject_16_repeat4,raw_csv_load,0.31935059116221964,group02_experiment04_subject_16,4.0,False,291.0,0.001097424711897662,,319.35059116221964
group02_experiment04_subject_16_repeat4,image_path_resolution,0.20396985905244946,group02_experiment04_subject_16,4.0,False,291.0,0.0007009273506957027,,203.96985905244946
group02_experiment04_subject_16_repeat4,temporal_sensor_image_alignment,1.1108135299291462,group02_experiment04_subject_16,4.0,False,291.0,0.0038172286251860693,,1110.8135299291462
group02_experiment04_subject_16_repeat4,aggregated_parquet_write,0.01941783190704882,group02_experiment04_subject_16,4.0,False,291.0,6.672794469776228e-05,,19.41783190704882
group02_experiment04_subject_16_repeat4,aggregated_parquet_read_and_preprocessing,0.018910642014816403,group02_experiment04_subject_16,4.0,False,291.0,6.49850241058983e-05,,18.910642014816403
group02_experiment04_subject_16_repeat4,clip_vitl14_embeddings,12.957095784135163,group02_experiment04_subject_16,4.0,False,291.0,0.044526102350979944,,12957.095784135163
group02_experiment04_subject_16_repeat4,clip_feature_store_write_and_read,0.020186670124530792,group02_experiment04_subject_16,4.0,False,291.0,6.937000042794087e-05,,20.186670124530792
group02_experiment04_subject_16_repeat4,temporal_window_construction,0.2579074869863689,group02_experiment04_subject_16,4.0,False,291.0,0.0008862800240081406,,257.9074869863689
group02_experiment04_subject_16_repeat4,fairness_model_prediction,0.29674172797240317,group02_experiment04_subject_16,4.0,False,291.0,0.0010197310239601484,,296.74172797240317
group02_experiment04_subject_16_repeat4,end_to_end_unknown_data,15.20550557016395,group02_experiment04_subject_16,4.0,False,291.0,0.0522525964610445,,15205.50557016395
group02_experiment04_subject_16_repeat4,cold_start_plus_end_to_end,23.30105010117404,group02_experiment04_subject_16,4.0,False,291.0,0.08007233711743657,,23301.05010117404
group02_experiment04_subject_20_repeat4,raw_csv_load,0.2816493099089712,group02_experiment04_subject_20,4.0,True,,,No rows remain after DIPSER sensor cleaning.,281.6493099089712
group02_experiment04_subject_20_repeat4,image_path_resolution,0.21753729390911758,group02_experiment04_subject_20,4.0,True,,,No rows remain after DIPSER sensor cleaning.,217.53729390911758
group02_experiment04_subject_20_repeat4,temporal_sensor_image_alignment,1.0506396871060133,group02_experiment04_subject_20,4.0,True,,,No rows remain after DIPSER sensor cleaning.,1050.6396871060133
group02_experiment04_subject_20_repeat4,aggregated_parquet_write,0.01947812200523913,group02_experiment04_subject_20,4.0,True,,,No rows remain after DIPSER sensor cleaning.,19.47812200523913
group02_experiment04_subject_20_repeat4,aggregated_parquet_read_and_preprocessing,0.016673167934641242,group02_experiment04_subject_20,4.0,True,,,No rows remain after DIPSER sensor cleaning.,16.673167934641242
group02_experiment05_subject_16_repeat4,raw_csv_load,0.29481166088953614,group02_experiment05_subject_16,4.0,False,291.0,0.0010130984910293338,,294.81166088953614
group02_experiment05_subject_16_repeat4,image_path_resolution,0.21210340200923383,group02_experiment05_subject_16,4.0,False,291.0,0.0007288776701348242,,212.10340200923383
group02_experiment05_subject_16_repeat4,temporal_sensor_image_alignment,1.1570408740080893,group02_experiment05_subject_16,4.0,False,291.0,0.003976085477691029,,1157.0408740080893
group02_experiment05_subject_16_repeat4,aggregated_parquet_write,0.01969853090122342,group02_experiment05_subject_16,4.0,False,291.0,6.769254605231417e-05,,19.69853090122342
group02_experiment05_subject_16_repeat4,aggregated_parquet_read_and_preprocessing,0.018642758950591087,group02_experiment05_subject_16,4.0,False,291.0,6.406446374773569e-05,,18.642758950591087
group02_experiment05_subject_16_repeat4,clip_vitl14_embeddings,10.739039998035878,group02_experiment05_subject_16,4.0,False,291.0,0.03690391751902364,,10739.039998035878
group02_experiment05_subject_16_repeat4,clip_feature_store_write_and_read,0.021388703025877476,group02_experiment05_subject_16,4.0,False,291.0,7.350069768342775e-05,,21.388703025877476
group02_experiment05_subject_16_repeat4,temporal_window_construction,0.2582568251527846,group02_experiment05_subject_16,4.0,False,291.0,0.0008874804988068199,,258.2568251527846
group02_experiment05_subject_16_repeat4,fairness_model_prediction,0.3027956048026681,group02_experiment05_subject_16,4.0,False,291.0,0.0010405347244077942,,302.7956048026681
group02_experiment05_subject_16_repeat4,end_to_end_unknown_data,13.024899190990254,group02_experiment05_subject_16,4.0,False,291.0,0.0447591037491074,,13024.899190990254
group02_experiment05_subject_16_repeat4,cold_start_plus_end_to_end,21.120443722000346,group02_experiment05_subject_16,4.0,False,291.0,0.07257884440549947,,21120.443722000346
group02_experiment05_subject_20_repeat4,raw_csv_load,0.28729281201958656,group02_experiment05_subject_20,4.0,True,,,No rows remain after DIPSER sensor cleaning.,287.29281201958656
group02_experiment05_subject_20_repeat4,image_path_resolution,0.26547479978762567,group02_experiment05_subject_20,4.0,True,,,No rows remain after DIPSER sensor cleaning.,265.47479978762567
group02_experiment05_subject_20_repeat4,temporal_sensor_image_alignment,1.1205674700904638,group02_experiment05_subject_20,4.0,True,,,No rows remain after DIPSER sensor cleaning.,1120.5674700904638
group02_experiment05_subject_20_repeat4,aggregated_parquet_write,0.01998429000377655,group02_experiment05_subject_20,4.0,True,,,No rows remain after DIPSER sensor cleaning.,19.98429000377655
group02_experiment05_subject_20_repeat4,aggregated_parquet_read_and_preprocessing,0.017746560042724013,group02_experiment05_subject_20,4.0,True,,,No rows remain after DIPSER sensor cleaning.,17.746560042724013
group02_experiment06_subject_10_repeat4,raw_csv_load,0.29664671304635704,group02_experiment06_subject_10,4.0,False,291.0,0.0010194045121867939,,296.64671304635704
group02_experiment06_subject_10_repeat4,image_path_resolution,0.34170828806236386,group02_experiment06_subject_10,4.0,False,291.0,0.0011742552854376764,,341.70828806236386
group02_experiment06_subject_10_repeat4,temporal_sensor_image_alignment,1.0668121119961143,group02_experiment06_subject_10,4.0,False,291.0,0.0036660210034230732,,1066.8121119961143
group02_experiment06_subject_10_repeat4,aggregated_parquet_write,0.018792130053043365,group02_experiment06_subject_10,4.0,False,291.0,6.457776650530366e-05,,18.792130053043365
group02_experiment06_subject_10_repeat4,aggregated_parquet_read_and_preprocessing,0.018485601991415024,group02_experiment06_subject_10,4.0,False,291.0,6.352440546878014e-05,,18.485601991415024
group02_experiment06_subject_10_repeat4,clip_vitl14_embeddings,12.552447428926826,group02_experiment06_subject_10,4.0,False,291.0,0.04313555817500627,,12552.447428926826
group02_experiment06_subject_10_repeat4,clip_feature_store_write_and_read,0.020585421938449144,group02_experiment06_subject_10,4.0,False,291.0,7.074028157542661e-05,,20.585421938449144
group02_experiment06_subject_10_repeat4,temporal_window_construction,0.2586137489415705,group02_experiment06_subject_10,4.0,False,291.0,0.0008887070410363248,,258.6137489415705
group02_experiment06_subject_10_repeat4,fairness_model_prediction,0.2984082249458879,group02_experiment06_subject_10,4.0,False,291.0,0.0010254578176834637,,298.4082249458879
group02_experiment06_subject_10_repeat4,end_to_end_unknown_data,14.87359109101817,group02_experiment06_subject_10,4.0,False,291.0,0.0511119968763511,,14873.59109101817
group02_experiment06_subject_10_repeat4,cold_start_plus_end_to_end,22.96913562202826,group02_experiment06_subject_10,4.0,False,291.0,0.07893173753274317,,22969.13562202826
group02_experiment06_subject_16_repeat4,raw_csv_load,0.28831505705602467,group02_experiment06_subject_16,4.0,False,291.0,0.000990773391945102,,288.31505705602467
group02_experiment06_subject_16_repeat4,image_path_resolution,0.22864748002029955,group02_experiment06_subject_16,4.0,False,291.0,0.0007857301718910638,,228.64748002029955
group02_experiment06_subject_16_repeat4,temporal_sensor_image_alignment,1.0816416151355952,group02_experiment06_subject_16,4.0,False,291.0,0.003716981495311324,,1081.6416151355952
group02_experiment06_subject_16_repeat4,aggregated_parquet_write,0.019245143979787827,group02_experiment06_subject_16,4.0,False,291.0,6.613451539445989e-05,,19.245143979787827
group02_experiment06_subject_16_repeat4,aggregated_parquet_read_and_preprocessing,0.026034753071144223,group02_experiment06_subject_16,4.0,False,291.0,8.946650539912105e-05,,26.034753071144223
group02_experiment06_subject_16_repeat4,clip_vitl14_embeddings,13.050093061989173,group02_experiment06_subject_16,4.0,False,291.0,0.04484568062539235,,13050.093061989173
group02_experiment06_subject_16_repeat4,clip_feature_store_write_and_read,0.019954432966187596,group02_experiment06_subject_16,4.0,False,291.0,6.857193459170995e-05,,19.954432966187596
group02_experiment06_subject_16_repeat4,temporal_window_construction,0.25241103512234986,group02_experiment06_subject_16,4.0,False,291.0,0.0008673918732726799,,252.41103512234986
group02_experiment06_subject_16_repeat4,fairness_model_prediction,0.2907946538180113,group02_experiment06_subject_16,4.0,False,291.0,0.000999294343017221,,290.7946538180113
group02_experiment06_subject_16_repeat4,end_to_end_unknown_data,15.258604145143181,group02_experiment06_subject_16,4.0,False,291.0,0.05243506579087004,,15258.604145143181
group02_experiment06_subject_16_repeat4,cold_start_plus_end_to_end,23.354148676153272,group02_experiment06_subject_16,4.0,False,291.0,0.0802548064472621,,23354.148676153272
group02_experiment06_subject_20_repeat4,raw_csv_load,0.2839747089892626,group02_experiment06_subject_20,4.0,False,291.0,0.0009758581064923113,,283.9747089892626
group02_experiment06_subject_20_repeat4,image_path_resolution,0.20636996580287814,group02_experiment06_subject_20,4.0,False,291.0,0.0007091751402160761,,206.36996580287814
group02_experiment06_subject_20_repeat4,temporal_sensor_image_alignment,1.1284055861178786,group02_experiment06_subject_20,4.0,False,291.0,0.0038776824265219193,,1128.4055861178786
group02_experiment06_subject_20_repeat4,aggregated_parquet_write,0.019705941900610924,group02_experiment06_subject_20,4.0,False,291.0,6.771801340416125e-05,,19.705941900610924
group02_experiment06_subject_20_repeat4,aggregated_parquet_read_and_preprocessing,0.018569793086498976,group02_experiment06_subject_20,4.0,False,291.0,6.381372194673187e-05,,18.569793086498976
group02_experiment06_subject_20_repeat4,clip_vitl14_embeddings,12.841571909142658,group02_experiment06_subject_20,4.0,False,291.0,0.044129113089837316,,12841.571909142658
group02_experiment06_subject_20_repeat4,clip_feature_store_write_and_read,0.021471585845574737,group02_experiment06_subject_20,4.0,False,291.0,7.378551836967264e-05,,21.471585845574737
group02_experiment06_subject_20_repeat4,temporal_window_construction,0.25495984707958996,group02_experiment06_subject_20,4.0,False,291.0,0.00087615067724945,,254.95984707958996
group02_experiment06_subject_20_repeat4,fairness_model_prediction,0.29586697299964726,group02_experiment06_subject_20,4.0,False,291.0,0.0010167249931259355,,295.86697299964726
group02_experiment06_subject_20_repeat4,end_to_end_unknown_data,15.072236275998875,group02_experiment06_subject_20,4.0,False,291.0,0.05179462637800301,,15072.236275998875
group02_experiment06_subject_20_repeat4,cold_start_plus_end_to_end,23.167780807008967,group02_experiment06_subject_20,4.0,False,291.0,0.07961436703439508,,23167.780807008967
group02_experiment07_subject_10_repeat4,raw_csv_load,0.31662324792705476,group02_experiment07_subject_10,4.0,False,291.0,0.0010880523983747587,,316.62324792705476
group02_experiment07_subject_10_repeat4,image_path_resolution,0.19483817415311933,group02_experiment07_subject_10,4.0,False,291.0,0.0006695469902169049,,194.83817415311933
group02_experiment07_subject_10_repeat4,temporal_sensor_image_alignment,1.0972816501744092,group02_experiment07_subject_10,4.0,False,291.0,0.003770727320186973,,1097.2816501744092
group02_experiment07_subject_10_repeat4,aggregated_parquet_write,0.019251859979704022,group02_experiment07_subject_10,4.0,False,291.0,6.615759443197258e-05,,19.251859979704022
group02_experiment07_subject_10_repeat4,aggregated_parquet_read_and_preprocessing,0.018671705853194,group02_experiment07_subject_10,4.0,False,291.0,6.416393763984192e-05,,18.671705853194
group02_experiment07_subject_10_repeat4,clip_vitl14_embeddings,9.35708281910047,group02_experiment07_subject_10,4.0,False,291.0,0.03215492377697756,,9357.08281910047
group02_experiment07_subject_10_repeat4,clip_feature_store_write_and_read,0.02018388593569398,group02_experiment07_subject_10,4.0,False,291.0,6.936043276870783e-05,,20.18388593569398
group02_experiment07_subject_10_repeat4,temporal_window_construction,0.258562128059566,group02_experiment07_subject_10,4.0,False,291.0,0.0008885296496892304,,258.562128059566
group02_experiment07_subject_10_repeat4,fairness_model_prediction,0.29374400386586785,group02_experiment07_subject_10,4.0,False,291.0,0.001009429566549374,,293.74400386586785
group02_experiment07_subject_10_repeat4,end_to_end_unknown_data,11.57753867818974,group02_experiment07_subject_10,4.0,False,291.0,0.03978535628243897,,11577.53867818974
group02_experiment07_subject_10_repeat4,cold_start_plus_end_to_end,19.67308320919983,group02_experiment07_subject_10,4.0,False,291.0,0.06760509693883103,,19673.08320919983
group02_experiment07_subject_16_repeat4,raw_csv_load,0.31420359993353486,group02_experiment07_subject_16,4.0,False,291.0,0.001079737456816271,,314.20359993353486
group02_experiment07_subject_16_repeat4,image_path_resolution,0.29972608503885567,group02_experiment07_subject_16,4.0,False,291.0,0.0010299865465252772,,299.7260850388557
group02_experiment07_subject_16_repeat4,temporal_sensor_image_alignment,1.077470760094002,group02_experiment07_subject_16,4.0,False,291.0,0.003702648660116845,,1077.470760094002
group02_experiment07_subject_16_repeat4,aggregated_parquet_write,0.019036377081647515,group02_experiment07_subject_16,4.0,False,291.0,6.541710337335916e-05,,19.036377081647515
group02_experiment07_subject_16_repeat4,aggregated_parquet_read_and_preprocessing,0.019601050997152925,group02_experiment07_subject_16,4.0,False,291.0,6.73575635640994e-05,,19.601050997152925
group02_experiment07_subject_16_repeat4,clip_vitl14_embeddings,10.372426461894065,group02_experiment07_subject_16,4.0,False,291.0,0.0356440771886394,,10372.426461894065
group02_experiment07_subject_16_repeat4,clip_feature_store_write_and_read,0.020702730165794492,group02_experiment07_subject_16,4.0,False,291.0,7.114340263159619e-05,,20.70273016579449
group02_experiment07_subject_16_repeat4,temporal_window_construction,0.26016487390734255,group02_experiment07_subject_16,4.0,False,291.0,0.000894037367379184,,260.16487390734255
group02_experiment07_subject_16_repeat4,fairness_model_prediction,0.2981805009767413,group02_experiment07_subject_16,4.0,False,291.0,0.0010246752610884582,,298.1805009767413
group02_experiment07_subject_16_repeat4,end_to_end_unknown_data,12.682584414957091,group02_experiment07_subject_16,4.0,False,291.0,0.04358276431256732,,12682.584414957091
group02_experiment07_subject_16_repeat4,cold_start_plus_end_to_end,20.778128945967183,group02_experiment07_subject_16,4.0,False,291.0,0.07140250496895939,,20778.128945967183
group02_experiment07_subject_20_repeat4,raw_csv_load,0.3033664880786091,group02_experiment07_subject_20,4.0,False,291.0,0.0010424965226069041,,303.3664880786091
group02_experiment07_subject_20_repeat4,image_path_resolution,0.19013947807252407,group02_experiment07_subject_20,4.0,False,291.0,0.0006534002682904608,,190.13947807252407
group02_experiment07_subject_20_repeat4,temporal_sensor_image_alignment,1.0440511738415807,group02_experiment07_subject_20,4.0,False,291.0,0.0035878047211050884,,1044.0511738415807
group02_experiment07_subject_20_repeat4,aggregated_parquet_write,0.018920684000477195,group02_experiment07_subject_20,4.0,False,291.0,6.501953264768796e-05,,18.920684000477195
group02_experiment07_subject_20_repeat4,aggregated_parquet_read_and_preprocessing,0.018625606084242463,group02_experiment07_subject_20,4.0,False,291.0,6.400551918983664e-05,,18.625606084242463
group02_experiment07_subject_20_repeat4,clip_vitl14_embeddings,9.5262469840236,group02_experiment07_subject_20,4.0,False,291.0,0.032736243931352584,,9526.2469840236
group02_experiment07_subject_20_repeat4,clip_feature_store_write_and_read,0.022089092060923576,group02_experiment07_subject_20,4.0,False,291.0,7.590753285540748e-05,,22.089092060923576
group02_experiment07_subject_20_repeat4,temporal_window_construction,0.2569125301670283,group02_experiment07_subject_20,4.0,False,291.0,0.000882860928409032,,256.9125301670283
group02_experiment07_subject_20_repeat4,fairness_model_prediction,0.30278551997616887,group02_experiment07_subject_20,4.0,False,291.0,0.0010405000686466285,,302.78551997616887
group02_experiment07_subject_20_repeat4,end_to_end_unknown_data,11.684220359195024,group02_experiment07_subject_20,4.0,False,291.0,0.04015195999723376,,11684.220359195024
group02_experiment07_subject_20_repeat4,cold_start_plus_end_to_end,19.779764890205115,group02_experiment07_subject_20,4.0,False,291.0,0.06797170065362583,,19779.764890205115
group02_experiment08_subject_20_repeat4,raw_csv_load,0.3632185801398009,group02_experiment08_subject_20,4.0,False,290.0,0.0012524778625510376,,363.2185801398009
group02_experiment08_subject_20_repeat4,image_path_resolution,0.21986135514453053,group02_experiment08_subject_20,4.0,False,290.0,0.0007581426039466571,,219.86135514453053
group02_experiment08_subject_20_repeat4,temporal_sensor_image_alignment,1.0716790698934346,group02_experiment08_subject_20,4.0,False,290.0,0.0036954450685980503,,1071.6790698934346
group02_experiment08_subject_20_repeat4,aggregated_parquet_write,0.01935997884720564,group02_experiment08_subject_20,4.0,False,290.0,6.675854774898496e-05,,19.35997884720564
group02_experiment08_subject_20_repeat4,aggregated_parquet_read_and_preprocessing,0.018830347107723355,group02_experiment08_subject_20,4.0,False,290.0,6.49322314059426e-05,,18.830347107723355
group02_experiment08_subject_20_repeat4,clip_vitl14_embeddings,13.119490794837475,group02_experiment08_subject_20,4.0,False,290.0,0.04523962343047405,,13119.490794837475
group02_experiment08_subject_20_repeat4,clip_feature_store_write_and_read,0.02018871298059821,group02_experiment08_subject_20,4.0,False,290.0,6.961625165723522e-05,,20.18871298059821
group02_experiment08_subject_20_repeat4,temporal_window_construction,0.2572787089738995,group02_experiment08_subject_20,4.0,False,290.0,0.0008871679619789637,,257.2787089738995
group02_experiment08_subject_20_repeat4,fairness_model_prediction,0.2960567520931363,group02_experiment08_subject_20,4.0,False,290.0,0.0010208853520452977,,296.0567520931363
group02_experiment08_subject_20_repeat4,end_to_end_unknown_data,15.38733339193277,group02_experiment08_subject_20,4.0,False,290.0,0.05305977031700956,,15387.33339193277
group02_experiment08_subject_20_repeat4,cold_start_plus_end_to_end,23.482877922942862,group02_experiment08_subject_20,4.0,False,290.0,0.08097544111359607,,23482.877922942862
group02_experiment09_subject_10_repeat4,raw_csv_load,0.29709674906916916,group02_experiment09_subject_10,4.0,False,291.0,0.0010209510277291037,,297.09674906916916
group02_experiment09_subject_10_repeat4,image_path_resolution,0.23481361707672477,group02_experiment09_subject_10,4.0,False,291.0,0.000806919646311769,,234.81361707672477
group02_experiment09_subject_10_repeat4,temporal_sensor_image_alignment,1.060246170964092,group02_experiment09_subject_10,4.0,False,291.0,0.00364345763217901,,1060.246170964092
group02_experiment09_subject_10_repeat4,aggregated_parquet_write,0.019544073147699237,group02_experiment09_subject_10,4.0,False,291.0,6.716176339415546e-05,,19.544073147699237
group02_experiment09_subject_10_repeat4,aggregated_parquet_read_and_preprocessing,0.01934250188060105,group02_experiment09_subject_10,4.0,False,291.0,6.646907862749501e-05,,19.34250188060105
group02_experiment09_subject_10_repeat4,clip_vitl14_embeddings,9.402961238054559,group02_experiment09_subject_10,4.0,False,291.0,0.032312581574070645,,9402.961238054559
group02_experiment09_subject_10_repeat4,clip_feature_store_write_and_read,0.020465825917199254,group02_experiment09_subject_10,4.0,False,291.0,7.032929868453352e-05,,20.465825917199254
group02_experiment09_subject_10_repeat4,temporal_window_construction,0.40219805599190295,group02_experiment09_subject_10,4.0,False,291.0,0.001382123903752244,,402.19805599190295
group02_experiment09_subject_10_repeat4,fairness_model_prediction,0.29382573114708066,group02_experiment09_subject_10,4.0,False,291.0,0.001009710416312992,,293.82573114708066
group02_experiment09_subject_10_repeat4,end_to_end_unknown_data,11.752098730998114,group02_experiment09_subject_10,4.0,False,291.0,0.04038521900686637,,11752.098730998114
group02_experiment09_subject_10_repeat4,cold_start_plus_end_to_end,19.847643262008205,group02_experiment09_subject_10,4.0,False,291.0,0.06820495966325843,,19847.643262008205
group02_experiment09_subject_16_repeat4,raw_csv_load,0.283943688031286,group02_experiment09_subject_16,4.0,False,290.0,0.0009791161656251242,,283.943688031286
group02_experiment09_subject_16_repeat4,image_path_resolution,0.20519174495711923,group02_experiment09_subject_16,4.0,False,290.0,0.0007075577412314456,,205.19174495711923
group02_experiment09_subject_16_repeat4,temporal_sensor_image_alignment,1.0958497871179134,group02_experiment09_subject_16,4.0,False,290.0,0.003778792369372115,,1095.8497871179134
group02_experiment09_subject_16_repeat4,aggregated_parquet_write,0.02220520586706698,group02_experiment09_subject_16,4.0,False,290.0,7.656967540367924e-05,,22.20520586706698
group02_experiment09_subject_16_repeat4,aggregated_parquet_read_and_preprocessing,0.01991335302591324,group02_experiment09_subject_16,4.0,False,290.0,6.866673457211461e-05,,19.91335302591324
group02_experiment09_subject_16_repeat4,clip_vitl14_embeddings,10.214567949064076,group02_experiment09_subject_16,4.0,False,290.0,0.03522264810022095,,10214.567949064076
group02_experiment09_subject_16_repeat4,clip_feature_store_write_and_read,0.020309176994487643,group02_experiment09_subject_16,4.0,False,290.0,7.003164480857808e-05,,20.309176994487643
group02_experiment09_subject_16_repeat4,temporal_window_construction,0.25837905309163034,group02_experiment09_subject_16,4.0,False,290.0,0.0008909622520401046,,258.37905309163034
group02_experiment09_subject_16_repeat4,fairness_model_prediction,0.29483052785508335,group02_experiment09_subject_16,4.0,False,290.0,0.0010166569926037356,,294.83052785508335
group02_experiment09_subject_16_repeat4,end_to_end_unknown_data,12.416305990889668,group02_experiment09_subject_16,4.0,False,290.0,0.04281484824444713,,12416.305990889668
group02_experiment09_subject_16_repeat4,cold_start_plus_end_to_end,20.51185052189976,group02_experiment09_subject_16,4.0,False,290.0,0.07073051904103365,,20511.85052189976
group02_experiment09_subject_20_repeat4,raw_csv_load,0.3087653471156955,group02_experiment09_subject_20,4.0,False,291.0,0.0010610493028030772,,308.7653471156955
group02_experiment09_subject_20_repeat4,image_path_resolution,0.22724225907586515,group02_experiment09_subject_20,4.0,False,291.0,0.0007809012339376809,,227.24225907586515
group02_experiment09_subject_20_repeat4,temporal_sensor_image_alignment,1.1334201009012759,group02_experiment09_subject_20,4.0,False,291.0,0.0038949144360868587,,1133.4201009012759
group02_experiment09_subject_20_repeat4,aggregated_parquet_write,0.019765809178352356,group02_experiment09_subject_20,4.0,False,291.0,6.792374288093593e-05,,19.765809178352356
group02_experiment09_subject_20_repeat4,aggregated_parquet_read_and_preprocessing,0.027163483202457428,group02_experiment09_subject_20,4.0,False,291.0,9.334530310122827e-05,,27.163483202457428
group02_experiment09_subject_20_repeat4,clip_vitl14_embeddings,10.659810942132026,group02_experiment09_subject_20,4.0,False,291.0,0.03663165272210318,,10659.810942132026
group02_experiment09_subject_20_repeat4,clip_feature_store_write_and_read,0.020852478919550776,group02_experiment09_subject_20,4.0,False,291.0,7.165800315996831e-05,,20.852478919550776
group02_experiment09_subject_20_repeat4,temporal_window_construction,0.2549624980892986,group02_experiment09_subject_20,4.0,False,291.0,0.0008761597872484488,,254.9624980892986
group02_experiment09_subject_20_repeat4,fairness_model_prediction,0.29243751196190715,group02_experiment09_subject_20,4.0,False,291.0,0.0010049399036491655,,292.43751196190715
group02_experiment09_subject_20_repeat4,end_to_end_unknown_data,12.945570343872532,group02_experiment09_subject_20,4.0,False,291.0,0.044486496027053374,,12945.570343872532
group02_experiment09_subject_20_repeat4,cold_start_plus_end_to_end,21.041114874882624,group02_experiment09_subject_20,4.0,False,291.0,0.07230623668344544,,21041.114874882624
group03_experiment01_subject_11_repeat4,raw_csv_load,0.3317808071151376,group03_experiment01_subject_11,4.0,False,290.0,0.0011440717486728882,,331.7808071151376
group03_experiment01_subject_11_repeat4,image_path_resolution,0.2959283560048789,group03_experiment01_subject_11,4.0,False,290.0,0.0010204426069133753,,295.9283560048789
group03_experiment01_subject_11_repeat4,temporal_sensor_image_alignment,1.072435051901266,group03_experiment01_subject_11,4.0,False,290.0,0.0036980519031078137,,1072.435051901266
group03_experiment01_subject_11_repeat4,aggregated_parquet_write,0.019056144868955016,group03_experiment01_subject_11,4.0,False,290.0,6.571084437570695e-05,,19.056144868955016
group03_experiment01_subject_11_repeat4,aggregated_parquet_read_and_preprocessing,0.019773697946220636,group03_experiment01_subject_11,4.0,False,290.0,6.81851653317953e-05,,19.773697946220636
group03_experiment01_subject_11_repeat4,clip_vitl14_embeddings,10.134909851010889,group03_experiment01_subject_11,4.0,False,290.0,0.03494796500348582,,10134.909851010889
group03_experiment01_subject_11_repeat4,clip_feature_store_write_and_read,0.020963751012459397,group03_experiment01_subject_11,4.0,False,290.0,7.228879659468758e-05,,20.963751012459397
group03_experiment01_subject_11_repeat4,temporal_window_construction,0.2555035699624568,group03_experiment01_subject_11,4.0,False,290.0,0.000881046792973989,,255.50356996245682
group03_experiment01_subject_11_repeat4,fairness_model_prediction,0.29788110102526844,group03_experiment01_subject_11,4.0,False,290.0,0.0010271762104319601,,297.88110102526844
group03_experiment01_subject_11_repeat4,end_to_end_unknown_data,12.449323608074337,group03_experiment01_subject_11,4.0,False,290.0,0.04292870209680806,,12449.323608074337
group03_experiment01_subject_11_repeat4,cold_start_plus_end_to_end,20.54486813908443,group03_experiment01_subject_11,4.0,False,290.0,0.07084437289339458,,20544.86813908443
group03_experiment02_subject_11_repeat4,raw_csv_load,0.28020490799099207,group03_experiment02_subject_11,4.0,False,291.0,0.0009629034638865707,,280.20490799099207
group03_experiment02_subject_11_repeat4,image_path_resolution,0.19255366595461965,group03_experiment02_subject_11,4.0,False,291.0,0.0006616964465794489,,192.55366595461965
group03_experiment02_subject_11_repeat4,temporal_sensor_image_alignment,1.0889599029906094,group03_experiment02_subject_11,4.0,False,291.0,0.0037421302508268365,,1088.9599029906094
group03_experiment02_subject_11_repeat4,aggregated_parquet_write,0.01926830504089594,group03_experiment02_subject_11,4.0,False,291.0,6.621410666974549e-05,,19.26830504089594
group03_experiment02_subject_11_repeat4,aggregated_parquet_read_and_preprocessing,0.01876560808159411,group03_experiment02_subject_11,4.0,False,291.0,6.44866257099454e-05,,18.76560808159411
group03_experiment02_subject_11_repeat4,clip_vitl14_embeddings,10.308112448081374,group03_experiment02_subject_11,4.0,False,291.0,0.03542306683189476,,10308.112448081374
group03_experiment02_subject_11_repeat4,clip_feature_store_write_and_read,0.020480689825490117,group03_experiment02_subject_11,4.0,False,291.0,7.038037740718253e-05,,20.480689825490117
group03_experiment02_subject_11_repeat4,temporal_window_construction,0.25704281707294285,group03_experiment02_subject_11,4.0,False,291.0,0.0008833086497351988,,257.04281707294285
group03_experiment02_subject_11_repeat4,fairness_model_prediction,0.2921371669508517,group03_experiment02_subject_11,4.0,False,291.0,0.0010039077902091124,,292.1371669508517
group03_experiment02_subject_11_repeat4,end_to_end_unknown_data,12.478616651846096,group03_experiment02_subject_11,4.0,False,291.0,0.04288184416441957,,12478.616651846096
group03_experiment02_subject_11_repeat4,cold_start_plus_end_to_end,20.574161182856187,group03_experiment02_subject_11,4.0,False,291.0,0.07070158482081164,,20574.161182856187
group03_experiment03_subject_11_repeat4,raw_csv_load,0.2915900310035795,group03_experiment03_subject_11,4.0,False,290.0,0.0010054828655295845,,291.5900310035795
group03_experiment03_subject_11_repeat4,image_path_resolution,0.1916355958674103,group03_experiment03_subject_11,4.0,False,290.0,0.0006608123995427941,,191.6355958674103
group03_experiment03_subject_11_repeat4,temporal_sensor_image_alignment,1.06502263690345,group03_experiment03_subject_11,4.0,False,290.0,0.0036724918513912066,,1065.02263690345
group03_experiment03_subject_11_repeat4,aggregated_parquet_write,0.02264902787283063,group03_experiment03_subject_11,4.0,False,290.0,7.810009611320907e-05,,22.64902787283063
group03_experiment03_subject_11_repeat4,aggregated_parquet_read_and_preprocessing,0.02442274708300829,group03_experiment03_subject_11,4.0,False,290.0,8.421636925175272e-05,,24.42274708300829
group03_experiment03_subject_11_repeat4,clip_vitl14_embeddings,10.058012194000185,group03_experiment03_subject_11,4.0,False,290.0,0.03468280066896615,,10058.012194000185
group03_experiment03_subject_11_repeat4,clip_feature_store_write_and_read,0.01899884082376957,group03_experiment03_subject_11,4.0,False,290.0,6.551324421989506e-05,,18.99884082376957
group03_experiment03_subject_11_repeat4,temporal_window_construction,0.2536515879910439,group03_experiment03_subject_11,4.0,False,290.0,0.000874660648244979,,253.65158799104393
group03_experiment03_subject_11_repeat4,fairness_model_prediction,0.29808703414164484,group03_experiment03_subject_11,4.0,False,290.0,0.0010278863246263616,,298.08703414164484
group03_experiment03_subject_11_repeat4,end_to_end_unknown_data,12.225231816060841,group03_experiment03_subject_11,4.0,False,290.0,0.04215597177952014,,12225.231816060841
group03_experiment03_subject_11_repeat4,cold_start_plus_end_to_end,20.320776347070932,group03_experiment03_subject_11,4.0,False,290.0,0.07007164257610667,,20320.776347070932
group03_experiment04_subject_11_repeat4,raw_csv_load,0.2998538860119879,group03_experiment04_subject_11,4.0,False,291.0,0.0010304257251271063,,299.8538860119879
group03_experiment04_subject_11_repeat4,image_path_resolution,0.2456999069545418,group03_experiment04_subject_11,4.0,False,291.0,0.0008443295771633738,,245.6999069545418
group03_experiment04_subject_11_repeat4,temporal_sensor_image_alignment,1.1079074330627918,group03_experiment04_subject_11,4.0,False,291.0,0.003807242038016467,,1107.9074330627918
group03_experiment04_subject_11_repeat4,aggregated_parquet_write,0.01940844813361764,group03_experiment04_subject_11,4.0,False,291.0,6.669569805366886e-05,,19.40844813361764
group03_experiment04_subject_11_repeat4,aggregated_parquet_read_and_preprocessing,0.018851215951144695,group03_experiment04_subject_11,4.0,False,291.0,6.478081082867593e-05,,18.851215951144695
group03_experiment04_subject_11_repeat4,clip_vitl14_embeddings,12.75456254882738,group03_experiment04_subject_11,4.0,False,291.0,0.04383011185164048,,12754.56254882738
group03_experiment04_subject_11_repeat4,clip_feature_store_write_and_read,0.02100668312050402,group03_experiment04_subject_11,4.0,False,291.0,7.218791450345024e-05,,21.00668312050402
group03_experiment04_subject_11_repeat4,temporal_window_construction,0.25377731514163315,group03_experiment04_subject_11,4.0,False,291.0,0.0008720869936138596,,253.77731514163315
group03_experiment04_subject_11_repeat4,fairness_model_prediction,0.2966112410649657,group03_experiment04_subject_11,4.0,False,291.0,0.0010192826153435249,,296.6112410649657
group03_experiment04_subject_11_repeat4,end_to_end_unknown_data,15.018805811880156,group03_experiment04_subject_11,4.0,False,291.0,0.05161101653567064,,15018.805811880156
group03_experiment04_subject_11_repeat4,cold_start_plus_end_to_end,23.114350342890248,group03_experiment04_subject_11,4.0,False,291.0,0.0794307571920627,,23114.350342890248
group03_experiment05_subject_11_repeat4,raw_csv_load,0.31186881195753813,group03_experiment05_subject_11,4.0,False,291.0,0.0010717141304382753,,311.8688119575381
group03_experiment05_subject_11_repeat4,image_path_resolution,0.3047121020499617,group03_experiment05_subject_11,4.0,False,291.0,0.0010471206256012428,,304.7121020499617
group03_experiment05_subject_11_repeat4,temporal_sensor_image_alignment,1.1162377870641649,group03_experiment05_subject_11,4.0,False,291.0,0.0038358686840692952,,1116.2377870641649
group03_experiment05_subject_11_repeat4,aggregated_parquet_write,0.019632874988019466,group03_experiment05_subject_11,4.0,False,291.0,6.746692435745521e-05,,19.632874988019466
group03_experiment05_subject_11_repeat4,aggregated_parquet_read_and_preprocessing,0.01912711700424552,group03_experiment05_subject_11,4.0,False,291.0,6.572892441321484e-05,,19.12711700424552
group03_experiment05_subject_11_repeat4,clip_vitl14_embeddings,10.140801980858669,group03_experiment05_subject_11,4.0,False,291.0,0.0348481167727102,,10140.801980858669
group03_experiment05_subject_11_repeat4,clip_feature_store_write_and_read,0.021129179978743196,group03_experiment05_subject_11,4.0,False,291.0,7.2608865906334e-05,,21.129179978743196
group03_experiment05_subject_11_repeat4,temporal_window_construction,0.2546390928328037,group03_experiment05_subject_11,4.0,False,291.0,0.000875048428978707,,254.63909283280373
group03_experiment05_subject_11_repeat4,fairness_model_prediction,0.29729058500379324,group03_experiment05_subject_11,4.0,False,291.0,0.0010216171305972275,,297.29058500379324
group03_experiment05_subject_11_repeat4,end_to_end_unknown_data,12.486904656048864,group03_experiment05_subject_11,4.0,False,291.0,0.04291032527851844,,12486.904656048864
group03_experiment05_subject_11_repeat4,cold_start_plus_end_to_end,20.582449187058955,group03_experiment05_subject_11,4.0,False,291.0,0.0707300659349105,,20582.449187058955
group03_experiment06_subject_11_repeat4,raw_csv_load,0.30611866689287126,group03_experiment06_subject_11,4.0,False,289.0,0.0010592341414978244,,306.11866689287126
group03_experiment06_subject_11_repeat4,image_path_resolution,0.24383207294158638,group03_experiment06_subject_11,4.0,False,289.0,0.0008437095949535861,,243.83207294158638
group03_experiment06_subject_11_repeat4,temporal_sensor_image_alignment,1.086593410000205,group03_experiment06_subject_11,4.0,False,289.0,0.003759838788928045,,1086.593410000205
group03_experiment06_subject_11_repeat4,aggregated_parquet_write,0.02304256008937955,group03_experiment06_subject_11,4.0,False,289.0,7.973204183176314e-05,,23.04256008937955
group03_experiment06_subject_11_repeat4,aggregated_parquet_read_and_preprocessing,0.023307499010115862,group03_experiment06_subject_11,4.0,False,289.0,8.064878550213101e-05,,23.307499010115862
group03_experiment06_subject_11_repeat4,clip_vitl14_embeddings,10.507886381121352,group03_experiment06_subject_11,4.0,False,289.0,0.03635946844678668,,10507.886381121352
group03_experiment06_subject_11_repeat4,clip_feature_store_write_and_read,0.020096481079235673,group03_experiment06_subject_11,4.0,False,289.0,6.953799681396427e-05,,20.096481079235673
group03_experiment06_subject_11_repeat4,temporal_window_construction,0.2542493110522628,group03_experiment06_subject_11,4.0,False,289.0,0.0008797554015649231,,254.24931105226278
group03_experiment06_subject_11_repeat4,fairness_model_prediction,0.2911267541348934,group03_experiment06_subject_11,4.0,False,289.0,0.001007359010847382,,291.1267541348934
group03_experiment06_subject_11_repeat4,end_to_end_unknown_data,12.757709452882409,group03_experiment06_subject_11,4.0,False,289.0,0.04414432336637512,,12757.70945288241
group03_experiment06_subject_11_repeat4,cold_start_plus_end_to_end,20.8532539838925,group03_experiment06_subject_11,4.0,False,289.0,0.07215658817955882,,20853.2539838925
group03_experiment07_subject_11_repeat4,raw_csv_load,0.2986532230861485,group03_experiment07_subject_11,4.0,False,291.0,0.001026299735691232,,298.6532230861485
group03_experiment07_subject_11_repeat4,image_path_resolution,0.20768494415096939,group03_experiment07_subject_11,4.0,False,291.0,0.0007136939661545339,,207.6849441509694
group03_experiment07_subject_11_repeat4,temporal_sensor_image_alignment,1.036246684147045,group03_experiment07_subject_11,4.0,False,291.0,0.003560985168890189,,1036.246684147045
group03_experiment07_subject_11_repeat4,aggregated_parquet_write,0.020215559983626008,group03_experiment07_subject_11,4.0,False,291.0,6.946927829424745e-05,,20.215559983626008
group03_experiment07_subject_11_repeat4,aggregated_parquet_read_and_preprocessing,0.019332965137436986,group03_experiment07_subject_11,4.0,False,291.0,6.643630631421645e-05,,19.332965137436986
group03_experiment07_subject_11_repeat4,clip_vitl14_embeddings,9.225934638874605,group03_experiment07_subject_11,4.0,False,291.0,0.03170424274527356,,9225.934638874605
group03_experiment07_subject_11_repeat4,clip_feature_store_write_and_read,0.020622944924980402,group03_experiment07_subject_11,4.0,False,291.0,7.08692265463244e-05,,20.622944924980402
group03_experiment07_subject_11_repeat4,temporal_window_construction,0.2541406948585063,group03_experiment07_subject_11,4.0,False,291.0,0.000873335721163252,,254.14069485850632
group03_experiment07_subject_11_repeat4,fairness_model_prediction,0.2985505179967731,group03_experiment07_subject_11,4.0,False,291.0,0.00102594679723977,,298.5505179967731
group03_experiment07_subject_11_repeat4,end_to_end_unknown_data,11.382566062035039,group03_experiment07_subject_11,4.0,False,291.0,0.03911534729221663,,11382.566062035039
group03_experiment07_subject_11_repeat4,cold_start_plus_end_to_end,19.47811059304513,group03_experiment07_subject_11,4.0,False,291.0,0.0669350879486087,,19478.11059304513
group03_experiment08_subject_11_repeat4,raw_csv_load,0.27927835704758763,group03_experiment08_subject_11,4.0,False,290.0,0.0009630288174054746,,279.27835704758763
group03_experiment08_subject_11_repeat4,image_path_resolution,0.2290360799524933,group03_experiment08_subject_11,4.0,False,290.0,0.0007897795860430804,,229.0360799524933
group03_experiment08_subject_11_repeat4,temporal_sensor_image_alignment,1.0487470291554928,group03_experiment08_subject_11,4.0,False,290.0,0.0036163690660534235,,1048.7470291554928
group03_experiment08_subject_11_repeat4,aggregated_parquet_write,0.01932147005572915,group03_experiment08_subject_11,4.0,False,290.0,6.662575881285914e-05,,19.32147005572915
group03_experiment08_subject_11_repeat4,aggregated_parquet_read_and_preprocessing,0.018656625878065825,group03_experiment08_subject_11,4.0,False,290.0,6.43331926829856e-05,,18.656625878065825
group03_experiment08_subject_11_repeat4,clip_vitl14_embeddings,12.222939952043816,group03_experiment08_subject_11,4.0,False,290.0,0.04214806880015109,,12222.939952043816
group03_experiment08_subject_11_repeat4,clip_feature_store_write_and_read,0.020444223890081048,group03_experiment08_subject_11,4.0,False,290.0,7.049732375890017e-05,,20.444223890081048
group03_experiment08_subject_11_repeat4,temporal_window_construction,0.25719245010986924,group03_experiment08_subject_11,4.0,False,290.0,0.0008868705176202388,,257.19245010986924
group03_experiment08_subject_11_repeat4,fairness_model_prediction,0.29578659893013537,group03_experiment08_subject_11,4.0,False,290.0,0.00101995378941426,,295.78659893013537
group03_experiment08_subject_11_repeat4,end_to_end_unknown_data,14.39254060597159,group03_experiment08_subject_11,4.0,False,290.0,0.04962945036541928,,14392.54060597159
group03_experiment08_subject_11_repeat4,cold_start_plus_end_to_end,22.48808513698168,group03_experiment08_subject_11,4.0,False,290.0,0.07754512116200579,,22488.08513698168
group03_experiment09_subject_11_repeat4,raw_csv_load,0.2946387359406799,group03_experiment09_subject_11,4.0,False,291.0,0.0010125042472188314,,294.6387359406799
group03_experiment09_subject_11_repeat4,image_path_resolution,0.24249709001742303,group03_experiment09_subject_11,4.0,False,291.0,0.0008333233333932063,,242.49709001742303
group03_experiment09_subject_11_repeat4,temporal_sensor_image_alignment,1.0933895059861243,group03_experiment09_subject_11,4.0,False,291.0,0.0037573522542478496,,1093.3895059861243
group03_experiment09_subject_11_repeat4,aggregated_parquet_write,0.019812277983874083,group03_experiment09_subject_11,4.0,False,291.0,6.808342949784908e-05,,19.812277983874083
group03_experiment09_subject_11_repeat4,aggregated_parquet_read_and_preprocessing,0.01870372099801898,group03_experiment09_subject_11,4.0,False,291.0,6.427395531965285e-05,,18.70372099801898
group03_experiment09_subject_11_repeat4,clip_vitl14_embeddings,10.361890884116292,group03_experiment09_subject_11,4.0,False,291.0,0.03560787245400788,,10361.890884116292
group03_experiment09_subject_11_repeat4,clip_feature_store_write_and_read,0.02012878004461527,group03_experiment09_subject_11,4.0,False,291.0,6.91710654454133e-05,,20.12878004461527
group03_experiment09_subject_11_repeat4,temporal_window_construction,0.25561352213844657,group03_experiment09_subject_11,4.0,False,291.0,0.0008783969832936308,,255.61352213844657
group03_experiment09_subject_11_repeat4,fairness_model_prediction,0.29176051588729024,group03_experiment09_subject_11,4.0,False,291.0,0.0010026134566573548,,291.76051588729024
group03_experiment09_subject_11_repeat4,end_to_end_unknown_data,12.599755641072989,group03_experiment09_subject_11,4.0,False,291.0,0.04329812935076628,,12599.755641072989
group03_experiment09_subject_11_repeat4,cold_start_plus_end_to_end,20.69530017208308,group03_experiment09_subject_11,4.0,False,291.0,0.07111787000715834,,20695.30017208308
group01_experiment01_subject_08_repeat5,raw_csv_load,0.29881957708857954,group01_experiment01_subject_08,5.0,False,291.0,0.0010268713989298266,,298.81957708857954
group01_experiment01_subject_08_repeat5,image_path_resolution,0.19245547894388437,group01_experiment01_subject_08,5.0,False,291.0,0.000661359034171424,,192.45547894388437
group01_experiment01_subject_08_repeat5,temporal_sensor_image_alignment,1.0943038100376725,group01_experiment01_subject_08,5.0,False,291.0,0.0037604941925693212,,1094.3038100376725
group01_experiment01_subject_08_repeat5,aggregated_parquet_write,0.020620240131393075,group01_experiment01_subject_08,5.0,False,291.0,7.085993172300026e-05,,20.620240131393075
group01_experiment01_subject_08_repeat5,aggregated_parquet_read_and_preprocessing,0.020659586181864142,group01_experiment01_subject_08,5.0,False,291.0,7.099514151843348e-05,,20.659586181864142
group01_experiment01_subject_08_repeat5,clip_vitl14_embeddings,12.31787357502617,group01_experiment01_subject_08,5.0,False,291.0,0.042329462457134606,,12317.87357502617
group01_experiment01_subject_08_repeat5,clip_feature_store_write_and_read,0.02043356583453715,group01_experiment01_subject_08,5.0,False,291.0,7.02184392939421e-05,,20.43356583453715
group01_experiment01_subject_08_repeat5,temporal_window_construction,0.25350487791001797,group01_experiment01_subject_08,5.0,False,291.0,0.000871150783195938,,253.50487791001797
group01_experiment01_subject_08_repeat5,fairness_model_prediction,0.2982774379197508,group01_experiment01_subject_08,5.0,False,291.0,0.0010250083777311025,,298.2774379197508
group01_experiment01_subject_08_repeat5,end_to_end_unknown_data,14.518209978938103,group01_experiment01_subject_08,5.0,False,291.0,0.04989075594136805,,14518.209978938103
group01_experiment01_subject_08_repeat5,cold_start_plus_end_to_end,22.613754509948194,group01_experiment01_subject_08,5.0,False,291.0,0.07771049659776012,,22613.754509948194
group01_experiment01_subject_10_repeat5,raw_csv_load,0.29340002592653036,group01_experiment01_subject_10,5.0,False,291.0,0.0010082475117750185,,293.40002592653036
group01_experiment01_subject_10_repeat5,image_path_resolution,0.2524658760521561,group01_experiment01_subject_10,5.0,False,291.0,0.0008675803300761378,,252.4658760521561
group01_experiment01_subject_10_repeat5,temporal_sensor_image_alignment,1.0242173739243299,group01_experiment01_subject_10,5.0,False,291.0,0.0035196473330732984,,1024.2173739243299
group01_experiment01_subject_10_repeat5,aggregated_parquet_write,0.018965630093589425,group01_experiment01_subject_10,5.0,False,291.0,6.517398657590868e-05,,18.965630093589425
group01_experiment01_subject_10_repeat5,aggregated_parquet_read_and_preprocessing,0.018653618870303035,group01_experiment01_subject_10,5.0,False,291.0,6.41017830594606e-05,,18.653618870303035
group01_experiment01_subject_10_repeat5,clip_vitl14_embeddings,9.79560896102339,group01_experiment01_subject_10,5.0,False,291.0,0.033661886463997905,,9795.60896102339
group01_experiment01_subject_10_repeat5,clip_feature_store_write_and_read,0.01935281604528427,group01_experiment01_subject_10,5.0,False,291.0,6.650452249238581e-05,,19.35281604528427
group01_experiment01_subject_10_repeat5,temporal_window_construction,0.2542048431932926,group01_experiment01_subject_10,5.0,False,291.0,0.0008735561621762632,,254.20484319329262
group01_experiment01_subject_10_repeat5,fairness_model_prediction,0.2967952350154519,group01_experiment01_subject_10,5.0,False,291.0,0.001019914896960316,,296.7952350154519
group01_experiment01_subject_10_repeat5,end_to_end_unknown_data,11.974761254154146,group01_experiment01_subject_10,5.0,False,291.0,0.04115038231668091,,11974.761254154146
group01_experiment01_subject_10_repeat5,cold_start_plus_end_to_end,20.070305785164237,group01_experiment01_subject_10,5.0,False,291.0,0.06897012297307298,,20070.305785164237
group01_experiment01_subject_15_repeat5,raw_csv_load,0.3004746849182993,group01_experiment01_subject_15,5.0,False,291.0,0.0010325590547020595,,300.4746849182993
group01_experiment01_subject_15_repeat5,image_path_resolution,0.20701688900589943,group01_experiment01_subject_15,5.0,False,291.0,0.0007113982440065272,,207.01688900589943
group01_experiment01_subject_15_repeat5,temporal_sensor_image_alignment,1.1479211871046573,group01_experiment01_subject_15,5.0,False,291.0,0.0039447463474386844,,1147.9211871046573
group01_experiment01_subject_15_repeat5,aggregated_parquet_write,0.019162087002769113,group01_experiment01_subject_15,5.0,False,291.0,6.584909622944713e-05,,19.162087002769113
group01_experiment01_subject_15_repeat5,aggregated_parquet_read_and_preprocessing,0.019471663050353527,group01_experiment01_subject_15,5.0,False,291.0,6.691293144451384e-05,,19.471663050353527
group01_experiment01_subject_15_repeat5,clip_vitl14_embeddings,13.58773766295053,group01_experiment01_subject_15,5.0,False,291.0,0.04669325657371316,,13587.73766295053
group01_experiment01_subject_15_repeat5,clip_feature_store_write_and_read,0.021652471041306853,group01_experiment01_subject_15,5.0,False,291.0,7.440711698043593e-05,,21.652471041306853
group01_experiment01_subject_15_repeat5,temporal_window_construction,0.2554003410041332,group01_experiment01_subject_15,5.0,False,291.0,0.0008776644020760592,,255.40034100413322
group01_experiment01_subject_15_repeat5,fairness_model_prediction,0.2907155209686607,group01_experiment01_subject_15,5.0,False,291.0,0.0009990224088270128,,290.7155209686607
group01_experiment01_subject_15_repeat5,end_to_end_unknown_data,15.85061492305249,group01_experiment01_subject_15,5.0,False,291.0,0.054469467089527455,,15850.61492305249
group01_experiment01_subject_15_repeat5,cold_start_plus_end_to_end,23.94615945406258,group01_experiment01_subject_15,5.0,False,291.0,0.08228920774591952,,23946.15945406258
group01_experiment01_subject_18_repeat5,raw_csv_load,0.29059974616393447,group01_experiment01_subject_18,5.0,False,291.0,0.0009986245572643796,,290.59974616393447
group01_experiment01_subject_18_repeat5,image_path_resolution,0.21295410790480673,group01_experiment01_subject_18,5.0,False,291.0,0.0007318010580921194,,212.95410790480673
group01_experiment01_subject_18_repeat5,temporal_sensor_image_alignment,1.112291214056313,group01_experiment01_subject_18,5.0,False,291.0,0.003822306577513103,,1112.291214056313
group01_experiment01_subject_18_repeat5,aggregated_parquet_write,0.019971387926489115,group01_experiment01_subject_18,5.0,False,291.0,6.863019906010005e-05,,19.971387926489115
group01_experiment01_subject_18_repeat5,aggregated_parquet_read_and_preprocessing,0.019115227041766047,group01_experiment01_subject_18,5.0,False,291.0,6.568806543562216e-05,,19.115227041766047
group01_experiment01_subject_18_repeat5,clip_vitl14_embeddings,12.501445973059162,group01_experiment01_subject_18,5.0,False,291.0,0.04296029544006585,,12501.445973059162
group01_experiment01_subject_18_repeat5,clip_feature_store_write_and_read,0.019775009946897626,group01_experiment01_subject_18,5.0,False,291.0,6.795536064225988e-05,,19.775009946897626
group01_experiment01_subject_18_repeat5,temporal_window_construction,0.2507126198615879,group01_experiment01_subject_18,5.0,False,291.0,0.0008615553947133604,,250.71261986158788
group01_experiment01_subject_18_repeat5,fairness_model_prediction,0.2959709349088371,group01_experiment01_subject_18,5.0,False,291.0,0.0010170822505458318,,295.9709349088371
group01_experiment01_subject_18_repeat5,end_to_end_unknown_data,14.724161779973656,group01_experiment01_subject_18,5.0,False,291.0,0.05059849408925655,,14724.161779973656
group01_experiment01_subject_18_repeat5,cold_start_plus_end_to_end,22.819706310983747,group01_experiment01_subject_18,5.0,False,291.0,0.07841823474564862,,22819.706310983747
group01_experiment02_subject_08_repeat5,raw_csv_load,0.3042132421396673,group01_experiment02_subject_08,5.0,False,291.0,0.0010454063303768635,,304.2132421396673
group01_experiment02_subject_08_repeat5,image_path_resolution,0.26917260489426553,group01_experiment02_subject_08,5.0,False,291.0,0.0009249917693961015,,269.17260489426553
group01_experiment02_subject_08_repeat5,temporal_sensor_image_alignment,1.1111012909095734,group01_experiment02_subject_08,5.0,False,291.0,0.0038182174945346164,,1111.1012909095734
group01_experiment02_subject_08_repeat5,aggregated_parquet_write,0.020279981894418597,group01_experiment02_subject_08,5.0,False,291.0,6.969065943099174e-05,,20.279981894418597
group01_experiment02_subject_08_repeat5,aggregated_parquet_read_and_preprocessing,0.020544029073789716,group01_experiment02_subject_08,5.0,False,291.0,7.059803805426019e-05,,20.544029073789716
group01_experiment02_subject_08_repeat5,clip_vitl14_embeddings,12.71680522011593,group01_experiment02_subject_08,5.0,False,291.0,0.043700361581154396,,12716.80522011593
group01_experiment02_subject_08_repeat5,clip_feature_store_write_and_read,0.021007193950936198,group01_experiment02_subject_08,5.0,False,291.0,7.218966993448866e-05,,21.0071939509362
group01_experiment02_subject_08_repeat5,temporal_window_construction,0.256568341050297,group01_experiment02_subject_08,5.0,False,291.0,0.000881678147939165,,256.568341050297
group01_experiment02_subject_08_repeat5,fairness_model_prediction,0.2894297840539366,group01_experiment02_subject_08,5.0,False,291.0,0.0009946040689138714,,289.4297840539366
group01_experiment02_subject_08_repeat5,end_to_end_unknown_data,15.01025209389627,group01_experiment02_subject_08,5.0,False,291.0,0.05158162231579474,,15010.25209389627
group01_experiment02_subject_08_repeat5,cold_start_plus_end_to_end,23.10579662490636,group01_experiment02_subject_08,5.0,False,291.0,0.0794013629721868,,23105.79662490636
group01_experiment02_subject_10_repeat5,raw_csv_load,0.3056965218856931,group01_experiment02_subject_10,5.0,False,291.0,0.001050503511634684,,305.6965218856931
group01_experiment02_subject_10_repeat5,image_path_resolution,0.1881037880666554,group01_experiment02_subject_10,5.0,False,291.0,0.0006464047699885065,,188.1037880666554
group01_experiment02_subject_10_repeat5,temporal_sensor_image_alignment,1.0483856601640582,group01_experiment02_subject_10,5.0,False,291.0,0.0036026998631067293,,1048.3856601640582
group01_experiment02_subject_10_repeat5,aggregated_parquet_write,0.019389355089515448,group01_experiment02_subject_10,5.0,False,291.0,6.663008621826615e-05,,19.389355089515448
group01_experiment02_subject_10_repeat5,aggregated_parquet_read_and_preprocessing,0.018555899849161506,group01_experiment02_subject_10,5.0,False,291.0,6.376597886309796e-05,,18.555899849161506
group01_experiment02_subject_10_repeat5,clip_vitl14_embeddings,12.352998250862584,group01_experiment02_subject_10,5.0,False,291.0,0.04245016581052434,,12352.998250862584
group01_experiment02_subject_10_repeat5,clip_feature_store_write_and_read,0.020569599932059646,group01_experiment02_subject_10,5.0,False,291.0,7.068591041944895e-05,,20.569599932059646
group01_experiment02_subject_10_repeat5,temporal_window_construction,0.2538614689838141,group01_experiment02_subject_10,5.0,False,291.0,0.0008723761820749626,,253.86146898381412
group01_experiment02_subject_10_repeat5,fairness_model_prediction,0.2963444029446691,group01_experiment02_subject_10,5.0,False,291.0,0.0010183656458579696,,296.3444029446691
group01_experiment02_subject_10_repeat5,end_to_end_unknown_data,14.505270862020552,group01_experiment02_subject_10,5.0,False,291.0,0.049846291622063756,,14505.270862020552
group01_experiment02_subject_10_repeat5,cold_start_plus_end_to_end,22.600815393030643,group01_experiment02_subject_10,5.0,False,291.0,0.07766603227845582,,22600.815393030643
group01_experiment02_subject_15_repeat5,raw_csv_load,0.29733930598013103,group01_experiment02_subject_15,5.0,False,291.0,0.0010217845566327527,,297.33930598013103
group01_experiment02_subject_15_repeat5,image_path_resolution,0.2948734420351684,group01_experiment02_subject_15,5.0,False,291.0,0.0010133107973717128,,294.8734420351684
group01_experiment02_subject_15_repeat5,temporal_sensor_image_alignment,1.139195921830833,group01_experiment02_subject_15,5.0,False,291.0,0.003914762617975371,,1139.195921830833
group01_experiment02_subject_15_repeat5,aggregated_parquet_write,0.019786507124081254,group01_experiment02_subject_15,5.0,False,291.0,6.799486984220362e-05,,19.786507124081254
group01_experiment02_subject_15_repeat5,aggregated_parquet_read_and_preprocessing,0.018871691077947617,group01_experiment02_subject_15,5.0,False,291.0,6.485117208916707e-05,,18.871691077947617
group01_experiment02_subject_15_repeat5,clip_vitl14_embeddings,12.577191017800942,group01_experiment02_subject_15,5.0,False,291.0,0.0432205876900376,,12577.191017800942
group01_experiment02_subject_15_repeat5,clip_feature_store_write_and_read,0.02445203415118158,group01_experiment02_subject_15,5.0,False,291.0,8.402760876694701e-05,,24.45203415118158
group01_experiment02_subject_15_repeat5,temporal_window_construction,0.2558835940435529,group01_experiment02_subject_15,5.0,False,291.0,0.0008793250654417625,,255.88359404355288
group01_experiment02_subject_15_repeat5,fairness_model_prediction,0.29318092903122306,group01_experiment02_subject_15,5.0,False,291.0,0.001007494601481866,,293.18092903122306
group01_experiment02_subject_15_repeat5,end_to_end_unknown_data,14.922188441036269,group01_experiment02_subject_15,5.0,False,291.0,0.05127899807916244,,14922.188441036269
group01_experiment02_subject_15_repeat5,cold_start_plus_end_to_end,23.01773297204636,group01_experiment02_subject_15,5.0,False,291.0,0.07909873873555451,,23017.73297204636
group01_experiment02_subject_18_repeat5,raw_csv_load,0.3259412709157914,group01_experiment02_subject_18,5.0,False,291.0,0.0011200730959305546,,325.9412709157914
group01_experiment02_subject_18_repeat5,image_path_resolution,0.22309939097613096,group01_experiment02_subject_18,5.0,False,291.0,0.0007666645738011374,,223.09939097613096
group01_experiment02_subject_18_repeat5,temporal_sensor_image_alignment,1.1109101420734078,group01_experiment02_subject_18,5.0,False,291.0,0.0038175606256818134,,1110.9101420734078
group01_experiment02_subject_18_repeat5,aggregated_parquet_write,0.019710001070052385,group01_experiment02_subject_18,5.0,False,291.0,6.773196244004256e-05,,19.710001070052385
group01_experiment02_subject_18_repeat5,aggregated_parquet_read_and_preprocessing,0.018981697969138622,group01_experiment02_subject_18,5.0,False,291.0,6.522920264308806e-05,,18.981697969138622
group01_experiment02_subject_18_repeat5,clip_vitl14_embeddings,13.385325805982575,group01_experiment02_subject_18,5.0,False,291.0,0.0459976831820707,,13385.325805982575
group01_experiment02_subject_18_repeat5,clip_feature_store_write_and_read,0.02091356599703431,group01_experiment02_subject_18,5.0,False,291.0,7.186792438843407e-05,,20.91356599703431
group01_experiment02_subject_18_repeat5,temporal_window_construction,0.2530828050803393,group01_experiment02_subject_18,5.0,False,291.0,0.0008697003611008224,,253.0828050803393
group01_experiment02_subject_18_repeat5,fairness_model_prediction,0.2904123798944056,group01_experiment02_subject_18,5.0,False,291.0,0.0009979806869223561,,290.4123798944056
group01_experiment02_subject_18_repeat5,end_to_end_unknown_data,15.64959673001431,group01_experiment02_subject_18,5.0,False,291.0,0.05377868292101137,,15649.59673001431
group01_experiment02_subject_18_repeat5,cold_start_plus_end_to_end,23.7451412610244,group01_experiment02_subject_18,5.0,False,291.0,0.08159842357740343,,23745.1412610244
group01_experiment03_subject_08_repeat5,raw_csv_load,0.32288031512871385,group01_experiment03_subject_08,5.0,False,290.0,0.001113380396995565,,322.88031512871385
group01_experiment03_subject_08_repeat5,image_path_resolution,0.28416103799827397,group01_experiment03_subject_08,5.0,False,290.0,0.0009798656482699103,,284.16103799827397
group01_experiment03_subject_08_repeat5,temporal_sensor_image_alignment,1.1986174029298127,group01_experiment03_subject_08,5.0,False,290.0,0.0041331634583786645,,1198.6174029298127
group01_experiment03_subject_08_repeat5,aggregated_parquet_write,0.020214552991092205,group01_experiment03_subject_08,5.0,False,290.0,6.970535514169726e-05,,20.214552991092205
group01_experiment03_subject_08_repeat5,aggregated_parquet_read_and_preprocessing,0.019550830125808716,group01_experiment03_subject_08,5.0,False,290.0,6.741665560623695e-05,,19.550830125808716
group01_experiment03_subject_08_repeat5,clip_vitl14_embeddings,12.740401827031747,group01_experiment03_subject_08,5.0,False,290.0,0.043932420093212916,,12740.401827031747
group01_experiment03_subject_08_repeat5,clip_feature_store_write_and_read,0.02248514606617391,group01_experiment03_subject_08,5.0,False,290.0,7.753498643508245e-05,,22.48514606617391
group01_experiment03_subject_08_repeat5,temporal_window_construction,0.26325293094851077,group01_experiment03_subject_08,5.0,False,290.0,0.0009077687274086578,,263.25293094851077
group01_experiment03_subject_08_repeat5,fairness_model_prediction,0.301095190923661,group01_experiment03_subject_08,5.0,False,290.0,0.001038259279047107,,301.095190923661
group01_experiment03_subject_08_repeat5,end_to_end_unknown_data,15.173782006837428,group01_experiment03_subject_08,5.0,False,290.0,0.05232338623047389,,15173.782006837428
group01_experiment03_subject_08_repeat5,cold_start_plus_end_to_end,23.26932653784752,group01_experiment03_subject_08,5.0,False,290.0,0.08023905702706041,,23269.32653784752
group01_experiment03_subject_10_repeat5,raw_csv_load,0.3032598828431219,group01_experiment03_subject_10,5.0,False,291.0,0.001042130181591484,,303.2598828431219
group01_experiment03_subject_10_repeat5,image_path_resolution,0.3545189588330686,group01_experiment03_subject_10,5.0,False,291.0,0.0012182782090483456,,354.5189588330686
group01_experiment03_subject_10_repeat5,temporal_sensor_image_alignment,1.2574024160858244,group01_experiment03_subject_10,5.0,False,291.0,0.004320970502013142,,1257.4024160858244
group01_experiment03_subject_10_repeat5,aggregated_parquet_write,0.022313561057671905,group01_experiment03_subject_10,5.0,False,291.0,7.667890397825397e-05,,22.313561057671905
group01_experiment03_subject_10_repeat5,aggregated_parquet_read_and_preprocessing,0.020375076914206147,group01_experiment03_subject_10,5.0,False,291.0,7.001744644057096e-05,,20.375076914206147
group01_experiment03_subject_10_repeat5,clip_vitl14_embeddings,12.97794305998832,group01_experiment03_subject_10,5.0,False,291.0,0.044597742474186665,,12977.94305998832
group01_experiment03_subject_10_repeat5,clip_feature_store_write_and_read,0.0224724430590868,group01_experiment03_subject_10,5.0,False,291.0,7.722489023741168e-05,,22.4724430590868
group01_experiment03_subject_10_repeat5,temporal_window_construction,0.2588087620679289,group01_experiment03_subject_10,5.0,False,291.0,0.0008893771892368691,,258.8087620679289
group01_experiment03_subject_10_repeat5,fairness_model_prediction,0.30327706807293,group01_experiment03_subject_10,5.0,False,291.0,0.0010421892373640206,,303.27706807293
group01_experiment03_subject_10_repeat5,end_to_end_unknown_data,15.521540619898587,group01_experiment03_subject_10,5.0,False,291.0,0.05333862755978896,,15521.540619898587
group01_experiment03_subject_10_repeat5,cold_start_plus_end_to_end,23.61708515090868,group01_experiment03_subject_10,5.0,False,291.0,0.08115836821618103,,23617.08515090868
group01_experiment03_subject_15_repeat5,raw_csv_load,0.30247799516655505,group01_experiment03_subject_15,5.0,False,290.0,0.001043027569539845,,302.47799516655505
group01_experiment03_subject_15_repeat5,image_path_resolution,0.22067048400640488,group01_experiment03_subject_15,5.0,False,290.0,0.0007609327034703617,,220.67048400640488
group01_experiment03_subject_15_repeat5,temporal_sensor_image_alignment,1.2426750371232629,group01_experiment03_subject_15,5.0,False,290.0,0.004285086334907803,,1242.6750371232629
group01_experiment03_subject_15_repeat5,aggregated_parquet_write,0.020826763939112425,group01_experiment03_subject_15,5.0,False,290.0,7.181642737624974e-05,,20.826763939112425
group01_experiment03_subject_15_repeat5,aggregated_parquet_read_and_preprocessing,0.020195700926706195,group01_experiment03_subject_15,5.0,False,290.0,6.964034802312481e-05,,20.195700926706195
group01_experiment03_subject_15_repeat5,clip_vitl14_embeddings,12.913797111948952,group01_experiment03_subject_15,5.0,False,290.0,0.04453033486878949,,12913.797111948952
group01_experiment03_subject_15_repeat5,clip_feature_store_write_and_read,0.022797528887167573,group01_experiment03_subject_15,5.0,False,290.0,7.86121685764399e-05,,22.797528887167573
group01_experiment03_subject_15_repeat5,temporal_window_construction,0.25688150292262435,group01_experiment03_subject_15,5.0,False,290.0,0.0008857982859400839,,256.88150292262435
group01_experiment03_subject_15_repeat5,fairness_model_prediction,0.30470195692032576,group01_experiment03_subject_15,5.0,False,290.0,0.0010506964031735371,,304.70195692032576
group01_experiment03_subject_15_repeat5,end_to_end_unknown_data,15.306449538795277,group01_experiment03_subject_15,5.0,False,290.0,0.052780860478604405,,15306.449538795277
group01_experiment03_subject_15_repeat5,cold_start_plus_end_to_end,23.40199406980537,group01_experiment03_subject_15,5.0,False,290.0,0.08069653127519093,,23401.99406980537
group01_experiment03_subject_18_repeat5,raw_csv_load,0.306258323835209,group01_experiment03_subject_18,5.0,False,290.0,0.0010560631856386517,,306.258323835209
group01_experiment03_subject_18_repeat5,image_path_resolution,0.2653142409399152,group01_experiment03_subject_18,5.0,False,290.0,0.0009148766928962593,,265.3142409399152
group01_experiment03_subject_18_repeat5,temporal_sensor_image_alignment,1.2041644579730928,group01_experiment03_subject_18,5.0,False,290.0,0.004152291234389975,,1204.1644579730928
group01_experiment03_subject_18_repeat5,aggregated_parquet_write,0.02110942592844367,group01_experiment03_subject_18,5.0,False,290.0,7.279112389118507e-05,,21.10942592844367
group01_experiment03_subject_18_repeat5,aggregated_parquet_read_and_preprocessing,0.020056348061189055,group01_experiment03_subject_18,5.0,False,290.0,6.915982090065192e-05,,20.056348061189055
group01_experiment03_subject_18_repeat5,clip_vitl14_embeddings,12.53835089597851,group01_experiment03_subject_18,5.0,False,290.0,0.04323569274475349,,12538.35089597851
group01_experiment03_subject_18_repeat5,clip_feature_store_write_and_read,0.02043887204490602,group01_experiment03_subject_18,5.0,False,290.0,7.047886912036559e-05,,20.43887204490602
group01_experiment03_subject_18_repeat5,temporal_window_construction,0.2569979429244995,group01_experiment03_subject_18,5.0,False,290.0,0.0008861998031879293,,256.9979429244995
group01_experiment03_subject_18_repeat5,fairness_model_prediction,0.2998885700944811,group01_experiment03_subject_18,5.0,False,290.0,0.0010340985175671762,,299.8885700944811
group01_experiment03_subject_18_repeat5,end_to_end_unknown_data,14.93398448987864,group01_experiment03_subject_18,5.0,False,290.0,0.05149649824096083,,14933.98448987864
group01_experiment03_subject_18_repeat5,cold_start_plus_end_to_end,23.02952902088873,group01_experiment03_subject_18,5.0,False,290.0,0.07941216903754734,,23029.52902088873
group01_experiment04_subject_08_repeat5,raw_csv_load,0.2603254320565611,group01_experiment04_subject_08,5.0,False,234.0,0.0011125018463955603,,260.3254320565611
group01_experiment04_subject_08_repeat5,image_path_resolution,0.2762026279233396,group01_experiment04_subject_08,5.0,False,234.0,0.0011803531107835027,,276.2026279233396
group01_experiment04_subject_08_repeat5,temporal_sensor_image_alignment,1.0002672509290278,group01_experiment04_subject_08,5.0,False,234.0,0.004274646371491572,,1000.2672509290278
group01_experiment04_subject_08_repeat5,aggregated_parquet_write,0.02017587097361684,group01_experiment04_subject_08,5.0,False,234.0,8.622167082742239e-05,,20.17587097361684
group01_experiment04_subject_08_repeat5,aggregated_parquet_read_and_preprocessing,0.01956778299063444,group01_experiment04_subject_08,5.0,False,234.0,8.362300423348052e-05,,19.56778299063444
group01_experiment04_subject_08_repeat5,clip_vitl14_embeddings,8.364217327907681,group01_experiment04_subject_08,5.0,False,234.0,0.03574451849533197,,8364.217327907681
group01_experiment04_subject_08_repeat5,clip_feature_store_write_and_read,0.02382978703826666,group01_experiment04_subject_08,5.0,False,234.0,0.00010183669674472931,,23.82978703826666
group01_experiment04_subject_08_repeat5,temporal_window_construction,0.21946408413350582,group01_experiment04_subject_08,5.0,False,234.0,0.0009378807014252385,,219.46408413350582
group01_experiment04_subject_08_repeat5,fairness_model_prediction,0.23678107094019651,group01_experiment04_subject_08,5.0,False,234.0,0.0010118849185478482,,236.7810709401965
group01_experiment04_subject_08_repeat5,end_to_end_unknown_data,10.421933507081121,group01_experiment04_subject_08,5.0,False,234.0,0.044538177380688555,,10421.933507081121
group01_experiment04_subject_08_repeat5,cold_start_plus_end_to_end,18.517478038091213,group01_experiment04_subject_08,5.0,False,234.0,0.07913452153030433,,18517.478038091213
group01_experiment04_subject_10_repeat5,raw_csv_load,0.3115172008983791,group01_experiment04_subject_10,5.0,False,291.0,0.001070505845011612,,311.5172008983791
group01_experiment04_subject_10_repeat5,image_path_resolution,0.22352432180196047,group01_experiment04_subject_10,5.0,False,291.0,0.0007681248171888676,,223.52432180196047
group01_experiment04_subject_10_repeat5,temporal_sensor_image_alignment,1.2639917021151632,group01_experiment04_subject_10,5.0,False,291.0,0.004343614096615681,,1263.9917021151632
group01_experiment04_subject_10_repeat5,aggregated_parquet_write,0.020850844914093614,group01_experiment04_subject_10,5.0,False,291.0,7.165238802094026e-05,,20.850844914093614
group01_experiment04_subject_10_repeat5,aggregated_parquet_read_and_preprocessing,0.019743746146559715,group01_experiment04_subject_10,5.0,False,291.0,6.784792490226707e-05,,19.743746146559715
group01_experiment04_subject_10_repeat5,clip_vitl14_embeddings,10.832191709894687,group01_experiment04_subject_10,5.0,False,291.0,0.03722402649448346,,10832.191709894687
group01_experiment04_subject_10_repeat5,clip_feature_store_write_and_read,0.02336790389381349,group01_experiment04_subject_10,5.0,False,291.0,8.030207523647248e-05,,23.36790389381349
group01_experiment04_subject_10_repeat5,temporal_window_construction,0.2588832429610193,group01_experiment04_subject_10,5.0,False,291.0,0.0008896331373230903,,258.8832429610193
group01_experiment04_subject_10_repeat5,fairness_model_prediction,0.30207076109945774,group01_experiment04_subject_10,5.0,False,291.0,0.0010380438525754562,,302.07076109945774
group01_experiment04_subject_10_repeat5,end_to_end_unknown_data,13.257207412971184,group01_experiment04_subject_10,5.0,False,291.0,0.04555741379027898,,13257.207412971184
group01_experiment04_subject_10_repeat5,cold_start_plus_end_to_end,21.352751943981275,group01_experiment04_subject_10,5.0,False,291.0,0.07337715444667105,,21352.751943981275
group01_experiment04_subject_15_repeat5,raw_csv_load,0.3096942228730768,group01_experiment04_subject_15,5.0,False,290.0,0.0010679111133554372,,309.6942228730768
group01_experiment04_subject_15_repeat5,image_path_resolution,0.2680083611048758,group01_experiment04_subject_15,5.0,False,290.0,0.0009241667624306062,,268.0083611048758
group01_experiment04_subject_15_repeat5,temporal_sensor_image_alignment,1.2582767480053008,group01_experiment04_subject_15,5.0,False,290.0,0.004338885337949313,,1258.2767480053008
group01_experiment04_subject_15_repeat5,aggregated_parquet_write,0.02098428993485868,group01_experiment04_subject_15,5.0,False,290.0,7.235962046502993e-05,,20.98428993485868
group01_experiment04_subject_15_repeat5,aggregated_parquet_read_and_preprocessing,0.020373755134642124,group01_experiment04_subject_15,5.0,False,290.0,7.025432805049009e-05,,20.373755134642124
group01_experiment04_subject_15_repeat5,clip_vitl14_embeddings,10.927807957865298,group01_experiment04_subject_15,5.0,False,290.0,0.03768209640643206,,10927.807957865298
group01_experiment04_subject_15_repeat5,clip_feature_store_write_and_read,0.02246355591341853,group01_experiment04_subject_15,5.0,False,290.0,7.746053763247769e-05,,22.46355591341853
group01_experiment04_subject_15_repeat5,temporal_window_construction,0.260739988880232,group01_experiment04_subject_15,5.0,False,290.0,0.0008991034099318344,,260.739988880232
group01_experiment04_subject_15_repeat5,fairness_model_prediction,0.29782615206204355,group01_experiment04_subject_15,5.0,False,290.0,0.001026986731248426,,297.82615206204355
group01_experiment04_subject_15_repeat5,end_to_end_unknown_data,13.387523401994258,group01_experiment04_subject_15,5.0,False,290.0,0.0461638737999802,,13387.523401994258
group01_experiment04_subject_15_repeat5,cold_start_plus_end_to_end,21.48306793300435,group01_experiment04_subject_15,5.0,False,290.0,0.07407954459656672,,21483.06793300435
group01_experiment04_subject_18_repeat5,raw_csv_load,0.24439100502058864,group01_experiment04_subject_18,5.0,False,230.0,0.0010625695870460376,,244.39100502058864
group01_experiment04_subject_18_repeat5,image_path_resolution,0.265201159985736,group01_experiment04_subject_18,5.0,False,230.0,0.001153048521677113,,265.201159985736
group01_experiment04_subject_18_repeat5,temporal_sensor_image_alignment,0.999197939876467,group01_experiment04_subject_18,5.0,False,230.0,0.004344338869028117,,999.197939876467
group01_experiment04_subject_18_repeat5,aggregated_parquet_write,0.02234570705331862,group01_experiment04_subject_18,5.0,False,230.0,9.715524805790705e-05,,22.34570705331862
group01_experiment04_subject_18_repeat5,aggregated_parquet_read_and_preprocessing,0.0197523501701653,group01_experiment04_subject_18,5.0,False,230.0,8.587978334854479e-05,,19.7523501701653
group01_experiment04_subject_18_repeat5,clip_vitl14_embeddings,8.192412866977975,group01_experiment04_subject_18,5.0,False,230.0,0.03561918637816511,,8192.412866977975
group01_experiment04_subject_18_repeat5,clip_feature_store_write_and_read,0.019904449116438627,group01_experiment04_subject_18,5.0,False,230.0,8.654108311495055e-05,,19.904449116438627
group01_experiment04_subject_18_repeat5,temporal_window_construction,0.21161007112823427,group01_experiment04_subject_18,5.0,False,230.0,0.000920043787514062,,211.61007112823427
group01_experiment04_subject_18_repeat5,fairness_model_prediction,0.24264641688205302,group01_experiment04_subject_18,5.0,False,230.0,0.0010549844212263174,,242.64641688205302
group01_experiment04_subject_18_repeat5,end_to_end_unknown_data,10.22049421002157,group01_experiment04_subject_18,5.0,False,230.0,0.04443693134791987,,10220.49421002157
group01_experiment04_subject_18_repeat5,cold_start_plus_end_to_end,18.31603874103166,group01_experiment04_subject_18,5.0,False,230.0,0.07963495104796374,,18316.03874103166
group01_experiment06_subject_08_repeat5,raw_csv_load,0.29608830506913364,group01_experiment06_subject_08,5.0,False,291.0,0.0010174855844300125,,296.08830506913364
group01_experiment06_subject_08_repeat5,image_path_resolution,0.2188821379095316,group01_experiment06_subject_08,5.0,False,291.0,0.000752172295221758,,218.8821379095316
group01_experiment06_subject_08_repeat5,temporal_sensor_image_alignment,1.0816290669608861,group01_experiment06_subject_08,5.0,False,291.0,0.0037169383744360346,,1081.6290669608861
group01_experiment06_subject_08_repeat5,aggregated_parquet_write,0.02006849111057818,group01_experiment06_subject_08,5.0,False,291.0,6.896388697793188e-05,,20.06849111057818
group01_experiment06_subject_08_repeat5,aggregated_parquet_read_and_preprocessing,0.019055458949878812,group01_experiment06_subject_08,5.0,False,291.0,6.548267680370726e-05,,19.055458949878812
group01_experiment06_subject_08_repeat5,clip_vitl14_embeddings,11.92918767593801,group01_experiment06_subject_08,5.0,False,291.0,0.0409937720822612,,11929.18767593801
group01_experiment06_subject_08_repeat5,clip_feature_store_write_and_read,0.019734582863748074,group01_experiment06_subject_08,5.0,False,291.0,6.781643595789716e-05,,19.734582863748074
group01_experiment06_subject_08_repeat5,temporal_window_construction,0.25751281389966607,group01_experiment06_subject_08,5.0,False,291.0,0.0008849237591053817,,257.51281389966607
group01_experiment06_subject_08_repeat5,fairness_model_prediction,0.3076560420449823,group01_experiment06_subject_08,5.0,False,291.0,0.0010572372578865371,,307.6560420449823
group01_experiment06_subject_08_repeat5,end_to_end_unknown_data,14.150904579088092,group01_experiment06_subject_08,5.0,False,291.0,0.04862853807246767,,14150.904579088092
group01_experiment06_subject_08_repeat5,cold_start_plus_end_to_end,22.246449110098183,group01_experiment06_subject_08,5.0,False,291.0,0.07644827872885973,,22246.449110098183
group01_experiment06_subject_10_repeat5,raw_csv_load,0.29654899914748967,group01_experiment06_subject_10,5.0,False,291.0,0.001019068725592748,,296.54899914748967
group01_experiment06_subject_10_repeat5,image_path_resolution,0.18601257493719459,group01_experiment06_subject_10,5.0,False,291.0,0.0006392184705745519,,186.0125749371946
group01_experiment06_subject_10_repeat5,temporal_sensor_image_alignment,1.050729215843603,group01_experiment06_subject_10,5.0,False,291.0,0.003610753319050182,,1050.729215843603
group01_experiment06_subject_10_repeat5,aggregated_parquet_write,0.019615896977484226,group01_experiment06_subject_10,5.0,False,291.0,6.740858067863995e-05,,19.615896977484226
group01_experiment06_subject_10_repeat5,aggregated_parquet_read_and_preprocessing,0.020560859004035592,group01_experiment06_subject_10,5.0,False,291.0,7.06558728661017e-05,,20.560859004035592
group01_experiment06_subject_10_repeat5,clip_vitl14_embeddings,10.16016893205233,group01_experiment06_subject_10,5.0,False,291.0,0.034914669869595634,,10160.16893205233
group01_experiment06_subject_10_repeat5,clip_feature_store_write_and_read,0.026864831801503897,group01_experiment06_subject_10,5.0,False,291.0,9.231900962716115e-05,,26.864831801503897
group01_experiment06_subject_10_repeat5,temporal_window_construction,0.26189909502863884,group01_experiment06_subject_10,5.0,False,291.0,0.0008999968901327796,,261.89909502863884
group01_experiment06_subject_10_repeat5,fairness_model_prediction,0.29275254206731915,group01_experiment06_subject_10,5.0,False,291.0,0.0010060224813309936,,292.75254206731915
group01_experiment06_subject_10_repeat5,end_to_end_unknown_data,12.316212536068633,group01_experiment06_subject_10,5.0,False,291.0,0.04232375441947984,,12316.212536068633
group01_experiment06_subject_10_repeat5,cold_start_plus_end_to_end,20.411757067078725,group01_experiment06_subject_10,5.0,False,291.0,0.0701434950758719,,20411.757067078725
group01_experiment06_subject_15_repeat5,raw_csv_load,0.30983370007015765,group01_experiment06_subject_15,5.0,False,291.0,0.0010647206187977926,,309.83370007015765
group01_experiment06_subject_15_repeat5,image_path_resolution,0.2144183989148587,group01_experiment06_subject_15,5.0,False,291.0,0.0007368329859617137,,214.4183989148587
group01_experiment06_subject_15_repeat5,temporal_sensor_image_alignment,1.0946210119873285,group01_experiment06_subject_15,5.0,False,291.0,0.0037615842336334313,,1094.6210119873285
group01_experiment06_subject_15_repeat5,aggregated_parquet_write,0.02004155213944614,group01_experiment06_subject_15,5.0,False,291.0,6.887131319397299e-05,,20.04155213944614
group01_experiment06_subject_15_repeat5,aggregated_parquet_read_and_preprocessing,0.018871417036280036,group01_experiment06_subject_15,5.0,False,291.0,6.48502303652235e-05,,18.871417036280036
group01_experiment06_subject_15_repeat5,clip_vitl14_embeddings,12.14176303613931,group01_experiment06_subject_15,5.0,False,291.0,0.0417242716018533,,12141.76303613931
group01_experiment06_subject_15_repeat5,clip_feature_store_write_and_read,0.01999597204849124,group01_experiment06_subject_15,5.0,False,291.0,6.87146805790077e-05,,19.99597204849124
group01_experiment06_subject_15_repeat5,temporal_window_construction,0.25758886709809303,group01_experiment06_subject_15,5.0,False,291.0,0.0008851851103027252,,257.58886709809303
group01_experiment06_subject_15_repeat5,fairness_model_prediction,0.29455693485215306,group01_experiment06_subject_15,5.0,False,291.0,0.0010122231438218319,,294.55693485215306
group01_experiment06_subject_15_repeat5,end_to_end_unknown_data,14.372817205032334,group01_experiment06_subject_15,5.0,False,291.0,0.049391124415918676,,14372.817205032334
group01_experiment06_subject_15_repeat5,cold_start_plus_end_to_end,22.468361736042425,group01_experiment06_subject_15,5.0,False,291.0,0.07721086507231074,,22468.361736042425
group01_experiment06_subject_18_repeat5,raw_csv_load,0.308773156022653,group01_experiment06_subject_18,5.0,False,291.0,0.00106107613753489,,308.773156022653
group01_experiment06_subject_18_repeat5,image_path_resolution,0.18646802916191518,group01_experiment06_subject_18,5.0,False,291.0,0.0006407836053674062,,186.46802916191518
group01_experiment06_subject_18_repeat5,temporal_sensor_image_alignment,1.0730305809993297,group01_experiment06_subject_18,5.0,False,291.0,0.003687390312712473,,1073.0305809993297
group01_experiment06_subject_18_repeat5,aggregated_parquet_write,0.022215801058337092,group01_experiment06_subject_18,5.0,False,291.0,7.63429589633577e-05,,22.215801058337092
group01_experiment06_subject_18_repeat5,aggregated_parquet_read_and_preprocessing,0.022166569950059056,group01_experiment06_subject_18,5.0,False,291.0,7.617377989711015e-05,,22.166569950059056
group01_experiment06_subject_18_repeat5,clip_vitl14_embeddings,12.366573365870863,group01_experiment06_subject_18,5.0,False,291.0,0.042496815690277884,,12366.573365870863
group01_experiment06_subject_18_repeat5,clip_feature_store_write_and_read,0.020180257968604565,group01_experiment06_subject_18,5.0,False,291.0,6.934796552785073e-05,,20.180257968604565
group01_experiment06_subject_18_repeat5,temporal_window_construction,0.25776941585354507,group01_experiment06_subject_18,5.0,False,291.0,0.0008858055527613233,,257.76941585354507
group01_experiment06_subject_18_repeat5,fairness_model_prediction,0.30121372593566775,group01_experiment06_subject_18,5.0,False,291.0,0.0010350987145555594,,301.21372593566775
group01_experiment06_subject_18_repeat5,end_to_end_unknown_data,14.559811177896336,group01_experiment06_subject_18,5.0,False,291.0,0.050033715387959914,,14559.811177896336
group01_experiment06_subject_18_repeat5,cold_start_plus_end_to_end,22.655355708906427,group01_experiment06_subject_18,5.0,False,291.0,0.07785345604435198,,22655.355708906427
group01_experiment07_subject_08_repeat5,raw_csv_load,0.30471254186704755,group01_experiment07_subject_08,5.0,False,291.0,0.0010471221370001633,,304.71254186704755
group01_experiment07_subject_08_repeat5,image_path_resolution,0.19272285606712103,group01_experiment07_subject_08,5.0,False,291.0,0.0006622778559007595,,192.72285606712103
group01_experiment07_subject_08_repeat5,temporal_sensor_image_alignment,1.0961001450195909,group01_experiment07_subject_08,5.0,False,291.0,0.0037666671650157762,,1096.1001450195909
group01_experiment07_subject_08_repeat5,aggregated_parquet_write,0.020318247145041823,group01_experiment07_subject_08,5.0,False,291.0,6.982215513760077e-05,,20.318247145041823
group01_experiment07_subject_08_repeat5,aggregated_parquet_read_and_preprocessing,0.01974295894615352,group01_experiment07_subject_08,5.0,False,291.0,6.784521974623203e-05,,19.74295894615352
group01_experiment07_subject_08_repeat5,clip_vitl14_embeddings,11.852920094970614,group01_experiment07_subject_08,5.0,False,291.0,0.04073168417515675,,11852.920094970614
group01_experiment07_subject_08_repeat5,clip_feature_store_write_and_read,0.020597987109795213,group01_experiment07_subject_08,5.0,False,291.0,7.07834608584028e-05,,20.597987109795213
group01_experiment07_subject_08_repeat5,temporal_window_construction,0.25722790881991386,group01_experiment07_subject_08,5.0,False,291.0,0.0008839447038485013,,257.22790881991386
group01_experiment07_subject_08_repeat5,fairness_model_prediction,0.29304783791303635,group01_experiment07_subject_08,5.0,False,291.0,0.0010070372436874102,,293.04783791303635
group01_experiment07_subject_08_repeat5,end_to_end_unknown_data,14.058517349883914,group01_experiment07_subject_08,5.0,False,291.0,0.04831105618516809,,14058.517349883914
group01_experiment07_subject_08_repeat5,cold_start_plus_end_to_end,22.154061880894005,group01_experiment07_subject_08,5.0,False,291.0,0.07613079684156016,,22154.061880894005
group01_experiment07_subject_10_repeat5,raw_csv_load,0.2883021389134228,group01_experiment07_subject_10,5.0,False,291.0,0.000990728999702484,,288.3021389134228
group01_experiment07_subject_10_repeat5,image_path_resolution,0.19883067510090768,group01_experiment07_subject_10,5.0,False,291.0,0.0006832669247453872,,198.83067510090768
group01_experiment07_subject_10_repeat5,temporal_sensor_image_alignment,1.0879691608715802,group01_experiment07_subject_10,5.0,False,291.0,0.003738725638733953,,1087.9691608715802
group01_experiment07_subject_10_repeat5,aggregated_parquet_write,0.019818834960460663,group01_experiment07_subject_10,5.0,False,291.0,6.81059620634387e-05,,19.818834960460663
group01_experiment07_subject_10_repeat5,aggregated_parquet_read_and_preprocessing,0.019338598009198904,group01_experiment07_subject_10,5.0,False,291.0,6.645566326185191e-05,,19.338598009198904
group01_experiment07_subject_10_repeat5,clip_vitl14_embeddings,11.936314212158322,group01_experiment07_subject_10,5.0,False,291.0,0.04101826189745128,,11936.314212158322
group01_experiment07_subject_10_repeat5,clip_feature_store_write_and_read,0.020166796166449785,group01_experiment07_subject_10,5.0,False,291.0,6.930170503934634e-05,,20.166796166449785
group01_experiment07_subject_10_repeat5,temporal_window_construction,0.25903483107686043,group01_experiment07_subject_10,5.0,False,291.0,0.0008901540586833691,,259.0348310768604
group01_experiment07_subject_10_repeat5,fairness_model_prediction,0.29421384003944695,group01_experiment07_subject_10,5.0,False,291.0,0.0010110441238468967,,294.21384003944695
group01_experiment07_subject_10_repeat5,end_to_end_unknown_data,14.125157356029376,group01_experiment07_subject_10,5.0,False,291.0,0.04854005964271264,,14125.157356029376
group01_experiment07_subject_10_repeat5,cold_start_plus_end_to_end,22.220701887039468,group01_experiment07_subject_10,5.0,False,291.0,0.0763598002991047,,22220.701887039468
group01_experiment07_subject_18_repeat5,raw_csv_load,0.3085641469806433,group01_experiment07_subject_18,5.0,False,291.0,0.0010603578934042725,,308.5641469806433
group01_experiment07_subject_18_repeat5,image_path_resolution,0.19946133298799396,group01_experiment07_subject_18,5.0,False,291.0,0.0006854341339793607,,199.46133298799396
group01_experiment07_subject_18_repeat5,temporal_sensor_image_alignment,1.0802126568742096,group01_experiment07_subject_18,5.0,False,291.0,0.003712070985822026,,1080.2126568742096
group01_experiment07_subject_18_repeat5,aggregated_parquet_write,0.02116699004545808,group01_experiment07_subject_18,5.0,False,291.0,7.273879740707244e-05,,21.16699004545808
group01_experiment07_subject_18_repeat5,aggregated_parquet_read_and_preprocessing,0.018751058960333467,group01_experiment07_subject_18,5.0,False,291.0,6.443662872966827e-05,,18.751058960333467
group01_experiment07_subject_18_repeat5,clip_vitl14_embeddings,12.080117149045691,group01_experiment07_subject_18,5.0,False,291.0,0.04151243006544911,,12080.11714904569
group01_experiment07_subject_18_repeat5,clip_feature_store_write_and_read,0.02698341803625226,group01_experiment07_subject_18,5.0,False,291.0,9.272652246134797e-05,,26.98341803625226
group01_experiment07_subject_18_repeat5,temporal_window_construction,0.2669666518922895,group01_experiment07_subject_18,5.0,False,291.0,0.0009174111748875928,,266.9666518922895
group01_experiment07_subject_18_repeat5,fairness_model_prediction,0.29715837188996375,group01_experiment07_subject_18,5.0,False,291.0,0.0010211627899998754,,297.15837188996375
group01_experiment07_subject_18_repeat5,end_to_end_unknown_data,14.300449511036277,group01_experiment07_subject_18,5.0,False,291.0,0.04914243818225525,,14300.449511036277
group01_experiment07_subject_18_repeat5,cold_start_plus_end_to_end,22.395994042046368,group01_experiment07_subject_18,5.0,False,291.0,0.07696217883864731,,22395.994042046368
group01_experiment08_subject_18_repeat5,raw_csv_load,0.30368474405258894,group01_experiment08_subject_18,5.0,False,291.0,0.0010435901857477282,,303.68474405258894
group01_experiment08_subject_18_repeat5,image_path_resolution,0.24087382503785193,group01_experiment08_subject_18,5.0,False,291.0,0.0008277451032228588,,240.87382503785193
group01_experiment08_subject_18_repeat5,temporal_sensor_image_alignment,1.0822164791170508,group01_experiment08_subject_18,5.0,False,291.0,0.0037189569729108272,,1082.2164791170508
group01_experiment08_subject_18_repeat5,aggregated_parquet_write,0.019364772830158472,group01_experiment08_subject_18,5.0,False,291.0,6.654561110020094e-05,,19.364772830158472
group01_experiment08_subject_18_repeat5,aggregated_parquet_read_and_preprocessing,0.018697767984122038,group01_experiment08_subject_18,5.0,False,291.0,6.42534982272235e-05,,18.697767984122038
group01_experiment08_subject_18_repeat5,clip_vitl14_embeddings,10.440598791930825,group01_experiment08_subject_18,5.0,False,291.0,0.03587834636402345,,10440.598791930825
group01_experiment08_subject_18_repeat5,clip_feature_store_write_and_read,0.02043010899797082,group01_experiment08_subject_18,5.0,False,291.0,7.020656013048392e-05,,20.43010899797082
group01_experiment08_subject_18_repeat5,temporal_window_construction,0.2576033668592572,group01_experiment08_subject_18,5.0,False,291.0,0.0008852349376606778,,257.6033668592572
group01_experiment08_subject_18_repeat5,fairness_model_prediction,0.3018601208459586,group01_experiment08_subject_18,5.0,False,291.0,0.001037320002907074,,301.8601208459586
group01_experiment08_subject_18_repeat5,end_to_end_unknown_data,12.686659140978009,group01_experiment08_subject_18,5.0,False,291.0,0.04359676680748457,,12686.659140978009
group01_experiment08_subject_18_repeat5,cold_start_plus_end_to_end,20.7822036719881,group01_experiment08_subject_18,5.0,False,291.0,0.07141650746387664,,20782.2036719881
group02_experiment01_subject_07_repeat5,raw_csv_load,0.28971370006911457,group02_experiment01_subject_07,5.0,False,290.0,0.0009990127588590159,,289.71370006911457
group02_experiment01_subject_07_repeat5,image_path_resolution,0.22623632894828916,group02_experiment01_subject_07,5.0,False,290.0,0.0007801252722354798,,226.23632894828916
group02_experiment01_subject_07_repeat5,temporal_sensor_image_alignment,1.1134903889615089,group02_experiment01_subject_07,5.0,False,290.0,0.0038396220309017547,,1113.4903889615089
group02_experiment01_subject_07_repeat5,aggregated_parquet_write,0.0202877139672637,group02_experiment01_subject_07,5.0,False,290.0,6.995763436987482e-05,,20.2877139672637
group02_experiment01_subject_07_repeat5,aggregated_parquet_read_and_preprocessing,0.0200952950399369,group02_experiment01_subject_07,5.0,False,290.0,6.929412082736862e-05,,20.0952950399369
group02_experiment01_subject_07_repeat5,clip_vitl14_embeddings,10.831188593059778,group02_experiment01_subject_07,5.0,False,290.0,0.03734892618296475,,10831.188593059778
group02_experiment01_subject_07_repeat5,clip_feature_store_write_and_read,0.02099376590922475,group02_experiment01_subject_07,5.0,False,290.0,7.239229623870603e-05,,20.99376590922475
group02_experiment01_subject_07_repeat5,temporal_window_construction,0.2597031251061708,group02_experiment01_subject_07,5.0,False,290.0,0.0008955280176074854,,259.7031251061708
group02_experiment01_subject_07_repeat5,fairness_model_prediction,0.29776432691141963,group02_experiment01_subject_07,5.0,False,290.0,0.0010267735410738608,,297.76432691141963
group02_experiment01_subject_07_repeat5,end_to_end_unknown_data,13.080619556130841,group02_experiment01_subject_07,5.0,False,290.0,0.045105584676313246,,13080.619556130841
group02_experiment01_subject_07_repeat5,cold_start_plus_end_to_end,21.176164087140933,group02_experiment01_subject_07,5.0,False,290.0,0.07302125547289977,,21176.164087140933
group02_experiment01_subject_16_repeat5,raw_csv_load,0.30975125706754625,group02_experiment01_subject_16,5.0,False,290.0,0.0010681077829915388,,309.75125706754625
group02_experiment01_subject_16_repeat5,image_path_resolution,0.20394641696475446,group02_experiment01_subject_16,5.0,False,290.0,0.0007032635067750154,,203.94641696475446
group02_experiment01_subject_16_repeat5,temporal_sensor_image_alignment,1.1290807081386447,group02_experiment01_subject_16,5.0,False,290.0,0.0038933817522022233,,1129.0807081386447
group02_experiment01_subject_16_repeat5,aggregated_parquet_write,0.019390809116885066,group02_experiment01_subject_16,5.0,False,290.0,6.68648590237416e-05,,19.390809116885066
group02_experiment01_subject_16_repeat5,aggregated_parquet_read_and_preprocessing,0.019748548977077007,group02_experiment01_subject_16,5.0,False,290.0,6.80984447485414e-05,,19.748548977077007
group02_experiment01_subject_16_repeat5,clip_vitl14_embeddings,10.733821528963745,group02_experiment01_subject_16,5.0,False,290.0,0.03701317768608188,,10733.821528963745
group02_experiment01_subject_16_repeat5,clip_feature_store_write_and_read,0.02052929508499801,group02_experiment01_subject_16,5.0,False,290.0,7.07906727068897e-05,,20.52929508499801
group02_experiment01_subject_16_repeat5,temporal_window_construction,0.25392948114313185,group02_experiment01_subject_16,5.0,False,290.0,0.0008756189004935581,,253.92948114313185
group02_experiment01_subject_16_repeat5,fairness_model_prediction,0.28835780802182853,group02_experiment01_subject_16,5.0,False,290.0,0.000994337269040788,,288.35780802182853
group02_experiment01_subject_16_repeat5,end_to_end_unknown_data,12.979631574824452,group02_experiment01_subject_16,5.0,False,290.0,0.04475735025801535,,12979.631574824452
group02_experiment01_subject_16_repeat5,cold_start_plus_end_to_end,21.075176105834544,group02_experiment01_subject_16,5.0,False,290.0,0.07267302105460187,,21075.176105834544
group02_experiment01_subject_20_repeat5,raw_csv_load,0.3017029988113791,group02_experiment01_subject_20,5.0,False,291.0,0.0010367800646439143,,301.7029988113791
group02_experiment01_subject_20_repeat5,image_path_resolution,0.28628709516488016,group02_experiment01_subject_20,5.0,False,291.0,0.0009838044507384197,,286.28709516488016
group02_experiment01_subject_20_repeat5,temporal_sensor_image_alignment,1.095027144998312,group02_experiment01_subject_20,5.0,False,291.0,0.0037629798797192853,,1095.027144998312
group02_experiment01_subject_20_repeat5,aggregated_parquet_write,0.1492439389694482,group02_experiment01_subject_20,5.0,False,291.0,0.0005128657696544612,,149.2439389694482
group02_experiment01_subject_20_repeat5,aggregated_parquet_read_and_preprocessing,0.01887230295687914,group02_experiment01_subject_20,5.0,False,291.0,6.48532747659077e-05,,18.87230295687914
group02_experiment01_subject_20_repeat5,clip_vitl14_embeddings,9.9855502480641,group02_experiment01_subject_20,5.0,False,291.0,0.034314605663450515,,9985.5502480641
group02_experiment01_subject_20_repeat5,clip_feature_store_write_and_read,0.02778090606443584,group02_experiment01_subject_20,5.0,False,291.0,9.546703114926405e-05,,27.78090606443584
group02_experiment01_subject_20_repeat5,temporal_window_construction,0.2608869879040867,group02_experiment01_subject_20,5.0,False,291.0,0.0008965188587769302,,260.8869879040867
group02_experiment01_subject_20_repeat5,fairness_model_prediction,0.29097011499106884,group02_experiment01_subject_20,5.0,False,291.0,0.000999897302374807,,290.97011499106884
group02_experiment01_subject_20_repeat5,end_to_end_unknown_data,12.417573250131682,group02_experiment01_subject_20,5.0,False,291.0,0.0426720730245075,,12417.573250131682
group02_experiment01_subject_20_repeat5,cold_start_plus_end_to_end,20.513117781141773,group02_experiment01_subject_20,5.0,False,291.0,0.07049181368089956,,20513.117781141773
group02_experiment02_subject_07_repeat5,raw_csv_load,0.31237936904653907,group02_experiment02_subject_07,5.0,False,291.0,0.0010734686221530552,,312.37936904653907
group02_experiment02_subject_07_repeat5,image_path_resolution,0.22274388489313424,group02_experiment02_subject_07,5.0,False,291.0,0.0007654429034128325,,222.74388489313424
group02_experiment02_subject_07_repeat5,temporal_sensor_image_alignment,1.1033750211354345,group02_experiment02_subject_07,5.0,False,291.0,0.003791666739297026,,1103.3750211354345
group02_experiment02_subject_07_repeat5,aggregated_parquet_write,0.0193194099701941,group02_experiment02_subject_07,5.0,False,291.0,6.638972498348488e-05,,19.3194099701941
group02_experiment02_subject_07_repeat5,aggregated_parquet_read_and_preprocessing,0.019073712872341275,group02_experiment02_subject_07,5.0,False,291.0,6.554540505959201e-05,,19.073712872341275
group02_experiment02_subject_07_repeat5,clip_vitl14_embeddings,13.164948311867192,group02_experiment02_subject_07,5.0,False,291.0,0.045240372205729185,,13164.948311867192
group02_experiment02_subject_07_repeat5,clip_feature_store_write_and_read,0.02359576686285436,group02_experiment02_subject_07,5.0,False,291.0,8.108510949434488e-05,,23.59576686285436
group02_experiment02_subject_07_repeat5,temporal_window_construction,0.2622638279572129,group02_experiment02_subject_07,5.0,False,291.0,0.0009012502678942025,,262.2638279572129
group02_experiment02_subject_07_repeat5,fairness_model_prediction,0.29294799198396504,group02_experiment02_subject_07,5.0,False,291.0,0.0010066941305290895,,292.94799198396504
group02_experiment02_subject_07_repeat5,end_to_end_unknown_data,15.421743451151997,group02_experiment02_subject_07,5.0,False,291.0,0.05299568196272164,,15421.743451151997
group02_experiment02_subject_07_repeat5,cold_start_plus_end_to_end,23.517287982162088,group02_experiment02_subject_07,5.0,False,291.0,0.0808154226191137,,23517.287982162088
group02_experiment02_subject_16_repeat5,raw_csv_load,0.3214026680216193,group02_experiment02_subject_16,5.0,False,289.0,0.001112119958552316,,321.4026680216193
group02_experiment02_subject_16_repeat5,image_path_resolution,0.19984081317670643,group02_experiment02_subject_16,5.0,False,289.0,0.0006914907030335863,,199.84081317670643
group02_experiment02_subject_16_repeat5,temporal_sensor_image_alignment,1.1269111630972475,group02_experiment02_subject_16,5.0,False,289.0,0.003899346585111583,,1126.9111630972475
group02_experiment02_subject_16_repeat5,aggregated_parquet_write,0.020104267867282033,group02_experiment02_subject_16,5.0,False,289.0,6.956494071723887e-05,,20.104267867282033
group02_experiment02_subject_16_repeat5,aggregated_parquet_read_and_preprocessing,0.01918440591543913,group02_experiment02_subject_16,5.0,False,289.0,6.638202738906273e-05,,19.18440591543913
group02_experiment02_subject_16_repeat5,clip_vitl14_embeddings,12.800613231025636,group02_experiment02_subject_16,5.0,False,289.0,0.044292779346109465,,12800.613231025636
group02_experiment02_subject_16_repeat5,clip_feature_store_write_and_read,0.020524343941360712,group02_experiment02_subject_16,5.0,False,289.0,7.101849114657686e-05,,20.524343941360712
group02_experiment02_subject_16_repeat5,temporal_window_construction,0.2504774371627718,group02_experiment02_subject_16,5.0,False,289.0,0.0008667039348192796,,250.47743716277182
group02_experiment02_subject_16_repeat5,fairness_model_prediction,0.2977243319619447,group02_experiment02_subject_16,5.0,False,289.0,0.0010301879998683209,,297.7243319619447
group02_experiment02_subject_16_repeat5,end_to_end_unknown_data,15.057876947103068,group02_experiment02_subject_16,5.0,False,289.0,0.052103380439803004,,15057.876947103068
group02_experiment02_subject_16_repeat5,cold_start_plus_end_to_end,23.15342147811316,group02_experiment02_subject_16,5.0,False,289.0,0.08011564525298671,,23153.42147811316
group02_experiment02_subject_20_repeat5,raw_csv_load,0.29479232616722584,group02_experiment02_subject_20,5.0,False,290.0,0.0010165252626456063,,294.79232616722584
group02_experiment02_subject_20_repeat5,image_path_resolution,0.2682265790645033,group02_experiment02_subject_20,5.0,False,290.0,0.0009249192381534597,,268.2265790645033
group02_experiment02_subject_20_repeat5,temporal_sensor_image_alignment,1.1327038169838488,group02_experiment02_subject_20,5.0,False,290.0,0.003905875230978789,,1132.7038169838488
group02_experiment02_subject_20_repeat5,aggregated_parquet_write,0.020380078814923763,group02_experiment02_subject_20,5.0,False,290.0,7.02761338445647e-05,,20.380078814923763
group02_experiment02_subject_20_repeat5,aggregated_parquet_read_and_preprocessing,0.01887241192162037,group02_experiment02_subject_20,5.0,False,290.0,6.50772824883461e-05,,18.87241192162037
group02_experiment02_subject_20_repeat5,clip_vitl14_embeddings,12.727874703938141,group02_experiment02_subject_20,5.0,False,290.0,0.04388922311702807,,12727.874703938141
group02_experiment02_subject_20_repeat5,clip_feature_store_write_and_read,0.019447421887889504,group02_experiment02_subject_20,5.0,False,290.0,6.706007547548105e-05,,19.447421887889504
group02_experiment02_subject_20_repeat5,temporal_window_construction,0.25541773717850447,group02_experiment02_subject_20,5.0,False,290.0,0.000880750817856912,,255.41773717850447
group02_experiment02_subject_20_repeat5,fairness_model_prediction,0.29768225713633,group02_experiment02_subject_20,5.0,False,290.0,0.0010264905418494138,,297.68225713633
group02_experiment02_subject_20_repeat5,end_to_end_unknown_data,15.036496276035905,group02_experiment02_subject_20,5.0,False,290.0,0.0518499871587445,,15036.496276035905
group02_experiment02_subject_20_repeat5,cold_start_plus_end_to_end,23.132040807045996,group02_experiment02_subject_20,5.0,False,290.0,0.07976565795533103,,23132.040807045996
group02_experiment03_subject_07_repeat5,raw_csv_load,0.3011878780089319,group02_experiment03_subject_07,5.0,False,291.0,0.001035009890065058,,301.1878780089319
group02_experiment03_subject_07_repeat5,image_path_resolution,0.19340777094475925,group02_experiment03_subject_07,5.0,False,291.0,0.0006646315152740868,,193.40777094475925
group02_experiment03_subject_07_repeat5,temporal_sensor_image_alignment,1.0740499219391495,group02_experiment03_subject_07,5.0,False,291.0,0.0036908932025400327,,1074.0499219391495
group02_experiment03_subject_07_repeat5,aggregated_parquet_write,0.019571707118302584,group02_experiment03_subject_07,5.0,False,291.0,6.725672549244874e-05,,19.571707118302584
group02_experiment03_subject_07_repeat5,aggregated_parquet_read_and_preprocessing,0.019033515127375722,group02_experiment03_subject_07,5.0,False,291.0,6.540726847895437e-05,,19.033515127375722
group02_experiment03_subject_07_repeat5,clip_vitl14_embeddings,12.93792187818326,group02_experiment03_subject_07,5.0,False,291.0,0.04446021263980502,,12937.92187818326
group02_experiment03_subject_07_repeat5,clip_feature_store_write_and_read,0.020384922856464982,group02_experiment03_subject_07,5.0,False,291.0,7.005128129369409e-05,,20.384922856464982
group02_experiment03_subject_07_repeat5,temporal_window_construction,0.2560370999854058,group02_experiment03_subject_07,5.0,False,291.0,0.0008798525772694358,,256.0370999854058
group02_experiment03_subject_07_repeat5,fairness_model_prediction,0.29420224693603814,group02_experiment03_subject_07,5.0,False,291.0,0.0010110042850035674,,294.20224693603814
group02_experiment03_subject_07_repeat5,end_to_end_unknown_data,15.116889199940488,group02_experiment03_subject_07,5.0,False,291.0,0.05194807285202917,,15116.889199940488
group02_experiment03_subject_07_repeat5,cold_start_plus_end_to_end,23.21243373095058,group02_experiment03_subject_07,5.0,False,291.0,0.07976781350842123,,23212.43373095058
group02_experiment03_subject_10_repeat5,raw_csv_load,0.32668631221167743,group02_experiment03_subject_10,5.0,False,291.0,0.0011226333752978605,,326.68631221167743
group02_experiment03_subject_10_repeat5,image_path_resolution,0.19551766011863947,group02_experiment03_subject_10,5.0,False,291.0,0.0006718819935348435,,195.51766011863947
group02_experiment03_subject_10_repeat5,temporal_sensor_image_alignment,1.107874508947134,group02_experiment03_subject_10,5.0,False,291.0,0.0038071288967255466,,1107.874508947134
group02_experiment03_subject_10_repeat5,aggregated_parquet_write,0.019646116998046637,group02_experiment03_subject_10,5.0,False,291.0,6.751242954655201e-05,,19.646116998046637
group02_experiment03_subject_10_repeat5,aggregated_parquet_read_and_preprocessing,0.01892150193452835,group02_experiment03_subject_10,5.0,False,291.0,6.50223434176232e-05,,18.92150193452835
group02_experiment03_subject_10_repeat5,clip_vitl14_embeddings,13.454556433018297,group02_experiment03_subject_10,5.0,False,291.0,0.046235589116901364,,13454.556433018297
group02_experiment03_subject_10_repeat5,clip_feature_store_write_and_read,0.022654480999335647,group02_experiment03_subject_10,5.0,False,291.0,7.78504501695383e-05,,22.654480999335647
group02_experiment03_subject_10_repeat5,temporal_window_construction,0.2590472991578281,group02_experiment03_subject_10,5.0,False,291.0,0.0008901969043224333,,259.0472991578281
group02_experiment03_subject_10_repeat5,fairness_model_prediction,0.3006258560344577,group02_experiment03_subject_10,5.0,False,291.0,0.0010330785430737377,,300.6258560344577
group02_experiment03_subject_10_repeat5,end_to_end_unknown_data,15.706660856958479,group02_experiment03_subject_10,5.0,False,291.0,0.053974779577176904,,15706.660856958479
group02_experiment03_subject_10_repeat5,cold_start_plus_end_to_end,23.80220538796857,group02_experiment03_subject_10,5.0,False,291.0,0.08179452023356897,,23802.20538796857
group02_experiment03_subject_16_repeat5,raw_csv_load,0.29222826194018126,group02_experiment03_subject_16,5.0,False,290.0,0.0010076836618626939,,292.22826194018126
group02_experiment03_subject_16_repeat5,image_path_resolution,0.19803892401978374,group02_experiment03_subject_16,5.0,False,290.0,0.0006828928414475301,,198.03892401978374
group02_experiment03_subject_16_repeat5,temporal_sensor_image_alignment,1.1210247878916562,group02_experiment03_subject_16,5.0,False,290.0,0.0038656027168677796,,1121.0247878916562
group02_experiment03_subject_16_repeat5,aggregated_parquet_write,0.019632620038464665,group02_experiment03_subject_16,5.0,False,290.0,6.769868978780919e-05,,19.632620038464665
group02_experiment03_subject_16_repeat5,aggregated_parquet_read_and_preprocessing,0.019217961933463812,group02_experiment03_subject_16,5.0,False,290.0,6.626883425332348e-05,,19.217961933463812
group02_experiment03_subject_16_repeat5,clip_vitl14_embeddings,12.723401302006096,group02_experiment03_subject_16,5.0,False,290.0,0.043873797593124465,,12723.401302006096
group02_experiment03_subject_16_repeat5,clip_feature_store_write_and_read,0.020254993112757802,group02_experiment03_subject_16,5.0,False,290.0,6.984480383709586e-05,,20.254993112757802
group02_experiment03_subject_16_repeat5,temporal_window_construction,0.2574767249170691,group02_experiment03_subject_16,5.0,False,290.0,0.0008878507755761002,,257.4767249170691
group02_experiment03_subject_16_repeat5,fairness_model_prediction,0.2960063209757209,group02_experiment03_subject_16,5.0,False,290.0,0.0010207114516404168,,296.0063209757209
group02_experiment03_subject_16_repeat5,end_to_end_unknown_data,14.948448642157018,group02_experiment03_subject_16,5.0,False,290.0,0.051546374628127646,,14948.448642157018
group02_experiment03_subject_16_repeat5,cold_start_plus_end_to_end,23.04399317316711,group02_experiment03_subject_16,5.0,False,290.0,0.07946204542471418,,23043.99317316711
group02_experiment03_subject_20_repeat5,raw_csv_load,0.30338649498298764,group02_experiment03_subject_20,5.0,True,,,No rows remain after DIPSER sensor cleaning.,303.38649498298764
group02_experiment03_subject_20_repeat5,image_path_resolution,0.18583728396333754,group02_experiment03_subject_20,5.0,True,,,No rows remain after DIPSER sensor cleaning.,185.83728396333754
group02_experiment03_subject_20_repeat5,temporal_sensor_image_alignment,1.0784288949798793,group02_experiment03_subject_20,5.0,True,,,No rows remain after DIPSER sensor cleaning.,1078.4288949798793
group02_experiment03_subject_20_repeat5,aggregated_parquet_write,0.01960796001367271,group02_experiment03_subject_20,5.0,True,,,No rows remain after DIPSER sensor cleaning.,19.60796001367271
group02_experiment03_subject_20_repeat5,aggregated_parquet_read_and_preprocessing,0.01703794812783599,group02_experiment03_subject_20,5.0,True,,,No rows remain after DIPSER sensor cleaning.,17.03794812783599
group02_experiment04_subject_07_repeat5,raw_csv_load,0.3332803810480982,group02_experiment04_subject_07,5.0,False,289.0,0.001153219311585115,,333.2803810480982
group02_experiment04_subject_07_repeat5,image_path_resolution,0.21566366986371577,group02_experiment04_subject_07,5.0,False,289.0,0.0007462410721927881,,215.66366986371577
group02_experiment04_subject_07_repeat5,temporal_sensor_image_alignment,1.101682767039165,group02_experiment04_subject_07,5.0,False,289.0,0.003812051097021332,,1101.682767039165
group02_experiment04_subject_07_repeat5,aggregated_parquet_write,0.019271610071882606,group02_experiment04_subject_07,5.0,False,289.0,6.668377187502632e-05,,19.271610071882606
group02_experiment04_subject_07_repeat5,aggregated_parquet_read_and_preprocessing,0.01915775891393423,group02_experiment04_subject_07,5.0,False,289.0,6.628982323160634e-05,,19.15775891393423
group02_experiment04_subject_07_repeat5,clip_vitl14_embeddings,12.887027184013277,group02_experiment04_subject_07,5.0,False,289.0,0.044591789564059785,,12887.027184013277
group02_experiment04_subject_07_repeat5,clip_feature_store_write_and_read,0.021001374814659357,group02_experiment04_subject_07,5.0,False,289.0,7.266911700574172e-05,,21.001374814659357
group02_experiment04_subject_07_repeat5,temporal_window_construction,0.25821711821481586,group02_experiment04_subject_07,5.0,False,289.0,0.0008934848381135496,,258.21711821481586
group02_experiment04_subject_07_repeat5,fairness_model_prediction,0.3005641680210829,group02_experiment04_subject_07,5.0,False,289.0,0.0010400144222182798,,300.5641680210829
group02_experiment04_subject_07_repeat5,end_to_end_unknown_data,15.156986297108233,group02_experiment04_subject_07,5.0,False,289.0,0.05244631936715652,,15156.986297108233
group02_experiment04_subject_07_repeat5,cold_start_plus_end_to_end,23.252530828118324,group02_experiment04_subject_07,5.0,False,289.0,0.08045858418034023,,23252.530828118324
group02_experiment04_subject_10_repeat5,raw_csv_load,0.304807195905596,group02_experiment04_subject_10,5.0,False,291.0,0.0010474474086102955,,304.807195905596
group02_experiment04_subject_10_repeat5,image_path_resolution,0.292265280848369,group02_experiment04_subject_10,5.0,False,291.0,0.0010043480441524707,,292.265280848369
group02_experiment04_subject_10_repeat5,temporal_sensor_image_alignment,1.0524079189635813,group02_experiment04_subject_10,5.0,False,291.0,0.003616522058294094,,1052.4079189635813
group02_experiment04_subject_10_repeat5,aggregated_parquet_write,0.01971647492609918,group02_experiment04_subject_10,5.0,False,291.0,6.775420936803842e-05,,19.71647492609918
group02_experiment04_subject_10_repeat5,aggregated_parquet_read_and_preprocessing,0.019276430131867528,group02_experiment04_subject_10,5.0,False,291.0,6.624202794456195e-05,,19.276430131867528
group02_experiment04_subject_10_repeat5,clip_vitl14_embeddings,12.391152091091499,group02_experiment04_subject_10,5.0,False,291.0,0.04258127866354467,,12391.152091091499
group02_experiment04_subject_10_repeat5,clip_feature_store_write_and_read,0.020922124851495028,group02_experiment04_subject_10,5.0,False,291.0,7.189733625943308e-05,,20.922124851495028
group02_experiment04_subject_10_repeat5,temporal_window_construction,0.25927537493407726,group02_experiment04_subject_10,5.0,False,291.0,0.0008909806698765542,,259.27537493407726
group02_experiment04_subject_10_repeat5,fairness_model_prediction,0.295279260026291,group02_experiment04_subject_10,5.0,False,291.0,0.0010147053609150893,,295.279260026291
group02_experiment04_subject_10_repeat5,end_to_end_unknown_data,14.656440516933799,group02_experiment04_subject_10,5.0,False,291.0,0.0503657749722811,,14656.440516933799
group02_experiment04_subject_10_repeat5,cold_start_plus_end_to_end,22.75198504794389,group02_experiment04_subject_10,5.0,False,291.0,0.07818551562867317,,22751.98504794389
group02_experiment04_subject_16_repeat5,raw_csv_load,0.297613597009331,group02_experiment04_subject_16,5.0,False,291.0,0.00102272713748911,,297.613597009331
group02_experiment04_subject_16_repeat5,image_path_resolution,0.20008524414151907,group02_experiment04_subject_16,5.0,False,291.0,0.0006875781585619212,,200.08524414151907
group02_experiment04_subject_16_repeat5,temporal_sensor_image_alignment,1.113267492968589,group02_experiment04_subject_16,5.0,False,291.0,0.003825661487864567,,1113.267492968589
group02_experiment04_subject_16_repeat5,aggregated_parquet_write,0.019787528086453676,group02_experiment04_subject_16,5.0,False,291.0,6.799837830396452e-05,,19.787528086453676
group02_experiment04_subject_16_repeat5,aggregated_parquet_read_and_preprocessing,0.02091525704599917,group02_experiment04_subject_16,5.0,False,291.0,7.187373555326175e-05,,20.91525704599917
group02_experiment04_subject_16_repeat5,clip_vitl14_embeddings,12.419815586181358,group02_experiment04_subject_16,5.0,False,291.0,0.04267977864667133,,12419.815586181358
group02_experiment04_subject_16_repeat5,clip_feature_store_write_and_read,0.0205169590190053,group02_experiment04_subject_16,5.0,False,291.0,7.050501381101477e-05,,20.5169590190053
group02_experiment04_subject_16_repeat5,temporal_window_construction,0.25762188085354865,group02_experiment04_subject_16,5.0,False,291.0,0.0008852985596341878,,257.62188085354865
group02_experiment04_subject_16_repeat5,fairness_model_prediction,0.29899723804555833,group02_experiment04_subject_16,5.0,False,291.0,0.001027481917682331,,298.99723804555833
group02_experiment04_subject_16_repeat5,end_to_end_unknown_data,14.649829351808876,group02_experiment04_subject_16,5.0,False,291.0,0.05034305619178308,,14649.829351808876
group02_experiment04_subject_16_repeat5,cold_start_plus_end_to_end,22.745373882818967,group02_experiment04_subject_16,5.0,False,291.0,0.07816279684817515,,22745.373882818967
group02_experiment04_subject_20_repeat5,raw_csv_load,0.2859557271003723,group02_experiment04_subject_20,5.0,True,,,No rows remain after DIPSER sensor cleaning.,285.9557271003723
group02_experiment04_subject_20_repeat5,image_path_resolution,0.20607702690176666,group02_experiment04_subject_20,5.0,True,,,No rows remain after DIPSER sensor cleaning.,206.07702690176666
group02_experiment04_subject_20_repeat5,temporal_sensor_image_alignment,1.0595485540106893,group02_experiment04_subject_20,5.0,True,,,No rows remain after DIPSER sensor cleaning.,1059.5485540106893
group02_experiment04_subject_20_repeat5,aggregated_parquet_write,0.020030661951750517,group02_experiment04_subject_20,5.0,True,,,No rows remain after DIPSER sensor cleaning.,20.030661951750517
group02_experiment04_subject_20_repeat5,aggregated_parquet_read_and_preprocessing,0.017043655971065164,group02_experiment04_subject_20,5.0,True,,,No rows remain after DIPSER sensor cleaning.,17.043655971065164
group02_experiment05_subject_16_repeat5,raw_csv_load,0.2758733117952943,group02_experiment05_subject_16,5.0,False,291.0,0.0009480182535920766,,275.8733117952943
group02_experiment05_subject_16_repeat5,image_path_resolution,0.5759782278910279,group02_experiment05_subject_16,5.0,False,291.0,0.001979306625055079,,575.9782278910279
group02_experiment05_subject_16_repeat5,temporal_sensor_image_alignment,1.1586559230927378,group02_experiment05_subject_16,5.0,False,291.0,0.0039816354745454904,,1158.6559230927378
group02_experiment05_subject_16_repeat5,aggregated_parquet_write,0.020537674194201827,group02_experiment05_subject_16,5.0,False,291.0,7.0576199980075e-05,,20.537674194201827
group02_experiment05_subject_16_repeat5,aggregated_parquet_read_and_preprocessing,0.01832183892838657,group02_experiment05_subject_16,5.0,False,291.0,6.29616458020157e-05,,18.32183892838657
group02_experiment05_subject_16_repeat5,clip_vitl14_embeddings,10.58324572397396,group02_experiment05_subject_16,5.0,False,291.0,0.03636854200678337,,10583.24572397396
group02_experiment05_subject_16_repeat5,clip_feature_store_write_and_read,0.020713835023343563,group02_experiment05_subject_16,5.0,False,291.0,7.118156365410159e-05,,20.713835023343563
group02_experiment05_subject_16_repeat5,temporal_window_construction,0.2584458568599075,group02_experiment05_subject_16,5.0,False,291.0,0.0008881300923020876,,258.4458568599075
group02_experiment05_subject_16_repeat5,fairness_model_prediction,0.3000338110141456,group02_experiment05_subject_16,5.0,False,291.0,0.001031044024103593,,300.0338110141456
group02_experiment05_subject_16_repeat5,end_to_end_unknown_data,13.212909979978576,group02_experiment05_subject_16,5.0,False,291.0,0.045405188934634286,,13212.909979978576
group02_experiment05_subject_16_repeat5,cold_start_plus_end_to_end,21.308454510988668,group02_experiment05_subject_16,5.0,False,291.0,0.07322492959102635,,21308.454510988668
group02_experiment05_subject_20_repeat5,raw_csv_load,0.2916106330230832,group02_experiment05_subject_20,5.0,True,,,No rows remain after DIPSER sensor cleaning.,291.6106330230832
group02_experiment05_subject_20_repeat5,image_path_resolution,0.2668167632073164,group02_experiment05_subject_20,5.0,True,,,No rows remain after DIPSER sensor cleaning.,266.8167632073164
group02_experiment05_subject_20_repeat5,temporal_sensor_image_alignment,1.1337591628544033,group02_experiment05_subject_20,5.0,True,,,No rows remain after DIPSER sensor cleaning.,1133.7591628544033
group02_experiment05_subject_20_repeat5,aggregated_parquet_write,0.02345313783735037,group02_experiment05_subject_20,5.0,True,,,No rows remain after DIPSER sensor cleaning.,23.45313783735037
group02_experiment05_subject_20_repeat5,aggregated_parquet_read_and_preprocessing,0.022015123162418604,group02_experiment05_subject_20,5.0,True,,,No rows remain after DIPSER sensor cleaning.,22.015123162418604
group02_experiment06_subject_10_repeat5,raw_csv_load,0.2804676918312907,group02_experiment06_subject_10,5.0,False,291.0,0.0009638065011384561,,280.4676918312907
group02_experiment06_subject_10_repeat5,image_path_resolution,0.33558882609941065,group02_experiment06_subject_10,5.0,False,291.0,0.0011532262065271843,,335.58882609941065
group02_experiment06_subject_10_repeat5,temporal_sensor_image_alignment,1.073418668936938,group02_experiment06_subject_10,5.0,False,291.0,0.0036887239482369005,,1073.418668936938
group02_experiment06_subject_10_repeat5,aggregated_parquet_write,0.018266299040988088,group02_experiment06_subject_10,5.0,False,291.0,6.27707870824333e-05,,18.266299040988088
group02_experiment06_subject_10_repeat5,aggregated_parquet_read_and_preprocessing,0.018774676136672497,group02_experiment06_subject_10,5.0,False,291.0,6.45177874112457e-05,,18.774676136672497
group02_experiment06_subject_10_repeat5,clip_vitl14_embeddings,13.070592157077044,group02_experiment06_subject_10,5.0,False,291.0,0.044916124251123866,,13070.592157077044
group02_experiment06_subject_10_repeat5,clip_feature_store_write_and_read,0.020877174101769924,group02_experiment06_subject_10,5.0,False,291.0,7.174286632910626e-05,,20.877174101769924
group02_experiment06_subject_10_repeat5,temporal_window_construction,0.2568225560244173,group02_experiment06_subject_10,5.0,False,291.0,0.0008825517389155233,,256.8225560244173
group02_experiment06_subject_10_repeat5,fairness_model_prediction,0.30150434584356844,group02_experiment06_subject_10,5.0,False,291.0,0.0010360974083971424,,301.50434584356844
group02_experiment06_subject_10_repeat5,end_to_end_unknown_data,15.377469192026183,group02_experiment06_subject_10,5.0,False,291.0,0.05284353674235802,,15377.469192026183
group02_experiment06_subject_10_repeat5,cold_start_plus_end_to_end,23.473013723036274,group02_experiment06_subject_10,5.0,False,291.0,0.08066327739875008,,23473.013723036274
group02_experiment06_subject_16_repeat5,raw_csv_load,0.30620695091784,group02_experiment06_subject_16,5.0,False,291.0,0.0010522575632915465,,306.20695091784
group02_experiment06_subject_16_repeat5,image_path_resolution,0.21564925694838166,group02_experiment06_subject_16,5.0,False,291.0,0.0007410627386542325,,215.64925694838166
group02_experiment06_subject_16_repeat5,temporal_sensor_image_alignment,1.0923946381080896,group02_experiment06_subject_16,5.0,False,291.0,0.0037539334642889676,,1092.3946381080896
group02_experiment06_subject_16_repeat5,aggregated_parquet_write,0.01955828396603465,group02_experiment06_subject_16,5.0,False,291.0,6.721059782142492e-05,,19.55828396603465
group02_experiment06_subject_16_repeat5,aggregated_parquet_read_and_preprocessing,0.019502338021993637,group02_experiment06_subject_16,5.0,False,291.0,6.70183437181912e-05,,19.502338021993637
group02_experiment06_subject_16_repeat5,clip_vitl14_embeddings,12.998178350972012,group02_experiment06_subject_16,5.0,False,291.0,0.04466727955660485,,12998.178350972012
group02_experiment06_subject_16_repeat5,clip_feature_store_write_and_read,0.020933856023475528,group02_experiment06_subject_16,5.0,False,291.0,7.1937649565208e-05,,20.933856023475528
group02_experiment06_subject_16_repeat5,temporal_window_construction,0.25890139304101467,group02_experiment06_subject_16,5.0,False,291.0,0.0008896955087320091,,258.90139304101467
group02_experiment06_subject_16_repeat5,fairness_model_prediction,0.3030515748541802,group02_experiment06_subject_16,5.0,False,291.0,0.001041414346577939,,303.0515748541802
group02_experiment06_subject_16_repeat5,end_to_end_unknown_data,15.23545437399298,group02_experiment06_subject_16,5.0,False,291.0,0.05235551331269065,,15235.45437399298
group02_experiment06_subject_16_repeat5,cold_start_plus_end_to_end,23.33099890500307,group02_experiment06_subject_16,5.0,False,291.0,0.08017525396908272,,23330.99890500307
group02_experiment06_subject_20_repeat5,raw_csv_load,0.30035188398323953,group02_experiment06_subject_20,5.0,False,291.0,0.0010321370583616478,,300.35188398323953
group02_experiment06_subject_20_repeat5,image_path_resolution,0.198086426127702,group02_experiment06_subject_20,5.0,False,291.0,0.000680709368136433,,198.086426127702
group02_experiment06_subject_20_repeat5,temporal_sensor_image_alignment,1.1303707838524133,group02_experiment06_subject_20,5.0,False,291.0,0.0038844356833416267,,1130.3707838524133
group02_experiment06_subject_20_repeat5,aggregated_parquet_write,0.019779640017077327,group02_experiment06_subject_20,5.0,False,291.0,6.79712715363482e-05,,19.779640017077327
group02_experiment06_subject_20_repeat5,aggregated_parquet_read_and_preprocessing,0.0195750598795712,group02_experiment06_subject_20,5.0,False,291.0,6.726824700883574e-05,,19.5750598795712
group02_experiment06_subject_20_repeat5,clip_vitl14_embeddings,12.682676356984302,group02_experiment06_subject_20,5.0,False,291.0,0.04358308026455087,,12682.676356984302
group02_experiment06_subject_20_repeat5,clip_feature_store_write_and_read,0.021010102005675435,group02_experiment06_subject_20,5.0,False,291.0,7.219966324974376e-05,,21.010102005675435
group02_experiment06_subject_20_repeat5,temporal_window_construction,0.2614481260534376,group02_experiment06_subject_20,5.0,False,291.0,0.0008984471685685141,,261.4481260534376
group02_experiment06_subject_20_repeat5,fairness_model_prediction,0.29408063902519643,group02_experiment06_subject_20,5.0,False,291.0,0.0010105863884027368,,294.08063902519643
group02_experiment06_subject_20_repeat5,end_to_end_unknown_data,14.928462808020413,group02_experiment06_subject_20,5.0,False,291.0,0.051300559477733376,,14928.462808020413
group02_experiment06_subject_20_repeat5,cold_start_plus_end_to_end,23.024007339030504,group02_experiment06_subject_20,5.0,False,291.0,0.07912030013412544,,23024.007339030504
group02_experiment07_subject_10_repeat5,raw_csv_load,0.3022005339153111,group02_experiment07_subject_10,5.0,False,291.0,0.0010384898072691104,,302.2005339153111
group02_experiment07_subject_10_repeat5,image_path_resolution,0.1938511289190501,group02_experiment07_subject_10,5.0,False,291.0,0.0006661550821960485,,193.8511289190501
group02_experiment07_subject_10_repeat5,temporal_sensor_image_alignment,1.0973155449610204,group02_experiment07_subject_10,5.0,False,291.0,0.0037708437971169084,,1097.3155449610204
group02_experiment07_subject_10_repeat5,aggregated_parquet_write,0.020251203794032335,group02_experiment07_subject_10,5.0,False,291.0,6.959176561523139e-05,,20.251203794032335
group02_experiment07_subject_10_repeat5,aggregated_parquet_read_and_preprocessing,0.019196395995095372,group02_experiment07_subject_10,5.0,False,291.0,6.596699654671949e-05,,19.196395995095372
group02_experiment07_subject_10_repeat5,clip_vitl14_embeddings,9.434242772171274,group02_experiment07_subject_10,5.0,False,291.0,0.032420078254884105,,9434.242772171274
group02_experiment07_subject_10_repeat5,clip_feature_store_write_and_read,0.0206793500110507,group02_experiment07_subject_10,5.0,False,291.0,7.10630584572189e-05,,20.6793500110507
group02_experiment07_subject_10_repeat5,temporal_window_construction,0.2605689640622586,group02_experiment07_subject_10,5.0,False,291.0,0.0008954259933410949,,260.5689640622586
group02_experiment07_subject_10_repeat5,fairness_model_prediction,0.29995264182798564,group02_experiment07_subject_10,5.0,False,291.0,0.0010307650921923906,,299.95264182798564
group02_experiment07_subject_10_repeat5,end_to_end_unknown_data,11.649578262818977,group02_experiment07_subject_10,5.0,False,291.0,0.040032914992505074,,11649.578262818977
group02_experiment07_subject_10_repeat5,cold_start_plus_end_to_end,19.74512279382907,group02_experiment07_subject_10,5.0,False,291.0,0.06785265564889714,,19745.12279382907
group02_experiment07_subject_16_repeat5,raw_csv_load,0.3109181139152497,group02_experiment07_subject_16,5.0,False,291.0,0.0010684471268565282,,310.9181139152497
group02_experiment07_subject_16_repeat5,image_path_resolution,0.29337815195322037,group02_experiment07_subject_16,5.0,False,291.0,0.001008172343481857,,293.37815195322037
group02_experiment07_subject_16_repeat5,temporal_sensor_image_alignment,1.0977324300911278,group02_experiment07_subject_16,5.0,False,291.0,0.003772276392065731,,1097.7324300911278
group02_experiment07_subject_16_repeat5,aggregated_parquet_write,0.018839496886357665,group02_experiment07_subject_16,5.0,False,291.0,6.474053912837685e-05,,18.839496886357665
group02_experiment07_subject_16_repeat5,aggregated_parquet_read_and_preprocessing,0.018882527016103268,group02_experiment07_subject_16,5.0,False,291.0,6.48884089900456e-05,,18.882527016103268
group02_experiment07_subject_16_repeat5,clip_vitl14_embeddings,10.018885482801124,group02_experiment07_subject_16,5.0,False,291.0,0.034429159734711764,,10018.885482801124
group02_experiment07_subject_16_repeat5,clip_feature_store_write_and_read,0.02198517112992704,group02_experiment07_subject_16,5.0,False,291.0,7.55504162540448e-05,,21.98517112992704
group02_experiment07_subject_16_repeat5,temporal_window_construction,0.25791031401604414,group02_experiment07_subject_16,5.0,False,291.0,0.0008862897388867496,,257.91031401604414
group02_experiment07_subject_16_repeat5,fairness_model_prediction,0.3004631500225514,group02_experiment07_subject_16,5.0,False,291.0,0.0010325194158850564,,300.4631500225514
group02_experiment07_subject_16_repeat5,end_to_end_unknown_data,12.340057021006942,group02_experiment07_subject_16,5.0,False,291.0,0.042405694230264405,,12340.057021006942
group02_experiment07_subject_16_repeat5,cold_start_plus_end_to_end,20.435601552017033,group02_experiment07_subject_16,5.0,False,291.0,0.07022543488665647,,20435.601552017033
group02_experiment07_subject_20_repeat5,raw_csv_load,0.2859820439480245,group02_experiment07_subject_20,5.0,False,291.0,0.0009827561647698436,,285.9820439480245
group02_experiment07_subject_20_repeat5,image_path_resolution,0.18653708207421005,group02_experiment07_subject_20,5.0,False,291.0,0.00064102090059866,,186.53708207421005
group02_experiment07_subject_20_repeat5,temporal_sensor_image_alignment,1.056037028785795,group02_experiment07_subject_20,5.0,False,291.0,0.003628993226068024,,1056.037028785795
group02_experiment07_subject_20_repeat5,aggregated_parquet_write,0.019681202014908195,group02_experiment07_subject_20,5.0,False,291.0,6.76329966148048e-05,,19.681202014908195
group02_experiment07_subject_20_repeat5,aggregated_parquet_read_and_preprocessing,0.019333257107064128,group02_experiment07_subject_20,5.0,False,291.0,6.643730964626848e-05,,19.333257107064128
group02_experiment07_subject_20_repeat5,clip_vitl14_embeddings,9.419958491111174,group02_experiment07_subject_20,5.0,False,291.0,0.03237099137838891,,9419.958491111174
group02_experiment07_subject_20_repeat5,clip_feature_store_write_and_read,0.019929168978706002,group02_experiment07_subject_20,5.0,False,291.0,6.848511676531272e-05,,19.929168978706002
group02_experiment07_subject_20_repeat5,temporal_window_construction,0.25773140508681536,group02_experiment07_subject_20,5.0,False,291.0,0.0008856749315698122,,257.73140508681536
group02_experiment07_subject_20_repeat5,fairness_model_prediction,0.3046408330556005,group02_experiment07_subject_20,5.0,False,291.0,0.0010468757149676995,,304.6408330556005
group02_experiment07_subject_20_repeat5,end_to_end_unknown_data,11.570920084835961,group02_experiment07_subject_20,5.0,False,291.0,0.039762611975381314,,11570.920084835961
group02_experiment07_subject_20_repeat5,cold_start_plus_end_to_end,19.666464615846053,group02_experiment07_subject_20,5.0,False,291.0,0.06758235263177338,,19666.464615846053
group02_experiment08_subject_20_repeat5,raw_csv_load,0.28612140589393675,group02_experiment08_subject_20,5.0,False,290.0,0.0009866255375652992,,286.12140589393675
group02_experiment08_subject_20_repeat5,image_path_resolution,0.21742449700832367,group02_experiment08_subject_20,5.0,False,290.0,0.0007497396448562885,,217.42449700832367
group02_experiment08_subject_20_repeat5,temporal_sensor_image_alignment,1.0661844268906862,group02_experiment08_subject_20,5.0,False,290.0,0.003676498023760987,,1066.1844268906862
group02_experiment08_subject_20_repeat5,aggregated_parquet_write,0.02003091899678111,group02_experiment08_subject_20,5.0,False,290.0,6.9072134471659e-05,,20.03091899678111
group02_experiment08_subject_20_repeat5,aggregated_parquet_read_and_preprocessing,0.019464688142761588,group02_experiment08_subject_20,5.0,False,290.0,6.711961428538479e-05,,19.464688142761588
group02_experiment08_subject_20_repeat5,clip_vitl14_embeddings,12.0769764080178,group02_experiment08_subject_20,5.0,False,290.0,0.04164474623454414,,12076.9764080178
group02_experiment08_subject_20_repeat5,clip_feature_store_write_and_read,0.02040896494872868,group02_experiment08_subject_20,5.0,False,290.0,7.037574120251269e-05,,20.40896494872868
group02_experiment08_subject_20_repeat5,temporal_window_construction,0.2558805299922824,group02_experiment08_subject_20,5.0,False,290.0,0.0008823466551458013,,255.8805299922824
group02_experiment08_subject_20_repeat5,fairness_model_prediction,0.30049187992699444,group02_experiment08_subject_20,5.0,False,290.0,0.0010361788962999809,,300.49187992699444
group02_experiment08_subject_20_repeat5,end_to_end_unknown_data,14.264124885899946,group02_experiment08_subject_20,5.0,False,290.0,0.04918663753758602,,14264.124885899946
group02_experiment08_subject_20_repeat5,cold_start_plus_end_to_end,22.359669416910037,group02_experiment08_subject_20,5.0,False,290.0,0.07710230833417255,,22359.669416910037
group02_experiment09_subject_10_repeat5,raw_csv_load,0.2906871249433607,group02_experiment09_subject_10,5.0,False,291.0,0.0009989248279840574,,290.6871249433607
group02_experiment09_subject_10_repeat5,image_path_resolution,0.23558656102977693,group02_experiment09_subject_10,5.0,False,291.0,0.0008095758110988898,,235.58656102977693
group02_experiment09_subject_10_repeat5,temporal_sensor_image_alignment,1.062924006022513,group02_experiment09_subject_10,5.0,False,291.0,0.0036526598145103536,,1062.924006022513
group02_experiment09_subject_10_repeat5,aggregated_parquet_write,0.019468561047688127,group02_experiment09_subject_10,5.0,False,291.0,6.690227164153995e-05,,19.468561047688127
group02_experiment09_subject_10_repeat5,aggregated_parquet_read_and_preprocessing,0.018880321877077222,group02_experiment09_subject_10,5.0,False,291.0,6.488083119270523e-05,,18.880321877077222
group02_experiment09_subject_10_repeat5,clip_vitl14_embeddings,9.39616381097585,group02_experiment09_subject_10,5.0,False,291.0,0.03228922271813007,,9396.16381097585
group02_experiment09_subject_10_repeat5,clip_feature_store_write_and_read,0.020868123974651098,group02_experiment09_subject_10,5.0,False,291.0,7.171176623591443e-05,,20.8681239746511
group02_experiment09_subject_10_repeat5,temporal_window_construction,0.2579117729328573,group02_experiment09_subject_10,5.0,False,291.0,0.0008862947523465886,,257.9117729328573
group02_experiment09_subject_10_repeat5,fairness_model_prediction,0.29370983387343585,group02_experiment09_subject_10,5.0,False,291.0,0.0010093121438949685,,293.70983387343585
group02_experiment09_subject_10_repeat5,end_to_end_unknown_data,11.597298041917384,group02_experiment09_subject_10,5.0,False,291.0,0.03985325787600476,,11597.298041917384
group02_experiment09_subject_10_repeat5,cold_start_plus_end_to_end,19.692842572927475,group02_experiment09_subject_10,5.0,False,291.0,0.06767299853239682,,19692.842572927475
group02_experiment09_subject_16_repeat5,raw_csv_load,0.2889152318239212,group02_experiment09_subject_16,5.0,False,290.0,0.000996259420082487,,288.9152318239212
group02_experiment09_subject_16_repeat5,image_path_resolution,0.1974144720006734,group02_experiment09_subject_16,5.0,False,290.0,0.0006807395586230118,,197.4144720006734
group02_experiment09_subject_16_repeat5,temporal_sensor_image_alignment,1.0984913080465049,group02_experiment09_subject_16,5.0,False,290.0,0.003787901062229327,,1098.4913080465049
group02_experiment09_subject_16_repeat5,aggregated_parquet_write,0.01963065192103386,group02_experiment09_subject_16,5.0,False,290.0,6.769190317597883e-05,,19.63065192103386
group02_experiment09_subject_16_repeat5,aggregated_parquet_read_and_preprocessing,0.019994464935734868,group02_experiment09_subject_16,5.0,False,290.0,6.894643081287886e-05,,19.994464935734868
group02_experiment09_subject_16_repeat5,clip_vitl14_embeddings,10.443682873854414,group02_experiment09_subject_16,5.0,False,290.0,0.03601269956501522,,10443.682873854414
group02_experiment09_subject_16_repeat5,clip_feature_store_write_and_read,0.02347870497033,group02_experiment09_subject_16,5.0,False,290.0,8.096105162182758e-05,,23.47870497033
group02_experiment09_subject_16_repeat5,temporal_window_construction,0.26032641204074025,group02_experiment09_subject_16,5.0,False,290.0,0.0008976772828991044,,260.32641204074025
group02_experiment09_subject_16_repeat5,fairness_model_prediction,0.29671830707229674,group02_experiment09_subject_16,5.0,False,290.0,0.001023166576111368,,296.71830707229674
group02_experiment09_subject_16_repeat5,end_to_end_unknown_data,12.649810082977638,group02_experiment09_subject_16,5.0,False,290.0,0.043620034768888406,,12649.810082977638
group02_experiment09_subject_16_repeat5,cold_start_plus_end_to_end,20.74535461398773,group02_experiment09_subject_16,5.0,False,290.0,0.07153570556547492,,20745.35461398773
group02_experiment09_subject_20_repeat5,raw_csv_load,0.32428200100548565,group02_experiment09_subject_20,5.0,False,291.0,0.0011143711374758958,,324.28200100548565
group02_experiment09_subject_20_repeat5,image_path_resolution,0.2257250400725752,group02_experiment09_subject_20,5.0,False,291.0,0.0007756874229298117,,225.7250400725752
group02_experiment09_subject_20_repeat5,temporal_sensor_image_alignment,1.1382168978452682,group02_experiment09_subject_20,5.0,False,291.0,0.003911398274382365,,1138.2168978452682
group02_experiment09_subject_20_repeat5,aggregated_parquet_write,0.020561303943395615,group02_experiment09_subject_20,5.0,False,291.0,7.065740186733888e-05,,20.561303943395615
group02_experiment09_subject_20_repeat5,aggregated_parquet_read_and_preprocessing,0.01891477801837027,group02_experiment09_subject_20,5.0,False,291.0,6.499923717653014e-05,,18.91477801837027
group02_experiment09_subject_20_repeat5,clip_vitl14_embeddings,10.902546275174245,group02_experiment09_subject_20,5.0,False,291.0,0.03746579476004895,,10902.546275174245
group02_experiment09_subject_20_repeat5,clip_feature_store_write_and_read,0.022520808968693018,group02_experiment09_subject_20,5.0,False,291.0,7.739109611234714e-05,,22.520808968693018
group02_experiment09_subject_20_repeat5,temporal_window_construction,0.2658407250419259,group02_experiment09_subject_20,5.0,False,291.0,0.0009135420104533536,,265.8407250419259
group02_experiment09_subject_20_repeat5,fairness_model_prediction,0.297312238952145,group02_experiment09_subject_20,5.0,False,291.0,0.0010216915427908762,,297.312238952145
group02_experiment09_subject_20_repeat5,end_to_end_unknown_data,13.21701935492456,group02_experiment09_subject_20,5.0,False,291.0,0.045419310498022544,,13217.01935492456
group02_experiment09_subject_20_repeat5,cold_start_plus_end_to_end,21.31256388593465,group02_experiment09_subject_20,5.0,False,291.0,0.0732390511544146,,21312.56388593465
group03_experiment01_subject_11_repeat5,raw_csv_load,0.30526152998209,group03_experiment01_subject_11,5.0,False,290.0,0.0010526259654554827,,305.26152998209
group03_experiment01_subject_11_repeat5,image_path_resolution,0.2978312629275024,group03_experiment01_subject_11,5.0,False,290.0,0.001027004354922422,,297.8312629275024
group03_experiment01_subject_11_repeat5,temporal_sensor_image_alignment,1.0691473360639066,group03_experiment01_subject_11,5.0,False,290.0,0.0036867149519445052,,1069.1473360639066
group03_experiment01_subject_11_repeat5,aggregated_parquet_write,0.019600446103140712,group03_experiment01_subject_11,5.0,False,290.0,6.758774518324383e-05,,19.600446103140712
group03_experiment01_subject_11_repeat5,aggregated_parquet_read_and_preprocessing,0.019631254952400923,group03_experiment01_subject_11,5.0,False,290.0,6.769398259448594e-05,,19.631254952400923
group03_experiment01_subject_11_repeat5,clip_vitl14_embeddings,10.254433446098119,group03_experiment01_subject_11,5.0,False,290.0,0.03536011533137282,,10254.433446098119
group03_experiment01_subject_11_repeat5,clip_feature_store_write_and_read,0.019753748085349798,group03_experiment01_subject_11,5.0,False,290.0,6.811637270810275e-05,,19.753748085349798
group03_experiment01_subject_11_repeat5,temporal_window_construction,0.2522404440678656,group03_experiment01_subject_11,5.0,False,290.0,0.000869794634716778,,252.2404440678656
group03_experiment01_subject_11_repeat5,fairness_model_prediction,0.29728637216612697,group03_experiment01_subject_11,5.0,False,290.0,0.0010251254212625069,,297.28637216612697
group03_experiment01_subject_11_repeat5,end_to_end_unknown_data,12.536278978921473,group03_experiment01_subject_11,5.0,False,290.0,0.043228548203177494,,12536.278978921473
group03_experiment01_subject_11_repeat5,cold_start_plus_end_to_end,20.631823509931564,group03_experiment01_subject_11,5.0,False,290.0,0.07114421899976402,,20631.823509931564
group03_experiment02_subject_11_repeat5,raw_csv_load,0.29128821589984,group03_experiment02_subject_11,5.0,False,291.0,0.0010009904326454982,,291.28821589984
group03_experiment02_subject_11_repeat5,image_path_resolution,0.1919294260442257,group03_experiment02_subject_11,5.0,False,291.0,0.0006595512922481983,,191.9294260442257
group03_experiment02_subject_11_repeat5,temporal_sensor_image_alignment,1.0849184149410576,group03_experiment02_subject_11,5.0,False,291.0,0.0037282419757424658,,1084.9184149410576
group03_experiment02_subject_11_repeat5,aggregated_parquet_write,0.019772953120991588,group03_experiment02_subject_11,5.0,False,291.0,6.794829251199859e-05,,19.772953120991588
group03_experiment02_subject_11_repeat5,aggregated_parquet_read_and_preprocessing,0.019263656111434102,group03_experiment02_subject_11,5.0,False,291.0,6.61981309671275e-05,,19.263656111434102
group03_experiment02_subject_11_repeat5,clip_vitl14_embeddings,9.966126814018935,group03_experiment02_subject_11,5.0,False,291.0,0.03424785846741902,,9966.126814018935
group03_experiment02_subject_11_repeat5,clip_feature_store_write_and_read,0.02016212814487517,group03_experiment02_subject_11,5.0,False,291.0,6.928566372809336e-05,,20.16212814487517
group03_experiment02_subject_11_repeat5,temporal_window_construction,0.25682325498200953,group03_experiment02_subject_11,5.0,False,291.0,0.0008825541408316479,,256.82325498200953
group03_experiment02_subject_11_repeat5,fairness_model_prediction,0.2915449400898069,group03_experiment02_subject_11,5.0,False,291.0,0.0010018726463567249,,291.5449400898069
group03_experiment02_subject_11_repeat5,end_to_end_unknown_data,12.143189032794908,group03_experiment02_subject_11,5.0,False,291.0,0.04172917193400312,,12143.189032794908
group03_experiment02_subject_11_repeat5,cold_start_plus_end_to_end,20.238733563805,group03_experiment02_subject_11,5.0,False,291.0,0.06954891259039518,,20238.733563805
group03_experiment03_subject_11_repeat5,raw_csv_load,0.29148219409398735,group03_experiment03_subject_11,5.0,False,290.0,0.0010051110141171978,,291.48219409398735
group03_experiment03_subject_11_repeat5,image_path_resolution,0.19684697594493628,group03_experiment03_subject_11,5.0,False,290.0,0.000678782675672194,,196.84697594493628
group03_experiment03_subject_11_repeat5,temporal_sensor_image_alignment,1.0590675629209727,group03_experiment03_subject_11,5.0,False,290.0,0.0036519571135205956,,1059.0675629209727
group03_experiment03_subject_11_repeat5,aggregated_parquet_write,0.019082819810137153,group03_experiment03_subject_11,5.0,False,290.0,6.580282693150742e-05,,19.082819810137153
group03_experiment03_subject_11_repeat5,aggregated_parquet_read_and_preprocessing,0.018825561041012406,group03_experiment03_subject_11,5.0,False,290.0,6.491572772762898e-05,,18.825561041012406
group03_experiment03_subject_11_repeat5,clip_vitl14_embeddings,9.697668818058446,group03_experiment03_subject_11,5.0,False,290.0,0.03344023730364981,,9697.668818058446
group03_experiment03_subject_11_repeat5,clip_feature_store_write_and_read,0.02134820306673646,group03_experiment03_subject_11,5.0,False,290.0,7.3614493333574e-05,,21.34820306673646
group03_experiment03_subject_11_repeat5,temporal_window_construction,0.2590018648188561,group03_experiment03_subject_11,5.0,False,290.0,0.0008931098786857108,,259.0018648188561
group03_experiment03_subject_11_repeat5,fairness_model_prediction,0.2935058770235628,group03_experiment03_subject_11,5.0,False,290.0,0.0010120892311157338,,293.5058770235628
group03_experiment03_subject_11_repeat5,end_to_end_unknown_data,11.857970413053408,group03_experiment03_subject_11,5.0,False,290.0,0.04088955314846003,,11857.970413053408
group03_experiment03_subject_11_repeat5,cold_start_plus_end_to_end,19.9535149440635,group03_experiment03_subject_11,5.0,False,290.0,0.06880522394504655,,19953.5149440635
group03_experiment04_subject_11_repeat5,raw_csv_load,0.29325352888554335,group03_experiment04_subject_11,5.0,False,291.0,0.0010077440855173312,,293.25352888554335
group03_experiment04_subject_11_repeat5,image_path_resolution,0.24230175116099417,group03_experiment04_subject_11,5.0,False,291.0,0.0008326520658453408,,242.30175116099417
group03_experiment04_subject_11_repeat5,temporal_sensor_image_alignment,1.1090156252030283,group03_experiment04_subject_11,5.0,False,291.0,0.003811050258429651,,1109.0156252030283
group03_experiment04_subject_11_repeat5,aggregated_parquet_write,0.019803544972091913,group03_experiment04_subject_11,5.0,False,291.0,6.805341914808218e-05,,19.803544972091913
group03_experiment04_subject_11_repeat5,aggregated_parquet_read_and_preprocessing,0.01926650502718985,group03_experiment04_subject_11,5.0,False,291.0,6.620792105563523e-05,,19.26650502718985
group03_experiment04_subject_11_repeat5,clip_vitl14_embeddings,13.053471161052585,group03_experiment04_subject_11,5.0,False,291.0,0.04485728921323912,,13053.471161052585
group03_experiment04_subject_11_repeat5,clip_feature_store_write_and_read,0.022196787875145674,group03_experiment04_subject_11,5.0,False,291.0,7.627762156407448e-05,,22.196787875145674
group03_experiment04_subject_11_repeat5,temporal_window_construction,0.25914712296798825,group03_experiment04_subject_11,5.0,False,291.0,0.00089053994147075,,259.14712296798825
group03_experiment04_subject_11_repeat5,fairness_model_prediction,0.2921954959165305,group03_experiment04_subject_11,5.0,False,291.0,0.0010041082333901391,,292.1954959165305
group03_experiment04_subject_11_repeat5,end_to_end_unknown_data,15.312000152887776,group03_experiment04_subject_11,5.0,False,291.0,0.05261855722641848,,15312.000152887776
group03_experiment04_subject_11_repeat5,cold_start_plus_end_to_end,23.407544683897868,group03_experiment04_subject_11,5.0,False,291.0,0.08043829788281054,,23407.544683897868
group03_experiment05_subject_11_repeat5,raw_csv_load,0.3282830258831382,group03_experiment05_subject_11,5.0,False,291.0,0.0011281203638595814,,328.2830258831382
group03_experiment05_subject_11_repeat5,image_path_resolution,0.3034034678712487,group03_experiment05_subject_11,5.0,False,291.0,0.0010426236009321262,,303.4034678712487
group03_experiment05_subject_11_repeat5,temporal_sensor_image_alignment,1.1171185988932848,group03_experiment05_subject_11,5.0,False,291.0,0.0038388955288429032,,1117.1185988932848
group03_experiment05_subject_11_repeat5,aggregated_parquet_write,0.019489362835884094,group03_experiment05_subject_11,5.0,False,291.0,6.697375544977352e-05,,19.489362835884094
group03_experiment05_subject_11_repeat5,aggregated_parquet_read_and_preprocessing,0.01906161499209702,group03_experiment05_subject_11,5.0,False,291.0,6.550383158796227e-05,,19.06161499209702
group03_experiment05_subject_11_repeat5,clip_vitl14_embeddings,10.207558616995811,group03_experiment05_subject_11,5.0,False,291.0,0.035077521020604165,,10207.558616995811
group03_experiment05_subject_11_repeat5,clip_feature_store_write_and_read,0.020269362023100257,group03_experiment05_subject_11,5.0,False,291.0,6.965416502783594e-05,,20.269362023100257
group03_experiment05_subject_11_repeat5,temporal_window_construction,0.26331903389655054,group03_experiment05_subject_11,5.0,False,291.0,0.0009048764051427853,,263.31903389655054
group03_experiment05_subject_11_repeat5,fairness_model_prediction,0.2934034699574113,group03_experiment05_subject_11,5.0,False,291.0,0.001008259346932685,,293.4034699574113
group03_experiment05_subject_11_repeat5,end_to_end_unknown_data,12.573290277970955,group03_experiment05_subject_11,5.0,False,291.0,0.04320718308581084,,12573.290277970955
group03_experiment05_subject_11_repeat5,cold_start_plus_end_to_end,20.668834808981046,group03_experiment05_subject_11,5.0,False,291.0,0.0710269237422029,,20668.834808981046
group03_experiment06_subject_11_repeat5,raw_csv_load,0.32821577205322683,group03_experiment06_subject_11,5.0,False,289.0,0.001135694712986944,,328.21577205322683
group03_experiment06_subject_11_repeat5,image_path_resolution,0.23618084797635674,group03_experiment06_subject_11,5.0,False,289.0,0.0008172347680842794,,236.18084797635674
group03_experiment06_subject_11_repeat5,temporal_sensor_image_alignment,1.0838760880287737,group03_experiment06_subject_11,5.0,False,289.0,0.0037504362907570025,,1083.8760880287737
group03_experiment06_subject_11_repeat5,aggregated_parquet_write,0.019408778054639697,group03_experiment06_subject_11,5.0,False,289.0,6.715840157314774e-05,,19.408778054639697
group03_experiment06_subject_11_repeat5,aggregated_parquet_read_and_preprocessing,0.01935003697872162,group03_experiment06_subject_11,5.0,False,289.0,6.69551452550921e-05,,19.35003697872162
group03_experiment06_subject_11_repeat5,clip_vitl14_embeddings,10.248562655877322,group03_experiment06_subject_11,5.0,False,289.0,0.03546215451860665,,10248.562655877322
group03_experiment06_subject_11_repeat5,clip_feature_store_write_and_read,0.020793557865545154,group03_experiment06_subject_11,5.0,False,289.0,7.195002721641922e-05,,20.793557865545154
group03_experiment06_subject_11_repeat5,temporal_window_construction,0.2529828760307282,group03_experiment06_subject_11,5.0,False,289.0,0.0008753732734627274,,252.98287603072822
group03_experiment06_subject_11_repeat5,fairness_model_prediction,0.2992213540710509,group03_experiment06_subject_11,5.0,False,289.0,0.0010353680071662661,,299.2213540710509
group03_experiment06_subject_11_repeat5,end_to_end_unknown_data,12.509714009938762,group03_experiment06_subject_11,5.0,False,289.0,0.04328620764684692,,12509.714009938762
group03_experiment06_subject_11_repeat5,cold_start_plus_end_to_end,20.605258540948853,group03_experiment06_subject_11,5.0,False,289.0,0.07129847246003063,,20605.258540948853
group03_experiment07_subject_11_repeat5,raw_csv_load,0.284525902941823,group03_experiment07_subject_11,5.0,False,291.0,0.0009777522437863333,,284.525902941823
group03_experiment07_subject_11_repeat5,image_path_resolution,0.21137032890692353,group03_experiment07_subject_11,5.0,False,291.0,0.0007263585185804932,,211.37032890692353
group03_experiment07_subject_11_repeat5,temporal_sensor_image_alignment,1.0308380089700222,group03_experiment07_subject_11,5.0,False,291.0,0.003542398656254372,,1030.8380089700222
group03_experiment07_subject_11_repeat5,aggregated_parquet_write,0.019075962947681546,group03_experiment07_subject_11,5.0,False,291.0,6.555313727725617e-05,,19.075962947681546
group03_experiment07_subject_11_repeat5,aggregated_parquet_read_and_preprocessing,0.01869488600641489,group03_experiment07_subject_11,5.0,False,291.0,6.424359452376251e-05,,18.69488600641489
group03_experiment07_subject_11_repeat5,clip_vitl14_embeddings,9.360161087010056,group03_experiment07_subject_11,5.0,False,291.0,0.032165502017216685,,9360.161087010056
group03_experiment07_subject_11_repeat5,clip_feature_store_write_and_read,0.019990884931758046,group03_experiment07_subject_11,5.0,False,291.0,6.869719907820635e-05,,19.990884931758046
group03_experiment07_subject_11_repeat5,temporal_window_construction,0.2577834869734943,group03_experiment07_subject_11,5.0,False,291.0,0.00088585390712541,,257.7834869734943
group03_experiment07_subject_11_repeat5,fairness_model_prediction,0.2921547519508749,group03_experiment07_subject_11,5.0,False,291.0,0.0010039682197624568,,292.1547519508749
group03_experiment07_subject_11_repeat5,end_to_end_unknown_data,11.495647005969658,group03_experiment07_subject_11,5.0,False,291.0,0.039503941601270305,,11495.647005969658
group03_experiment07_subject_11_repeat5,cold_start_plus_end_to_end,19.59119153697975,group03_experiment07_subject_11,5.0,False,291.0,0.06732368225766237,,19591.19153697975
group03_experiment08_subject_11_repeat5,raw_csv_load,0.29909723182208836,group03_experiment08_subject_11,5.0,False,290.0,0.001031369764903753,,299.09723182208836
group03_experiment08_subject_11_repeat5,image_path_resolution,0.23081370978616178,group03_experiment08_subject_11,5.0,False,290.0,0.0007959093440902131,,230.81370978616178
group03_experiment08_subject_11_repeat5,temporal_sensor_image_alignment,1.0440412901807576,group03_experiment08_subject_11,5.0,False,290.0,0.0036001423799336472,,1044.0412901807576
group03_experiment08_subject_11_repeat5,aggregated_parquet_write,0.019552268087863922,group03_experiment08_subject_11,5.0,False,290.0,6.742161409608249e-05,,19.552268087863922
group03_experiment08_subject_11_repeat5,aggregated_parquet_read_and_preprocessing,0.01906059915199876,group03_experiment08_subject_11,5.0,False,290.0,6.57262039724095e-05,,19.06059915199876
group03_experiment08_subject_11_repeat5,clip_vitl14_embeddings,12.990558097139001,group03_experiment08_subject_11,5.0,False,290.0,0.04479502792116897,,12990.558097139
group03_experiment08_subject_11_repeat5,clip_feature_store_write_and_read,0.01971162110567093,group03_experiment08_subject_11,5.0,False,290.0,6.797110726093424e-05,,19.71162110567093
group03_experiment08_subject_11_repeat5,temporal_window_construction,0.25433047907426953,group03_experiment08_subject_11,5.0,False,290.0,0.0008770016519802397,,254.33047907426953
group03_experiment08_subject_11_repeat5,fairness_model_prediction,0.2988802751060575,group03_experiment08_subject_11,5.0,False,290.0,0.00103062163829675,,298.8802751060575
group03_experiment08_subject_11_repeat5,end_to_end_unknown_data,15.177140949992463,group03_experiment08_subject_11,5.0,False,290.0,0.05233496879307746,,15177.140949992463
group03_experiment08_subject_11_repeat5,cold_start_plus_end_to_end,23.272685481002554,group03_experiment08_subject_11,5.0,False,290.0,0.08025063958966398,,23272.685481002554
group03_experiment09_subject_11_repeat5,raw_csv_load,0.29546846891753376,group03_experiment09_subject_11,5.0,False,291.0,0.001015355563290494,,295.46846891753376
group03_experiment09_subject_11_repeat5,image_path_resolution,0.2455472608562559,group03_experiment09_subject_11,5.0,False,291.0,0.0008438050201245907,,245.5472608562559
group03_experiment09_subject_11_repeat5,temporal_sensor_image_alignment,1.100854670861736,group03_experiment09_subject_11,5.0,False,291.0,0.003783005741792907,,1100.854670861736
group03_experiment09_subject_11_repeat5,aggregated_parquet_write,0.01951857702806592,group03_experiment09_subject_11,5.0,False,291.0,6.707414786276949e-05,,19.51857702806592
group03_experiment09_subject_11_repeat5,aggregated_parquet_read_and_preprocessing,0.018742804182693362,group03_experiment09_subject_11,5.0,False,291.0,6.440826179619712e-05,,18.742804182693362
group03_experiment09_subject_11_repeat5,clip_vitl14_embeddings,10.30012857588008,group03_experiment09_subject_11,5.0,False,291.0,0.03539563084494873,,10300.12857588008
group03_experiment09_subject_11_repeat5,clip_feature_store_write_and_read,0.01968743116594851,group03_experiment09_subject_11,5.0,False,291.0,6.765440263212546e-05,,19.68743116594851
group03_experiment09_subject_11_repeat5,temporal_window_construction,0.25998871796764433,group03_experiment09_subject_11,5.0,False,291.0,0.0008934320205073688,,259.98871796764433
group03_experiment09_subject_11_repeat5,fairness_model_prediction,0.29225935880094767,group03_experiment09_subject_11,5.0,False,291.0,0.001004327693474047,,292.25935880094767
group03_experiment09_subject_11_repeat5,end_to_end_unknown_data,12.55329710780643,group03_experiment09_subject_11,5.0,False,291.0,0.04313847803369907,,12553.29710780643
group03_experiment09_subject_11_repeat5,cold_start_plus_end_to_end,20.64884163881652,group03_experiment09_subject_11,5.0,False,291.0,0.07095821869009114,,20648.84163881652
